[시군구별 및 성별 및 연령별 조울증 진료현황],,,,,,,,,,,,,,,,,,
,,,,,,,,,,,,,,,,,,
,,,,,,,,,,,,,,,,,"(단위: 원, 일, 명)",
시도,시군구,성별,연령구분, 2019년 ,,, 2020년 ,,, 2021년 ,,, 2022년 ,,, 2023년 ,,
,,,,요양급여비용,입내원일수,환자수,요양급여비용,입내원일수,환자수,요양급여비용,입내원일수,환자수,요양급여비용,입내원일수,환자수,요양급여비용,입내원일수,환자수
서울,강남구,남,0~9세, - , - , - , - , - , - ," 7,350,920 ", 129 , 17 ," 9,653,770 ", 155 , 20 ," 7,553,980 ", 137 , 19 
서울,강남구,남,10~19세," 153,733,560 "," 1,095 ", 120 ," 86,805,070 ", 891 , 120 ," 136,072,330 "," 1,156 ", 153 ," 187,028,170 "," 1,504 ", 187 ," 154,549,180 "," 1,543 ", 219 
서울,강남구,남,20~29세," 460,511,380 "," 4,354 ", 521 ," 451,365,950 "," 4,269 ", 535 ," 491,257,190 "," 4,420 ", 629 ," 573,151,310 "," 5,357 ", 664 ," 514,317,760 "," 4,796 ", 670 
서울,강남구,남,30~39세," 263,847,510 "," 2,437 ", 337 ," 197,602,980 "," 2,321 ", 345 ," 297,469,990 "," 2,860 ", 371 ," 327,025,620 "," 3,155 ", 443 ," 366,005,850 "," 3,338 ", 514 
서울,강남구,남,40~49세," 179,570,430 "," 1,910 ", 253 ," 133,273,390 "," 1,744 ", 244 ," 191,420,770 "," 2,036 ", 269 ," 191,300,150 "," 1,910 ", 278 ," 177,456,870 "," 1,834 ", 281 
서울,강남구,남,50~59세," 106,286,470 "," 1,303 ", 177 ," 131,304,670 "," 1,329 ", 166 ," 149,304,760 "," 1,320 ", 178 ," 124,564,860 "," 1,307 ", 193 ," 148,706,500 "," 1,444 ", 198 
서울,강남구,남,60~69세," 56,859,230 ", 796 , 121 ," 66,628,380 ", 701 , 116 ," 73,110,930 ", 797 , 138 ," 79,613,410 ", 863 , 138 ," 92,979,100 ", 953 , 158 
서울,강남구,남,70~79세," 54,580,300 ", 448 , 79 ," 64,518,710 ", 517 , 84 ," 52,856,670 ", 464 , 91 ," 50,512,100 ", 498 , 99 ," 77,088,150 ", 657 , 108 
서울,강남구,남,80~89세," 7,562,560 ", 102 , 25 ," 7,650,080 ", 132 , 29 ," 12,509,910 ", 203 , 39 ," 11,390,930 ", 212 , 41 ," 10,239,420 ", 174 , 50 
서울,강남구,남,90~99세, - , - , - ," 935,750 ", 22 , 10 ," 1,642,380 ", 54 , 14 , - , - , - , - , - , - 
서울,강남구,남,100세 이상, - , - , - , - , - , - , - , - , - , - , - , - , - , - , - 
서울,강남구,여,0~9세, - , - , - , - , - , - , - , - , - , - , - , - , - , - , - 
서울,강남구,여,10~19세," 409,655,170 "," 2,295 ", 167 ," 295,000,280 "," 1,764 ", 160 ," 426,766,620 "," 2,580 ", 257 ," 554,984,860 "," 3,494 ", 316 ," 348,678,310 "," 2,779 ", 334 
서울,강남구,여,20~29세," 943,269,380 "," 7,247 ", 756 ," 1,058,282,330 "," 9,038 ", 993 ," 1,694,299,470 "," 12,393 "," 1,257 "," 1,903,477,640 "," 14,223 "," 1,534 "," 1,705,108,180 "," 13,727 "," 1,605 "
서울,강남구,여,30~39세," 494,153,900 "," 4,766 ", 604 ," 548,580,530 "," 5,454 ", 660 ," 697,947,510 "," 6,537 ", 827 ," 909,260,930 "," 7,988 ", 984 ," 1,056,531,580 "," 9,056 "," 1,130 "
서울,강남구,여,40~49세," 294,181,260 "," 3,126 ", 402 ," 311,228,910 "," 3,231 ", 410 ," 394,774,770 "," 3,798 ", 491 ," 495,263,880 "," 4,275 ", 546 ," 467,487,810 "," 4,231 ", 574 
서울,강남구,여,50~59세," 205,873,990 "," 2,129 ", 289 ," 187,547,400 "," 1,970 ", 284 ," 191,951,000 "," 1,905 ", 291 ," 288,962,680 "," 2,395 ", 311 ," 255,607,160 "," 2,314 ", 335 
서울,강남구,여,60~69세," 133,707,660 "," 1,516 ", 221 ," 120,491,690 "," 1,544 ", 223 ," 212,305,490 "," 1,775 ", 247 ," 157,149,770 "," 1,518 ", 247 ," 131,693,920 "," 1,441 ", 246 
서울,강남구,여,70~79세," 66,448,990 ", 593 , 104 ," 55,191,040 ", 584 , 99 ," 80,501,990 ", 763 , 130 ," 67,784,540 ", 769 , 142 ," 106,102,410 ", 831 , 143 
서울,강남구,여,80~89세," 11,332,630 ", 137 , 33 ," 11,939,640 ", 203 , 56 ," 35,057,770 ", 461 , 82 ," 21,269,300 ", 437 , 89 ," 20,975,870 ", 445 , 93 
서울,강남구,여,90~99세, - , - , - ," 1,136,240 ", 39 , 14 ," 3,338,900 ", 143 , 19 ," 2,061,700 ", 137 , 22 ," 4,253,200 ", 169 , 28 
서울,강남구,여,100세 이상, - , - , - , - , - , - , - , - , - , - , - , - , - , - , - 
서울,강동구,남,0~9세, - , - , - , - , - , - , - , - , - , - , - , - , - , - , - 
서울,강동구,남,10~19세," 6,111,500 ", 127 , 27 ," 13,858,550 ", 144 , 30 ," 11,738,080 ", 152 , 26 ," 18,350,790 ", 245 , 38 ," 23,239,200 ", 314 , 43 
서울,강동구,남,20~29세," 77,615,800 "," 1,041 ", 152 ," 54,784,060 ", 902 , 151 ," 84,831,670 "," 1,136 ", 159 ," 106,084,840 "," 1,432 ", 160 ," 90,574,700 "," 1,142 ", 174 
서울,강동구,남,30~39세," 47,917,460 ", 898 , 102 ," 54,682,610 "," 1,003 ", 107 ," 61,454,030 ", 994 , 107 ," 70,216,130 ", 995 , 112 ," 63,670,650 ", 881 , 123 
서울,강동구,남,40~49세," 60,149,510 ", 927 , 94 ," 54,465,680 ", 853 , 108 ," 71,667,710 "," 1,105 ", 127 ," 71,358,670 "," 1,070 ", 113 ," 90,240,620 "," 1,100 ", 104 
서울,강동구,남,50~59세," 67,837,010 "," 1,082 ", 113 ," 99,117,840 "," 1,322 ", 99 ," 149,357,330 "," 1,550 ", 100 ," 50,152,320 ", 805 , 103 ," 59,488,660 ", 768 , 96 
서울,강동구,남,60~69세," 52,271,040 ", 871 , 119 ," 92,017,240 "," 1,177 ", 116 ," 72,555,030 ", 979 , 115 ," 48,536,910 ", 764 , 89 ," 61,248,150 ", 796 , 100 
서울,강동구,남,70~79세," 59,885,170 ", 698 , 96 ," 60,425,080 ", 798 , 104 ," 51,098,560 ", 740 , 102 ," 38,832,630 ", 535 , 91 ," 109,238,370 "," 1,053 ", 112 
서울,강동구,남,80~89세," 9,917,600 ", 155 , 34 ," 8,141,660 ", 169 , 37 ," 8,063,440 ", 118 , 31 ," 9,254,800 ", 163 , 27 ," 18,949,780 ", 261 , 45 
서울,강동구,남,90~99세, - , - , - , - , - , - , - , - , - , - , - , - , - , - , - 
서울,강동구,남,100세 이상, - , - , - , - , - , - , - , - , - , - , - , - , - , - , - 
서울,강동구,여,0~9세, - , - , - , - , - , - , - , - , - , - , - , - , - , - , - 
서울,강동구,여,10~19세," 13,818,810 ", 192 , 33 ," 15,605,350 ", 241 , 31 ," 31,549,230 ", 328 , 36 ," 26,274,730 ", 352 , 49 ," 23,507,080 ", 292 , 52 
서울,강동구,여,20~29세," 71,205,170 "," 1,112 ", 140 ," 67,712,230 "," 1,167 ", 154 ," 137,103,670 "," 1,624 ", 188 ," 139,160,550 "," 1,879 ", 212 ," 143,194,490 "," 1,778 ", 221 
서울,강동구,여,30~39세," 94,857,040 "," 1,591 ", 172 ," 96,164,940 "," 1,595 ", 164 ," 145,073,100 "," 2,106 ", 192 ," 163,083,360 "," 2,237 ", 211 ," 168,754,890 "," 2,128 ", 228 
서울,강동구,여,40~49세," 104,257,060 "," 1,686 ", 160 ," 101,046,050 "," 1,591 ", 166 ," 95,043,100 "," 1,417 ", 169 ," 102,649,650 "," 1,438 ", 167 ," 105,539,870 "," 1,419 ", 165 
서울,강동구,여,50~59세," 90,215,280 "," 1,358 ", 160 ," 76,013,340 "," 1,297 ", 152 ," 85,526,840 "," 1,349 ", 162 ," 86,698,470 "," 1,342 ", 140 ," 94,918,170 "," 1,200 ", 135 
서울,강동구,여,60~69세," 111,160,320 "," 1,355 ", 160 ," 82,984,530 "," 1,101 ", 183 ," 94,023,770 "," 1,277 ", 177 ," 94,516,120 "," 1,198 ", 147 ," 74,585,300 "," 1,122 ", 153 
서울,강동구,여,70~79세," 40,095,700 ", 630 , 107 ," 39,185,330 ", 606 , 112 ," 39,610,220 ", 520 , 116 ," 66,789,410 ", 923 , 86 ," 65,354,330 ", 807 , 89 
서울,강동구,여,80~89세," 56,043,800 ", 532 , 53 ," 55,792,910 ", 576 , 64 ," 12,358,220 ", 260 , 62 ," 10,553,880 ", 196 , 41 ," 18,388,340 ", 310 , 48 
서울,강동구,여,90~99세," 3,045,830 ", 52 , 11 , - , - , - ," 7,125,370 ", 59 , 13 ," 3,460,300 ", 52 , 14 ," 1,902,240 ", 65 , 13 
서울,강동구,여,100세 이상, - , - , - , - , - , - , - , - , - , - , - , - , - , - , - 
서울,강서구,남,0~9세, - , - , - , - , - , - , - , - , - , - , - , - , - , - , - 
서울,강서구,남,10~19세," 7,883,530 ", 121 , 13 ," 5,356,510 ", 65 , 12 ," 7,862,950 ", 91 , 17 ," 21,256,170 ", 231 , 29 ," 16,696,500 ", 191 , 34 
서울,강서구,남,20~29세," 42,452,660 ", 652 , 50 ," 38,873,200 ", 562 , 61 ," 46,459,820 ", 605 , 80 ," 77,062,410 ", 883 , 115 ," 78,143,660 ", 860 , 142 
서울,강서구,남,30~39세," 31,288,190 ", 573 , 74 ," 51,610,670 ", 729 , 68 ," 58,173,170 ", 737 , 89 ," 91,751,830 "," 1,106 ", 117 ," 99,486,320 "," 1,131 ", 124 
서울,강서구,남,40~49세," 40,316,340 ", 642 , 60 ," 38,000,780 ", 593 , 56 ," 49,156,210 ", 662 , 70 ," 71,160,820 ", 897 , 83 ," 63,049,650 ", 825 , 94 
서울,강서구,남,50~59세," 29,821,260 ", 443 , 44 ," 22,694,740 ", 332 , 45 ," 17,809,750 ", 264 , 40 ," 32,523,310 ", 409 , 47 ," 53,756,820 ", 632 , 67 
서울,강서구,남,60~69세," 50,989,050 ", 835 , 57 ," 34,593,890 ", 533 , 48 ," 25,115,120 ", 379 , 42 ," 55,820,210 ", 648 , 42 ," 75,533,870 ", 773 , 55 
서울,강서구,남,70~79세," 40,736,310 ", 579 , 37 ," 11,469,360 ", 233 , 36 ," 17,167,580 ", 308 , 34 ," 18,050,250 ", 312 , 32 ," 28,731,540 ", 465 , 37 
서울,강서구,남,80~89세," 3,418,460 ", 111 , 14 ," 1,433,430 ", 61 , 14 ," 1,850,960 ", 73 , 14 ," 5,513,450 ", 94 , 17 ," 13,614,800 ", 189 , 14 
서울,강서구,남,90~99세, - , - , - , - , - , - , - , - , - , - , - , - , - , - , - 
서울,강서구,남,100세 이상, - , - , - , - , - , - , - , - , - , - , - , - , - , - , - 
서울,강서구,여,0~9세, - , - , - , - , - , - , - , - , - , - , - , - , - , - , - 
서울,강서구,여,10~19세," 5,435,640 ", 86 , 14 ," 13,572,710 ", 189 , 23 ," 20,536,180 ", 244 , 32 ," 27,313,680 ", 320 , 41 ," 26,880,170 ", 302 , 45 
서울,강서구,여,20~29세," 58,732,710 ", 835 , 104 ," 81,798,010 "," 1,158 ", 135 ," 144,985,550 "," 1,930 ", 208 ," 224,986,230 "," 2,768 ", 326 ," 253,583,350 "," 2,867 ", 343 
서울,강서구,여,30~39세," 68,493,960 "," 1,102 ", 115 ," 76,711,210 "," 1,163 ", 117 ," 118,548,990 "," 1,541 ", 152 ," 180,528,670 "," 2,257 ", 237 ," 193,677,660 "," 2,240 ", 259 
서울,강서구,여,40~49세," 91,069,010 "," 1,422 ", 78 ," 87,302,330 "," 1,115 ", 78 ," 97,669,940 "," 1,299 ", 89 ," 118,061,120 "," 1,467 ", 117 ," 127,919,100 "," 1,467 ", 122 
서울,강서구,여,50~59세," 40,171,020 ", 642 , 71 ," 47,896,930 ", 718 , 81 ," 71,687,170 "," 1,065 ", 87 ," 93,962,690 "," 1,380 ", 93 ," 104,871,590 "," 1,386 ", 109 
서울,강서구,여,60~69세," 40,594,030 ", 704 , 45 ," 31,942,210 ", 595 , 49 ," 36,104,340 ", 667 , 62 ," 43,852,180 ", 657 , 65 ," 45,414,150 ", 644 , 71 
서울,강서구,여,70~79세," 17,026,160 ", 378 , 42 ," 23,104,410 ", 398 , 32 ," 20,119,880 ", 365 , 41 ," 42,086,290 ", 607 , 45 ," 18,353,790 ", 330 , 40 
서울,강서구,여,80~89세," 3,557,700 ", 253 , 59 ," 1,667,470 ", 113 , 25 ," 2,507,170 ", 156 , 22 ," 7,502,670 ", 215 , 33 ," 3,648,700 ", 160 , 31 
서울,강서구,여,90~99세," 1,359,500 ", 121 , 27 ," 495,920 ", 57 , 13 ," 371,530 ", 68 , 14 ," 769,000 ", 64 , 14 ," 630,800 ", 47 , 13 
서울,강서구,여,100세 이상, - , - , - , - , - , - , - , - , - , - , - , - , - , - , - 
서울,관악구,남,0~9세, - , - , - , - , - , - , - , - , - , - , - , - , - , - , - 
서울,관악구,남,10~19세," 16,835,730 ", 176 , 25 ," 17,935,210 ", 149 , 22 ," 19,548,740 ", 189 , 23 ," 20,307,810 ", 163 , 28 ," 18,183,540 ", 169 , 28 
서울,관악구,남,20~29세," 38,532,980 ", 790 , 92 ," 48,037,440 ", 831 , 88 ," 72,774,130 "," 1,110 ", 123 ," 91,756,100 "," 1,330 ", 157 ," 101,901,310 "," 1,473 ", 216 
서울,관악구,남,30~39세," 25,489,040 ", 539 , 58 ," 33,911,630 ", 520 , 55 ," 55,885,130 ", 771 , 80 ," 57,053,660 ", 729 , 100 ," 69,241,610 ", 910 , 118 
서울,관악구,남,40~49세," 27,420,450 ", 490 , 41 ," 23,833,150 ", 418 , 43 ," 33,016,850 ", 534 , 49 ," 37,605,530 ", 536 , 58 ," 45,721,040 ", 661 , 76 
서울,관악구,남,50~59세," 16,287,690 ", 346 , 36 ," 25,230,860 ", 490 , 40 ," 25,109,040 ", 465 , 37 ," 29,341,720 ", 521 , 47 ," 31,946,150 ", 530 , 53 
서울,관악구,남,60~69세," 15,472,080 ", 302 , 28 ," 14,636,230 ", 273 , 29 ," 19,185,220 ", 371 , 29 ," 19,687,620 ", 328 , 35 ," 17,349,650 ", 304 , 38 
서울,관악구,남,70~79세," 6,437,350 ", 155 , 17 ," 6,308,930 ", 146 , 17 ," 8,065,290 ", 174 , 15 ," 7,906,750 ", 179 , 26 ," 15,473,920 ", 207 , 22 
서울,관악구,남,80~89세, - , - , - , - , - , - , - , - , - , - , - , - , - , - , - 
서울,관악구,남,90~99세, - , - , - , - , - , - , - , - , - , - , - , - , - , - , - 
서울,관악구,남,100세 이상, - , - , - , - , - , - , - , - , - , - , - , - , - , - , - 
서울,관악구,여,0~9세, - , - , - , - , - , - , - , - , - , - , - , - , - , - , - 
서울,관악구,여,10~19세," 20,947,190 ", 257 , 30 ," 14,513,240 ", 165 , 24 ," 16,471,590 ", 185 , 20 ," 33,704,780 ", 386 , 38 ," 23,772,980 ", 246 , 41 
서울,관악구,여,20~29세," 86,047,160 "," 1,591 ", 162 ," 124,857,640 "," 1,968 ", 185 ," 179,715,830 "," 2,458 ", 255 ," 250,762,190 "," 3,149 ", 349 ," 276,674,020 "," 3,423 ", 401 
서울,관악구,여,30~39세," 58,410,860 "," 1,123 ", 103 ," 70,843,850 "," 1,271 ", 102 ," 118,415,470 "," 1,811 ", 155 ," 148,934,880 "," 2,060 ", 208 ," 178,997,730 "," 2,265 ", 240 
서울,관악구,여,40~49세," 28,614,940 ", 558 , 56 ," 37,916,280 ", 590 , 68 ," 51,718,540 ", 784 , 71 ," 56,689,800 ", 845 , 89 ," 60,169,530 ", 843 , 88 
서울,관악구,여,50~59세," 31,290,650 ", 614 , 47 ," 32,778,000 ", 653 , 61 ," 36,787,070 ", 734 , 63 ," 33,511,590 ", 629 , 58 ," 33,482,850 ", 621 , 60 
서울,관악구,여,60~69세," 22,553,640 ", 474 , 51 ," 29,199,190 ", 580 , 48 ," 40,019,790 ", 743 , 58 ," 37,086,320 ", 694 , 66 ," 42,476,210 ", 730 , 72 
서울,관악구,여,70~79세," 6,322,610 ", 163 , 25 ," 6,285,920 ", 145 , 22 ," 7,996,800 ", 178 , 20 ," 7,845,510 ", 175 , 22 ," 10,666,160 ", 213 , 27 
서울,관악구,여,80~89세," 2,479,930 ", 86 , 16 ," 1,958,470 ", 53 , 12 , - , - , - , - , - , - , - , - , - 
서울,관악구,여,90~99세, - , - , - , - , - , - , - , - , - , - , - , - , - , - , - 
서울,관악구,여,100세 이상, - , - , - , - , - , - , - , - , - , - , - , - , - , - , - 
서울,구로구,남,0~9세, - , - , - , - , - , - , - , - , - , - , - , - , - , - , - 
서울,구로구,남,10~19세," 31,726,360 ", 327 , 36 ," 49,905,650 ", 404 , 33 ," 34,303,350 ", 337 , 33 ," 58,180,360 ", 490 , 31 ," 48,898,310 ", 356 , 32 
서울,구로구,남,20~29세," 145,570,130 "," 1,705 ", 155 ," 149,080,360 "," 1,695 ", 155 ," 125,005,890 "," 1,558 ", 166 ," 119,949,750 "," 1,628 ", 150 ," 132,056,680 "," 1,382 ", 171 
서울,구로구,남,30~39세," 94,332,410 "," 1,464 ", 128 ," 65,123,500 "," 1,041 ", 113 ," 80,359,660 "," 1,050 ", 116 ," 83,119,980 "," 1,138 ", 106 ," 85,065,430 "," 1,126 ", 115 
서울,구로구,남,40~49세," 133,652,670 "," 1,704 ", 110 ," 78,794,970 "," 1,133 ", 96 ," 60,485,520 ", 902 , 100 ," 83,961,430 "," 1,138 ", 101 ," 74,754,640 ", 911 , 92 
서울,구로구,남,50~59세," 78,903,570 "," 1,050 ", 81 ," 39,433,220 ", 629 , 73 ," 36,137,990 ", 533 , 71 ," 59,776,850 ", 729 , 72 ," 47,136,150 ", 705 , 74 
서울,구로구,남,60~69세," 38,898,510 ", 594 , 54 ," 72,708,510 ", 691 , 53 ," 52,649,400 ", 616 , 59 ," 45,411,520 ", 550 , 50 ," 36,407,620 ", 465 , 55 
서울,구로구,남,70~79세," 8,345,820 ", 172 , 25 ," 22,715,880 ", 299 , 25 ," 51,314,990 ", 570 , 26 ," 22,885,240 ", 202 , 26 ," 23,177,290 ", 240 , 31 
서울,구로구,남,80~89세, - , - , - ," 2,560,660 ", 58 , 11 ," 55,320,530 ", 464 , 15 ," 14,908,550 ", 226 , 16 , - , - , - 
서울,구로구,남,90~99세, - , - , - , - , - , - , - , - , - , - , - , - , - , - , - 
서울,구로구,남,100세 이상, - , - , - , - , - , - , - , - , - , - , - , - , - , - , - 
서울,구로구,여,0~9세, - , - , - , - , - , - , - , - , - , - , - , - , - , - , - 
서울,구로구,여,10~19세," 45,276,550 ", 631 , 56 ," 46,793,080 ", 623 , 54 ," 50,084,530 ", 401 , 43 ," 44,922,470 ", 369 , 45 ," 97,646,730 ", 574 , 55 
서울,구로구,여,20~29세," 243,646,600 "," 3,391 ", 291 ," 251,186,040 "," 3,608 ", 308 ," 183,999,750 "," 3,080 ", 353 ," 269,612,300 "," 3,414 ", 294 ," 301,410,030 "," 3,194 ", 311 
서울,구로구,여,30~39세," 177,838,360 "," 2,835 ", 212 ," 236,645,230 "," 2,768 ", 233 ," 175,171,100 "," 2,677 ", 246 ," 207,214,800 "," 2,890 ", 230 ," 276,275,530 "," 3,098 ", 260 
서울,구로구,여,40~49세," 127,152,200 "," 2,277 ", 172 ," 123,319,490 "," 1,973 ", 169 ," 107,266,200 "," 1,752 ", 169 ," 136,558,560 "," 1,979 ", 153 ," 158,582,490 "," 1,896 ", 147 
서울,구로구,여,50~59세," 166,944,820 "," 2,194 ", 144 ," 92,071,430 "," 1,540 ", 125 ," 123,897,160 "," 1,657 ", 131 ," 104,165,910 "," 1,543 ", 134 ," 119,636,670 "," 1,584 ", 123 
서울,구로구,여,60~69세," 98,105,500 "," 1,373 ", 96 ," 82,744,120 "," 1,090 ", 99 ," 76,269,500 "," 1,091 ", 101 ," 107,553,250 "," 1,252 ", 96 ," 84,358,560 ", 998 , 86 
서울,구로구,여,70~79세," 66,499,190 ", 558 , 47 ," 81,461,760 ", 756 , 49 ," 152,555,170 "," 1,300 ", 51 ," 95,966,290 ", 988 , 49 ," 83,429,250 ", 885 , 46 
서울,구로구,여,80~89세," 8,086,940 ", 68 , 10 ," 3,919,490 ", 58 , 12 ," 22,284,190 ", 306 , 15 ," 78,355,870 ", 686 , 14 ," 49,390,130 ", 479 , 18 
서울,구로구,여,90~99세, - , - , - , - , - , - , - , - , - , - , - , - , - , - , - 
서울,구로구,여,100세 이상, - , - , - , - , - , - , - , - , - , - , - , - , - , - , - 
서울,도봉구,남,0~9세, - , - , - , - , - , - , - , - , - , - , - , - , - , - , - 
서울,도봉구,남,10~19세," 13,072,160 ", 198 , 23 ," 11,618,330 ", 152 , 17 ," 19,241,900 ", 270 , 22 ," 9,861,430 ", 175 , 24 ," 9,090,230 ", 158 , 16 
서울,도봉구,남,20~29세," 21,173,440 ", 356 , 38 ," 21,451,970 ", 369 , 38 ," 25,364,830 ", 423 , 47 ," 34,400,930 ", 498 , 57 ," 25,046,170 ", 430 , 47 
서울,도봉구,남,30~39세," 16,619,930 ", 266 , 31 ," 26,415,420 ", 361 , 26 ," 10,831,920 ", 201 , 25 ," 21,445,240 ", 340 , 46 ," 32,050,900 ", 431 , 43 
서울,도봉구,남,40~49세," 16,786,030 ", 234 , 16 ," 18,564,430 ", 288 , 25 ," 39,227,770 ", 548 , 30 ," 27,014,580 ", 362 , 32 ," 16,969,680 ", 278 , 40 
서울,도봉구,남,50~59세," 34,550,400 ", 512 , 25 ," 13,319,780 ", 185 , 23 ," 15,333,590 ", 232 , 24 ," 53,262,520 ", 718 , 29 ," 52,568,840 ", 622 , 28 
서울,도봉구,남,60~69세," 53,949,490 ", 671 , 23 ," 23,465,870 ", 357 , 21 ," 12,982,890 ", 207 , 24 ," 13,839,240 ", 195 , 22 ," 14,998,200 ", 234 , 24 
서울,도봉구,남,70~79세," 58,071,500 ", 804 , 16 ," 70,073,260 ", 831 , 12 ," 70,916,300 ", 773 , 13 ," 20,903,780 ", 231 , 12 ," 10,349,610 ", 97 , 13 
서울,도봉구,남,80~89세, - , - , - , - , - , - ," 911,140 ", 28 , 10 , - , - , - , - , - , - 
서울,도봉구,남,90~99세, - , - , - , - , - , - , - , - , - , - , - , - , - , - , - 
서울,도봉구,남,100세 이상, - , - , - , - , - , - , - , - , - , - , - , - , - , - , - 
서울,도봉구,여,0~9세, - , - , - , - , - , - , - , - , - , - , - , - , - , - , - 
서울,도봉구,여,10~19세," 20,206,380 ", 300 , 20 ," 27,883,860 ", 429 , 26 ," 36,504,910 ", 569 , 30 ," 13,747,370 ", 215 , 26 ," 9,720,270 ", 157 , 13 
서울,도봉구,여,20~29세," 87,143,430 "," 1,218 ", 55 ," 99,080,790 "," 1,417 ", 59 ," 96,709,620 "," 1,335 ", 68 ," 58,997,000 ", 839 , 89 ," 70,438,230 ", 960 , 80 
서울,도봉구,여,30~39세," 32,979,660 ", 518 , 38 ," 33,255,000 ", 549 , 43 ," 37,014,480 ", 542 , 53 ," 62,123,980 ", 769 , 67 ," 114,935,960 "," 1,328 ", 83 
서울,도봉구,여,40~49세," 49,039,760 ", 727 , 49 ," 39,519,050 ", 547 , 43 ," 43,404,620 ", 641 , 49 ," 57,744,900 ", 756 , 62 ," 55,553,420 ", 719 , 58 
서울,도봉구,여,50~59세," 26,856,660 ", 376 , 35 ," 40,905,330 ", 575 , 32 ," 46,179,550 ", 579 , 33 ," 44,449,360 ", 575 , 44 ," 48,953,140 ", 584 , 39 
서울,도봉구,여,60~69세," 8,399,780 ", 133 , 22 ," 18,355,760 ", 288 , 31 ," 35,674,160 ", 468 , 38 ," 35,956,980 ", 471 , 42 ," 32,375,740 ", 413 , 36 
서울,도봉구,여,70~79세," 29,060,540 ", 268 , 20 ," 12,761,950 ", 208 , 20 ," 7,668,430 ", 147 , 21 ," 14,970,290 ", 211 , 23 ," 19,606,180 ", 244 , 26 
서울,도봉구,여,80~89세," 4,489,910 ", 97 , 15 ," 3,337,850 ", 70 , 16 ," 2,087,670 ", 57 , 16 ," 911,580 ", 38 , 12 ," 1,914,890 ", 81 , 16 
서울,도봉구,여,90~99세," 588,450 ", 39 , 10 , - , - , - , - , - , - , - , - , - , - , - , - 
서울,도봉구,여,100세 이상, - , - , - , - , - , - , - , - , - , - , - , - , - , - , - 
서울,동대문구,남,0~9세, - , - , - , - , - , - , - , - , - , - , - , - , - , - , - 
서울,동대문구,남,10~19세," 149,688,230 "," 1,624 ", 71 ," 185,349,610 "," 1,908 ", 64 ," 143,433,180 "," 1,459 ", 66 ," 62,386,690 ", 713 , 71 ," 159,548,810 "," 1,198 ", 87 
서울,동대문구,남,20~29세," 258,874,280 "," 3,181 ", 311 ," 235,530,500 "," 2,997 ", 351 ," 287,314,010 "," 3,624 ", 332 ," 387,139,590 "," 3,939 ", 368 ," 448,742,390 "," 4,127 ", 387 
서울,동대문구,남,30~39세," 174,407,280 "," 2,138 ", 171 ," 158,543,730 "," 2,055 ", 211 ," 161,047,780 "," 2,171 ", 209 ," 238,441,590 "," 2,494 ", 221 ," 242,806,140 "," 2,604 ", 245 
서울,동대문구,남,40~49세," 157,573,210 "," 2,302 ", 172 ," 168,166,940 "," 2,347 ", 180 ," 194,457,050 "," 2,414 ", 193 ," 166,986,980 "," 2,326 ", 211 ," 179,315,850 "," 2,155 ", 180 
서울,동대문구,남,50~59세," 115,606,550 "," 1,791 ", 156 ," 101,044,050 "," 1,641 ", 159 ," 134,688,610 "," 1,925 ", 167 ," 182,459,470 "," 2,374 ", 181 ," 133,114,580 "," 1,979 ", 187 
서울,동대문구,남,60~69세," 117,977,070 "," 1,692 ", 107 ," 204,408,490 "," 2,506 ", 126 ," 156,918,830 "," 2,216 ", 150 ," 115,519,970 "," 1,862 ", 163 ," 95,963,530 "," 1,643 ", 143 
서울,동대문구,남,70~79세," 67,033,910 ", 985 , 78 ," 75,173,370 "," 1,035 ", 83 ," 77,543,680 "," 1,148 ", 89 ," 90,958,900 "," 1,383 ", 94 ," 71,735,780 ", 973 , 93 
서울,동대문구,남,80~89세," 33,168,330 ", 556 , 26 ," 10,376,410 ", 217 , 33 ," 21,311,660 ", 356 , 34 ," 19,669,440 ", 316 , 34 ," 27,571,650 ", 391 , 36 
서울,동대문구,남,90~99세, - , - , - , - , - , - , - , - , - , - , - , - , - , - , - 
서울,동대문구,남,100세 이상, - , - , - , - , - , - , - , - , - , - , - , - , - , - , - 
서울,동대문구,여,0~9세, - , - , - , - , - , - , - , - , - , - , - , - , - , - , - 
서울,동대문구,여,10~19세," 115,027,370 "," 1,314 ", 107 ," 142,391,980 "," 1,396 ", 102 ," 151,177,870 "," 1,430 ", 87 ," 96,316,920 ", 906 , 99 ," 181,383,410 "," 1,333 ", 126 
서울,동대문구,여,20~29세," 330,775,700 "," 4,527 ", 490 ," 402,684,840 "," 5,221 ", 540 ," 462,939,000 "," 5,486 ", 540 ," 637,318,790 "," 6,379 ", 605 ," 609,008,610 "," 5,954 ", 686 
서울,동대문구,여,30~39세," 257,626,770 "," 3,569 ", 263 ," 296,887,430 "," 3,706 ", 277 ," 301,909,250 "," 3,737 ", 320 ," 317,835,810 "," 3,844 ", 369 ," 337,028,580 "," 3,870 ", 367 
서울,동대문구,여,40~49세," 261,647,310 "," 3,718 ", 232 ," 179,720,130 "," 2,906 ", 226 ," 209,416,160 "," 2,889 ", 240 ," 265,633,140 "," 3,347 ", 280 ," 350,024,370 "," 3,955 ", 285 
서울,동대문구,여,50~59세," 203,257,630 "," 2,891 ", 214 ," 213,116,040 "," 2,808 ", 216 ," 184,681,850 "," 2,496 ", 205 ," 203,725,910 "," 2,631 ", 216 ," 237,885,490 "," 2,796 ", 213 
서울,동대문구,여,60~69세," 111,358,770 "," 1,922 ", 151 ," 162,324,500 "," 2,604 ", 175 ," 190,210,940 "," 2,788 ", 204 ," 225,533,250 "," 3,084 ", 234 ," 169,850,130 "," 2,489 ", 213 
서울,동대문구,여,70~79세," 73,621,960 "," 1,181 ", 101 ," 77,865,170 "," 1,265 ", 96 ," 93,806,340 "," 1,220 ", 112 ," 97,142,440 "," 1,334 ", 136 ," 82,274,050 "," 1,174 ", 129 
서울,동대문구,여,80~89세," 20,284,570 ", 333 , 37 ," 25,295,910 ", 397 , 49 ," 24,712,500 ", 424 , 65 ," 38,862,010 ", 528 , 59 ," 29,332,270 ", 497 , 60 
서울,동대문구,여,90~99세, - , - , - , - , - , - ," 2,113,980 ", 55 , 11 , - , - , - , - , - , - 
서울,동대문구,여,100세 이상, - , - , - , - , - , - , - , - , - , - , - , - , - , - , - 
서울,동작구,남,0~9세, - , - , - , - , - , - , - , - , - , - , - , - , - , - , - 
서울,동작구,남,10~19세," 22,974,210 ", 135 , 14 ," 22,077,590 ", 188 , 25 ," 14,245,520 ", 160 , 26 ," 44,567,510 ", 311 , 27 ," 78,689,110 ", 431 , 40 
서울,동작구,남,20~29세," 125,630,300 "," 1,050 ", 114 ," 112,824,550 ", 929 , 122 ," 145,558,000 "," 1,107 ", 132 ," 199,085,740 "," 1,434 ", 152 ," 171,334,210 "," 1,392 ", 160 
서울,동작구,남,30~39세," 56,038,930 ", 577 , 76 ," 94,491,190 ", 831 , 83 ," 75,625,590 ", 706 , 83 ," 105,875,880 ", 954 , 106 ," 115,188,330 "," 1,004 ", 114 
서울,동작구,남,40~49세," 42,738,180 ", 463 , 61 ," 56,709,050 ", 514 , 64 ," 61,547,310 ", 550 , 66 ," 48,498,900 ", 475 , 71 ," 103,842,800 ", 626 , 74 
서울,동작구,남,50~59세," 40,329,420 ", 410 , 52 ," 30,994,570 ", 368 , 55 ," 54,903,320 ", 451 , 48 ," 33,604,310 ", 357 , 61 ," 40,222,220 ", 404 , 64 
서울,동작구,남,60~69세," 83,940,730 ", 607 , 48 ," 31,948,700 ", 384 , 48 ," 86,892,590 ", 638 , 52 ," 65,503,700 ", 554 , 57 ," 72,995,450 ", 591 , 51 
서울,동작구,남,70~79세," 30,379,670 ", 366 , 47 ," 20,318,970 ", 369 , 56 ," 50,885,520 ", 435 , 56 ," 28,474,100 ", 344 , 38 ," 16,822,100 ", 258 , 43 
서울,동작구,남,80~89세," 4,075,580 ", 112 , 17 ," 6,461,060 ", 182 , 24 ," 8,024,340 ", 154 , 25 ," 6,598,900 ", 158 , 19 ," 9,200,980 ", 168 , 21 
서울,동작구,남,90~99세, - , - , - , - , - , - , - , - , - , - , - , - , - , - , - 
서울,동작구,남,100세 이상, - , - , - , - , - , - , - , - , - , - , - , - , - , - , - 
서울,동작구,여,0~9세, - , - , - , - , - , - , - , - , - , - , - , - , - , - , - 
서울,동작구,여,10~19세," 61,606,360 ", 394 , 32 ," 25,771,560 ", 171 , 21 ," 21,755,720 ", 169 , 21 ," 56,999,110 ", 311 , 39 ," 40,981,210 ", 285 , 42 
서울,동작구,여,20~29세," 160,599,040 "," 1,252 ", 141 ," 143,422,650 "," 1,125 ", 140 ," 209,552,240 "," 1,697 ", 184 ," 262,597,290 "," 2,119 ", 234 ," 309,055,960 "," 2,416 ", 295 
서울,동작구,여,30~39세," 91,258,620 ", 810 , 107 ," 137,205,470 "," 1,028 ", 119 ," 117,379,350 "," 1,006 ", 128 ," 200,467,770 "," 1,545 ", 194 ," 242,563,430 "," 1,887 ", 225 
서울,동작구,여,40~49세," 130,645,780 "," 1,061 ", 118 ," 110,003,740 ", 886 , 116 ," 119,214,880 ", 935 , 133 ," 133,158,860 "," 1,139 ", 139 ," 158,905,280 "," 1,334 ", 174 
서울,동작구,여,50~59세," 54,046,030 ", 560 , 83 ," 55,179,770 ", 609 , 86 ," 112,434,230 ", 751 , 92 ," 67,907,840 ", 591 , 92 ," 84,621,690 ", 664 , 103 
서울,동작구,여,60~69세," 163,375,900 "," 1,215 ", 94 ," 98,793,690 ", 926 , 96 ," 96,908,980 ", 906 , 94 ," 58,701,020 ", 698 , 93 ," 98,096,290 ", 888 , 107 
서울,동작구,여,70~79세," 29,408,900 ", 452 , 65 ," 26,897,830 ", 490 , 69 ," 24,920,040 ", 453 , 84 ," 32,211,650 ", 474 , 72 ," 45,641,030 ", 594 , 80 
서울,동작구,여,80~89세," 10,267,050 ", 222 , 36 ," 8,818,560 ", 238 , 43 ," 12,831,630 ", 249 , 50 ," 12,687,420 ", 214 , 48 ," 16,015,600 ", 334 , 52 
서울,동작구,여,90~99세, - , - , - , - , - , - ," 1,367,660 ", 94 , 10 ," 15,114,880 ", 133 , 19 ," 1,926,750 ", 69 , 10 
서울,동작구,여,100세 이상, - , - , - , - , - , - , - , - , - , - , - , - , - , - , - 
서울,마포구,남,0~9세, - , - , - , - , - , - , - , - , - , - , - , - , - , - , - 
서울,마포구,남,10~19세," 14,673,470 ", 247 , 30 ," 13,957,710 ", 241 , 31 ," 19,565,110 ", 248 , 29 ," 26,030,000 ", 287 , 31 ," 30,276,080 ", 312 , 40 
서울,마포구,남,20~29세," 64,455,830 "," 1,260 ", 133 ," 80,101,010 "," 1,444 ", 151 ," 100,968,590 "," 1,583 ", 163 ," 128,875,340 "," 1,894 ", 191 ," 158,855,930 "," 2,026 ", 211 
서울,마포구,남,30~39세," 32,953,180 ", 694 , 65 ," 27,739,190 ", 548 , 66 ," 48,242,380 ", 744 , 92 ," 62,977,260 ", 908 , 105 ," 84,669,660 "," 1,045 ", 116 
서울,마포구,남,40~49세," 17,334,530 ", 324 , 46 ," 25,427,150 ", 453 , 48 ," 31,776,240 ", 511 , 49 ," 36,546,040 ", 538 , 59 ," 37,931,160 ", 511 , 62 
서울,마포구,남,50~59세," 11,864,880 ", 314 , 34 ," 15,473,940 ", 321 , 38 ," 22,793,110 ", 403 , 41 ," 25,008,810 ", 422 , 46 ," 22,956,730 ", 353 , 40 
서울,마포구,남,60~69세," 10,235,610 ", 195 , 20 ," 9,076,530 ", 188 , 20 ," 11,759,240 ", 217 , 22 ," 9,702,430 ", 195 , 24 ," 11,772,630 ", 229 , 23 
서울,마포구,남,70~79세," 2,786,290 ", 71 , 10 ," 4,947,510 ", 129 , 15 ," 7,736,490 ", 161 , 12 ," 8,990,240 ", 160 , 20 ," 7,661,750 ", 145 , 19 
서울,마포구,남,80~89세, - , - , - , - , - , - , - , - , - , - , - , - , - , - , - 
서울,마포구,남,90~99세, - , - , - , - , - , - , - , - , - , - , - , - , - , - , - 
서울,마포구,남,100세 이상, - , - , - , - , - , - , - , - , - , - , - , - , - , - , - 
서울,마포구,여,0~9세, - , - , - , - , - , - , - , - , - , - , - , - , - , - , - 
서울,마포구,여,10~19세," 35,281,190 ", 694 , 73 ," 40,142,630 ", 781 , 65 ," 46,749,000 ", 813 , 75 ," 47,752,610 ", 750 , 75 ," 48,252,560 ", 689 , 76 
서울,마포구,여,20~29세," 171,950,110 "," 3,454 ", 344 ," 201,739,870 "," 3,924 ", 414 ," 276,664,200 "," 4,548 ", 435 ," 315,270,260 "," 4,667 ", 502 ," 403,970,450 "," 5,108 ", 559 
서울,마포구,여,30~39세," 83,816,650 "," 1,486 ", 135 ," 118,436,000 "," 1,944 ", 195 ," 152,590,590 "," 2,363 ", 210 ," 212,109,670 "," 2,784 ", 266 ," 331,651,930 "," 3,753 ", 351 
서울,마포구,여,40~49세," 38,719,720 ", 786 , 78 ," 47,646,180 ", 877 , 82 ," 49,608,670 ", 852 , 84 ," 60,389,430 ", 889 , 90 ," 84,359,470 "," 1,126 ", 101 
서울,마포구,여,50~59세," 26,270,100 ", 583 , 43 ," 29,135,330 ", 555 , 48 ," 32,573,430 ", 608 , 55 ," 36,756,720 ", 570 , 60 ," 37,582,680 ", 521 , 57 
서울,마포구,여,60~69세," 13,028,540 ", 262 , 27 ," 7,216,050 ", 169 , 22 ," 11,734,860 ", 241 , 31 ," 15,690,010 ", 343 , 29 ," 20,662,010 ", 403 , 38 
서울,마포구,여,70~79세," 3,242,060 ", 124 , 17 ," 4,387,430 ", 130 , 15 ," 5,248,780 ", 138 , 18 ," 6,354,350 ", 156 , 18 ," 6,585,620 ", 148 , 19 
서울,마포구,여,80~89세," 1,468,350 ", 81 , 16 ," 3,565,900 ", 163 , 18 ," 3,747,320 ", 122 , 18 ," 2,645,510 ", 80 , 10 ," 3,167,220 ", 73 , 10 
서울,마포구,여,90~99세," 769,930 ", 45 , 10 , - , - , - ," 657,470 ", 70 , 10 , - , - , - , - , - , - 
서울,마포구,여,100세 이상, - , - , - , - , - , - , - , - , - , - , - , - , - , - , - 
서울,서대문구,남,0~9세," 9,400,640 ", 45 , 11 ," 6,898,340 ", 32 , 12 , - , - , - , - , - , - , - , - , - 
서울,서대문구,남,10~19세," 56,577,610 ", 280 , 56 ," 75,107,080 ", 411 , 56 ," 32,726,550 ", 182 , 46 ," 52,904,040 ", 323 , 63 ," 53,774,730 ", 433 , 88 
서울,서대문구,남,20~29세," 161,085,680 "," 1,654 ", 203 ," 168,427,210 "," 1,878 ", 231 ," 143,700,980 "," 1,792 ", 221 ," 147,435,100 "," 1,900 ", 253 ," 171,688,860 "," 1,860 ", 234 
서울,서대문구,남,30~39세," 60,006,280 ", 768 , 106 ," 72,381,410 "," 1,026 ", 136 ," 101,652,150 "," 1,109 ", 143 ," 82,932,600 "," 1,010 ", 150 ," 93,007,040 "," 1,122 ", 152 
서울,서대문구,남,40~49세," 46,998,050 ", 699 , 106 ," 56,181,150 ", 750 , 115 ," 64,436,660 ", 863 , 111 ," 58,315,770 ", 850 , 124 ," 59,081,460 ", 785 , 114 
서울,서대문구,남,50~59세," 58,004,680 ", 829 , 90 ," 38,320,920 ", 663 , 86 ," 39,854,150 ", 673 , 81 ," 35,356,200 ", 649 , 90 ," 44,765,410 ", 688 , 93 
서울,서대문구,남,60~69세," 25,133,140 ", 353 , 64 ," 36,596,830 ", 440 , 68 ," 34,343,730 ", 499 , 70 ," 36,105,760 ", 461 , 70 ," 32,239,930 ", 391 , 69 
서울,서대문구,남,70~79세," 34,068,140 ", 390 , 49 ," 23,742,330 ", 306 , 51 ," 20,221,650 ", 267 , 47 ," 26,356,310 ", 464 , 50 ," 33,388,180 ", 491 , 52 
서울,서대문구,남,80~89세," 9,988,530 ", 155 , 25 ," 8,052,890 ", 136 , 26 ," 10,950,600 ", 134 , 23 ," 19,321,560 ", 261 , 25 ," 24,151,440 ", 288 , 25 
서울,서대문구,남,90~99세, - , - , - , - , - , - , - , - , - , - , - , - , - , - , - 
서울,서대문구,남,100세 이상, - , - , - , - , - , - , - , - , - , - , - , - , - , - , - 
서울,서대문구,여,0~9세, - , - , - , - , - , - , - , - , - , - , - , - , - , - , - 
서울,서대문구,여,10~19세," 77,982,410 ", 499 , 71 ," 82,940,390 ", 606 , 72 ," 67,095,180 ", 435 , 63 ," 107,388,190 ", 771 , 94 ," 154,860,360 ", 998 , 131 
서울,서대문구,여,20~29세," 249,516,390 "," 2,237 ", 275 ," 328,887,470 "," 2,996 ", 342 ," 375,660,370 "," 3,798 ", 391 ," 333,721,290 "," 3,675 ", 436 ," 366,298,580 "," 3,500 ", 395 
서울,서대문구,여,30~39세," 156,515,720 "," 1,789 ", 213 ," 144,155,820 "," 1,840 ", 213 ," 157,772,320 "," 1,857 ", 243 ," 171,252,400 "," 2,295 ", 296 ," 190,683,110 "," 2,480 ", 300 
서울,서대문구,여,40~49세," 133,051,790 "," 1,645 ", 177 ," 128,447,540 "," 1,465 ", 149 ," 154,135,460 "," 1,900 ", 152 ," 166,086,210 "," 2,159 ", 171 ," 142,363,350 "," 1,833 ", 189 
서울,서대문구,여,50~59세," 75,472,780 "," 1,112 ", 125 ," 72,266,000 "," 1,156 ", 140 ," 93,701,390 "," 1,325 ", 154 ," 112,260,460 "," 1,439 ", 154 ," 113,134,670 "," 1,670 ", 146 
서울,서대문구,여,60~69세," 87,785,810 "," 1,201 ", 113 ," 87,106,490 "," 1,116 ", 126 ," 69,495,410 ", 845 , 112 ," 87,625,810 "," 1,030 ", 147 ," 78,516,200 "," 1,058 ", 159 
서울,서대문구,여,70~79세," 41,474,330 ", 535 , 84 ," 55,590,640 ", 687 , 85 ," 58,355,380 ", 804 , 77 ," 55,392,860 ", 770 , 78 ," 50,697,970 ", 674 , 73 
서울,서대문구,여,80~89세," 12,798,020 ", 224 , 42 ," 12,421,960 ", 221 , 35 ," 8,458,580 ", 211 , 35 ," 11,431,690 ", 208 , 41 ," 23,625,410 ", 407 , 41 
서울,서대문구,여,90~99세, - , - , - , - , - , - ," 1,475,710 ", 43 , 11 ," 2,373,910 ", 55 , 10 ," 1,952,460 ", 49 , 14 
서울,서대문구,여,100세 이상, - , - , - , - , - , - , - , - , - , - , - , - , - , - , - 
서울,성동구,남,0~9세, - , - , - , - , - , - , - , - , - , - , - , - , - , - , - 
서울,성동구,남,10~19세, - , - , - ," 33,812,200 ", 246 , 17 ," 35,289,840 ", 302 , 31 ," 79,795,910 ", 568 , 45 ," 126,665,110 ", 763 , 52 
서울,성동구,남,20~29세," 57,944,650 ", 526 , 52 ," 74,474,230 ", 692 , 65 ," 159,941,140 "," 1,295 ", 106 ," 176,861,790 "," 1,382 ", 135 ," 193,317,670 "," 1,416 ", 126 
서울,성동구,남,30~39세," 51,246,710 ", 451 , 35 ," 49,981,140 ", 508 , 58 ," 67,122,350 ", 658 , 75 ," 101,184,140 ", 920 , 97 ," 113,259,360 "," 1,057 ", 112 
서울,성동구,남,40~49세," 19,320,640 ", 192 , 22 ," 39,091,650 ", 291 , 32 ," 52,271,610 ", 472 , 51 ," 63,425,580 ", 540 , 54 ," 76,701,420 ", 606 , 62 
서울,성동구,남,50~59세," 16,785,590 ", 240 , 35 ," 47,356,910 ", 401 , 36 ," 50,936,580 ", 470 , 38 ," 35,867,180 ", 378 , 40 ," 42,152,360 ", 355 , 39 
서울,성동구,남,60~69세," 15,726,880 ", 135 , 18 ," 12,291,940 ", 155 , 19 ," 22,879,470 ", 213 , 24 ," 20,745,990 ", 243 , 32 ," 14,376,260 ", 203 , 33 
서울,성동구,남,70~79세," 6,050,720 ", 87 , 10 ," 7,830,940 ", 109 , 11 ," 21,444,380 ", 161 , 15 ," 5,309,490 ", 77 , 16 ," 25,314,170 ", 148 , 18 
서울,성동구,남,80~89세, - , - , - , - , - , - , - , - , - , - , - , - ," 1,229,730 ", 35 , 10 
서울,성동구,남,90~99세, - , - , - , - , - , - , - , - , - , - , - , - , - , - , - 
서울,성동구,남,100세 이상, - , - , - , - , - , - , - , - , - , - , - , - , - , - , - 
서울,성동구,여,0~9세, - , - , - , - , - , - , - , - , - , - , - , - , - , - , - 
서울,성동구,여,10~19세," 46,072,750 ", 238 , 15 ," 51,184,700 ", 344 , 25 ," 158,757,860 ", 992 , 59 ," 176,597,270 "," 1,213 ", 85 ," 220,761,150 "," 1,382 ", 110 
서울,성동구,여,20~29세," 74,245,120 ", 607 , 63 ," 163,918,980 "," 1,253 ", 118 ," 290,257,060 "," 2,526 ", 204 ," 503,798,540 "," 4,066 ", 321 ," 557,164,120 "," 4,047 ", 336 
서울,성동구,여,30~39세," 44,517,760 ", 372 , 42 ," 63,472,290 ", 601 , 58 ," 120,902,460 "," 1,168 ", 107 ," 212,863,650 "," 1,865 ", 177 ," 237,902,360 "," 2,006 ", 192 
서울,성동구,여,40~49세," 37,164,120 ", 307 , 42 ," 49,097,520 ", 457 , 49 ," 44,899,800 ", 554 , 50 ," 78,452,090 ", 692 , 73 ," 119,052,210 ", 951 , 82 
서울,성동구,여,50~59세," 29,506,160 ", 365 , 44 ," 55,167,210 ", 498 , 47 ," 37,317,680 ", 442 , 49 ," 59,557,890 ", 533 , 57 ," 51,307,420 ", 515 , 58 
서울,성동구,여,60~69세," 52,942,160 ", 388 , 30 ," 30,623,400 ", 348 , 33 ," 21,813,970 ", 312 , 32 ," 39,819,940 ", 365 , 36 ," 28,986,150 ", 324 , 45 
서울,성동구,여,70~79세," 5,770,410 ", 104 , 19 ," 6,356,150 ", 98 , 19 , - , - , - ," 13,770,120 ", 131 , 15 ," 14,418,880 ", 147 , 18 
서울,성동구,여,80~89세," 17,998,080 ", 98 , 10 ," 3,022,120 ", 55 , 10 ," 10,895,420 ", 75 , 10 ," 1,974,070 ", 52 , 12 ," 898,060 ", 38 , 12 
서울,성동구,여,90~99세, - , - , - , - , - , - , - , - , - , - , - , - , - , - , - 
서울,성동구,여,100세 이상, - , - , - , - , - , - , - , - , - , - , - , - , - , - , - 
서울,성북구,남,0~9세," 3,187,290 ", 59 , 20 , - , - , - , - , - , - ," 925,440 ", 19 , 11 ," 1,887,180 ", 37 , 14 
서울,성북구,남,10~19세," 28,652,620 ", 294 , 40 ," 20,940,220 ", 221 , 34 ," 20,307,040 ", 226 , 34 ," 24,491,480 ", 195 , 30 ," 27,700,550 ", 252 , 30 
서울,성북구,남,20~29세," 181,587,120 "," 1,630 ", 173 ," 147,083,720 "," 1,490 ", 179 ," 194,279,700 "," 1,664 ", 187 ," 183,157,630 "," 1,669 ", 170 ," 179,256,410 "," 1,546 ", 166 
서울,성북구,남,30~39세," 111,868,350 "," 1,009 ", 100 ," 53,520,260 ", 649 , 78 ," 61,796,850 ", 597 , 85 ," 68,363,760 ", 639 , 72 ," 81,649,310 ", 866 , 84 
서울,성북구,남,40~49세," 93,717,220 ", 865 , 88 ," 72,650,070 ", 796 , 86 ," 63,066,090 ", 700 , 83 ," 61,826,810 ", 715 , 81 ," 65,575,590 ", 688 , 77 
서울,성북구,남,50~59세," 50,115,980 ", 660 , 79 ," 47,601,030 ", 608 , 74 ," 53,494,890 ", 698 , 82 ," 48,438,550 ", 666 , 70 ," 91,904,110 ", 858 , 74 
서울,성북구,남,60~69세," 50,405,220 ", 528 , 55 ," 41,031,980 ", 398 , 47 ," 27,274,390 ", 365 , 52 ," 36,039,970 ", 431 , 47 ," 50,815,880 ", 449 , 47 
서울,성북구,남,70~79세," 20,938,260 ", 309 , 33 ," 15,971,870 ", 277 , 35 ," 14,580,950 ", 262 , 34 ," 22,297,180 ", 274 , 30 ," 14,604,040 ", 221 , 26 
서울,성북구,남,80~89세," 8,310,640 ", 166 , 19 ," 7,137,610 ", 136 , 20 ," 7,139,540 ", 119 , 17 ," 6,393,770 ", 119 , 15 ," 6,067,310 ", 103 , 14 
서울,성북구,남,90~99세, - , - , - , - , - , - , - , - , - , - , - , - , - , - , - 
서울,성북구,남,100세 이상, - , - , - , - , - , - , - , - , - , - , - , - , - , - , - 
서울,성북구,여,0~9세, - , - , - , - , - , - , - , - , - , - , - , - , - , - , - 
서울,성북구,여,10~19세," 64,840,750 ", 473 , 45 ," 43,635,500 ", 363 , 33 ," 75,047,770 ", 566 , 40 ," 28,106,630 ", 207 , 38 ," 25,056,430 ", 201 , 29 
서울,성북구,여,20~29세," 326,079,580 "," 2,608 ", 204 ," 330,068,480 "," 2,719 ", 220 ," 413,250,350 "," 3,387 ", 235 ," 368,151,340 "," 3,266 ", 240 ," 414,344,710 "," 3,553 ", 292 
서울,성북구,여,30~39세," 175,927,100 "," 1,627 ", 153 ," 165,158,580 "," 1,491 ", 167 ," 199,245,540 "," 1,896 ", 173 ," 185,159,690 "," 1,658 ", 163 ," 176,615,400 "," 1,540 ", 179 
서울,성북구,여,40~49세," 138,097,970 "," 1,319 ", 130 ," 122,226,370 "," 1,144 ", 115 ," 97,732,010 "," 1,024 ", 123 ," 100,102,010 "," 1,026 ", 115 ," 108,414,260 "," 1,074 ", 124 
서울,성북구,여,50~59세," 83,136,280 ", 904 , 104 ," 76,937,170 ", 864 , 102 ," 73,874,720 ", 802 , 111 ," 93,579,070 ", 881 , 108 ," 116,417,720 ", 972 , 113 
서울,성북구,여,60~69세," 78,602,590 ", 869 , 97 ," 80,996,290 ", 844 , 93 ," 72,738,140 ", 834 , 101 ," 84,042,120 ", 950 , 92 ," 69,284,380 ", 752 , 90 
서울,성북구,여,70~79세," 82,095,460 ", 700 , 56 ," 47,707,790 ", 485 , 56 ," 42,118,680 ", 437 , 55 ," 45,090,490 ", 498 , 60 ," 45,222,380 ", 446 , 63 
서울,성북구,여,80~89세," 7,082,440 ", 118 , 21 ," 9,101,710 ", 157 , 23 ," 8,556,290 ", 146 , 26 ," 19,032,300 ", 215 , 26 ," 23,003,700 ", 223 , 23 
서울,성북구,여,90~99세, - , - , - , - , - , - , - , - , - , - , - , - , - , - , - 
서울,성북구,여,100세 이상, - , - , - , - , - , - , - , - , - , - , - , - , - , - , - 
서울,영등포구,남,0~9세, - , - , - , - , - , - , - , - , - , - , - , - , - , - , - 
서울,영등포구,남,10~19세, - , - , - ," 4,447,900 ", 55 , 15 ," 6,988,700 ", 92 , 19 ," 36,324,420 ", 365 , 26 ," 24,783,380 ", 245 , 26 
서울,영등포구,남,20~29세," 83,199,860 "," 1,043 ", 139 ," 113,936,080 "," 1,347 ", 142 ," 179,064,690 "," 1,964 ", 186 ," 141,985,440 "," 1,617 ", 166 ," 246,855,480 "," 2,441 ", 182 
서울,영등포구,남,30~39세," 121,046,200 "," 1,307 ", 127 ," 125,567,370 "," 1,321 ", 120 ," 113,009,490 "," 1,248 ", 143 ," 146,068,780 "," 1,558 ", 145 ," 162,005,310 "," 1,807 ", 167 
서울,영등포구,남,40~49세," 67,363,880 ", 793 , 107 ," 132,573,210 "," 1,422 ", 118 ," 133,575,750 "," 1,346 ", 128 ," 142,758,390 "," 1,439 ", 141 ," 178,848,460 "," 1,680 ", 133 
서울,영등포구,남,50~59세," 80,607,410 "," 1,069 ", 98 ," 77,848,860 ", 969 , 106 ," 61,144,380 ", 763 , 96 ," 93,629,720 "," 1,216 ", 121 ," 150,232,190 "," 1,618 ", 132 
서울,영등포구,남,60~69세," 75,561,760 ", 943 , 68 ," 123,364,270 "," 1,360 ", 71 ," 94,121,290 "," 1,056 ", 86 ," 109,926,230 "," 1,240 ", 89 ," 80,602,530 ", 914 , 103 
서울,영등포구,남,70~79세," 24,942,790 ", 312 , 47 ," 26,539,940 ", 326 , 41 ," 66,951,700 ", 691 , 45 ," 92,458,680 ", 906 , 54 ," 134,128,120 "," 1,250 ", 60 
서울,영등포구,남,80~89세," 6,040,550 ", 97 , 21 ," 6,580,400 ", 88 , 19 ," 10,069,280 ", 130 , 23 ," 27,043,230 ", 302 , 19 ," 39,650,590 ", 453 , 16 
서울,영등포구,남,90~99세, - , - , - , - , - , - , - , - , - , - , - , - , - , - , - 
서울,영등포구,남,100세 이상, - , - , - , - , - , - , - , - , - , - , - , - , - , - , - 
서울,영등포구,여,0~9세, - , - , - , - , - , - , - , - , - , - , - , - , - , - , - 
서울,영등포구,여,10~19세," 10,634,670 ", 147 , 24 ," 12,514,610 ", 176 , 28 ," 7,766,160 ", 101 , 14 ," 16,185,090 ", 137 , 17 ," 36,739,160 ", 336 , 30 
서울,영등포구,여,20~29세," 130,632,650 "," 1,594 ", 167 ," 193,366,080 "," 2,464 ", 223 ," 226,465,440 "," 2,891 ", 282 ," 268,575,470 "," 3,257 ", 328 ," 282,767,420 "," 3,193 ", 329 
서울,영등포구,여,30~39세," 101,459,810 "," 1,190 ", 132 ," 149,583,650 "," 1,942 ", 172 ," 207,172,440 "," 2,496 ", 205 ," 246,866,840 "," 2,716 ", 250 ," 291,343,080 "," 3,195 ", 300 
서울,영등포구,여,40~49세," 100,080,520 "," 1,198 ", 126 ," 150,019,410 "," 1,665 ", 134 ," 158,530,070 "," 1,744 ", 158 ," 141,325,150 "," 1,506 ", 146 ," 205,314,410 "," 2,158 ", 165 
서울,영등포구,여,50~59세," 116,703,170 "," 1,461 ", 123 ," 101,041,560 "," 1,224 ", 116 ," 73,446,410 ", 867 , 135 ," 83,340,710 "," 1,017 ", 129 ," 92,690,880 "," 1,074 ", 131 
서울,영등포구,여,60~69세," 48,975,840 ", 631 , 102 ," 70,218,010 ", 825 , 109 ," 66,581,950 ", 748 , 124 ," 74,943,560 ", 819 , 140 ," 68,168,870 ", 767 , 116 
서울,영등포구,여,70~79세," 37,442,470 ", 537 , 82 ," 67,108,070 ", 784 , 78 ," 86,315,940 ", 865 , 100 ," 132,004,590 "," 1,381 ", 108 ," 122,719,140 "," 1,278 ", 88 
서울,영등포구,여,80~89세," 12,600,210 ", 187 , 43 ," 13,027,710 ", 146 , 34 ," 16,314,110 ", 153 , 35 ," 16,330,890 ", 149 , 35 ," 42,525,870 ", 473 , 38 
서울,영등포구,여,90~99세, - , - , - , - , - , - , - , - , - , - , - , - , - , - , - 
서울,영등포구,여,100세 이상, - , - , - , - , - , - , - , - , - , - , - , - , - , - , - 
서울,용산구,남,0~9세, - , - , - , - , - , - , - , - , - , - , - , - , - , - , - 
서울,용산구,남,10~19세," 20,566,670 ", 122 , 12 , - , - , - , - , - , - , - , - , - ," 14,187,680 ", 79 , 12 
서울,용산구,남,20~29세," 59,171,020 ", 435 , 43 ," 69,775,280 ", 491 , 47 ," 80,235,260 ", 607 , 52 ," 85,596,440 ", 671 , 79 ," 98,233,460 ", 784 , 83 
서울,용산구,남,30~39세," 18,172,830 ", 182 , 22 ," 46,404,740 ", 388 , 37 ," 64,684,570 ", 502 , 52 ," 43,677,860 ", 452 , 68 ," 64,339,510 ", 543 , 67 
서울,용산구,남,40~49세," 14,796,420 ", 135 , 20 ," 20,636,360 ", 180 , 23 ," 16,021,040 ", 179 , 25 ," 15,030,530 ", 158 , 23 ," 31,902,950 ", 229 , 31 
서울,용산구,남,50~59세," 23,850,730 ", 200 , 20 ," 27,546,950 ", 191 , 25 ," 12,266,120 ", 157 , 21 ," 11,290,940 ", 125 , 21 ," 21,902,900 ", 168 , 23 
서울,용산구,남,60~69세, - , - , - ," 2,739,560 ", 54 , 11 ," 4,524,100 ", 74 , 11 ," 15,094,900 ", 123 , 12 ," 6,327,350 ", 94 , 15 
서울,용산구,남,70~79세, - , - , - , - , - , - , - , - , - , - , - , - , - , - , - 
서울,용산구,남,80~89세, - , - , - , - , - , - , - , - , - , - , - , - , - , - , - 
서울,용산구,남,90~99세, - , - , - , - , - , - , - , - , - , - , - , - , - , - , - 
서울,용산구,남,100세 이상, - , - , - , - , - , - , - , - , - , - , - , - , - , - , - 
서울,용산구,여,0~9세, - , - , - , - , - , - , - , - , - , - , - , - , - , - , - 
서울,용산구,여,10~19세," 23,125,720 ", 140 , 13 ," 70,677,740 ", 325 , 17 ," 100,852,720 ", 499 , 24 ," 70,974,240 ", 388 , 31 ," 22,282,900 ", 129 , 13 
서울,용산구,여,20~29세," 61,688,480 ", 476 , 54 ," 245,310,530 "," 1,547 ", 107 ," 153,298,040 "," 1,393 ", 140 ," 221,239,130 "," 1,685 ", 188 ," 213,944,670 "," 1,733 ", 173 
서울,용산구,여,30~39세," 117,507,400 ", 678 , 51 ," 113,204,210 ", 808 , 67 ," 102,662,590 ", 843 , 78 ," 95,785,810 ", 817 , 115 ," 119,426,150 ", 918 , 109 
서울,용산구,여,40~49세," 57,219,870 ", 313 , 23 ," 35,930,110 ", 214 , 26 ," 32,539,600 ", 255 , 31 ," 38,599,140 ", 330 , 45 ," 42,754,830 ", 392 , 41 
서울,용산구,여,50~59세," 57,556,880 ", 395 , 26 ," 18,730,260 ", 221 , 24 ," 51,130,020 ", 337 , 34 ," 46,752,230 ", 339 , 39 ," 45,158,220 ", 366 , 32 
서울,용산구,여,60~69세," 41,367,070 ", 234 , 22 ," 24,984,150 ", 166 , 21 ," 14,254,190 ", 130 , 20 ," 13,000,920 ", 130 , 22 ," 27,624,610 ", 189 , 23 
서울,용산구,여,70~79세," 16,581,520 ", 108 , 18 ," 15,396,740 ", 117 , 19 ," 9,330,040 ", 82 , 16 ," 6,461,540 ", 60 , 12 , - , - , - 
서울,용산구,여,80~89세, - , - , - , - , - , - , - , - , - , - , - , - ," 4,805,090 ", 48 , 10 
서울,용산구,여,90~99세, - , - , - , - , - , - , - , - , - , - , - , - , - , - , - 
서울,용산구,여,100세 이상, - , - , - , - , - , - , - , - , - , - , - , - , - , - , - 
서울,은평구,남,0~9세, - , - , - , - , - , - , - , - , - , - , - , - , - , - , - 
서울,은평구,남,10~19세," 19,006,300 ", 329 , 35 ," 17,416,550 ", 265 , 36 ," 14,590,860 ", 214 , 40 ," 30,070,350 ", 370 , 41 ," 26,236,350 ", 273 , 35 
서울,은평구,남,20~29세," 91,732,070 "," 1,236 ", 139 ," 98,923,450 "," 1,263 ", 126 ," 109,736,860 "," 1,535 ", 161 ," 92,781,460 "," 1,337 ", 169 ," 97,644,060 "," 1,350 ", 146 
서울,은평구,남,30~39세," 86,097,610 "," 1,021 ", 85 ," 65,046,040 ", 785 , 72 ," 71,741,630 ", 841 , 81 ," 61,731,920 ", 706 , 102 ," 69,843,570 ", 731 , 86 
서울,은평구,남,40~49세," 85,526,640 "," 1,022 ", 84 ," 55,093,280 ", 746 , 78 ," 46,078,430 ", 728 , 85 ," 52,765,970 ", 697 , 79 ," 78,667,290 ", 908 , 96 
서울,은평구,남,50~59세," 61,414,320 ", 804 , 65 ," 34,992,280 ", 514 , 67 ," 34,973,560 ", 500 , 73 ," 39,657,430 ", 537 , 65 ," 38,100,610 ", 488 , 54 
서울,은평구,남,60~69세," 60,473,950 ", 813 , 65 ," 59,509,660 ", 826 , 65 ," 30,663,210 ", 524 , 60 ," 39,252,000 ", 598 , 70 ," 32,760,550 ", 524 , 58 
서울,은평구,남,70~79세," 16,092,110 ", 304 , 42 ," 11,237,740 ", 240 , 44 ," 17,697,090 ", 269 , 43 ," 12,005,100 ", 266 , 39 ," 12,938,110 ", 236 , 36 
서울,은평구,남,80~89세," 6,623,620 ", 197 , 27 ," 5,784,660 ", 212 , 34 ," 5,098,700 ", 173 , 35 ," 5,299,840 ", 124 , 32 ," 5,289,160 ", 149 , 38 
서울,은평구,남,90~99세, - , - , - , - , - , - , - , - , - , - , - , - , - , - , - 
서울,은평구,남,100세 이상, - , - , - , - , - , - , - , - , - , - , - , - , - , - , - 
서울,은평구,여,0~9세, - , - , - , - , - , - , - , - , - , - , - , - , - , - , - 
서울,은평구,여,10~19세," 21,871,710 ", 339 , 39 ," 24,282,680 ", 302 , 35 ," 22,787,490 ", 300 , 47 ," 29,403,910 ", 368 , 43 ," 28,494,330 ", 352 , 37 
서울,은평구,여,20~29세," 91,102,930 "," 1,197 ", 110 ," 102,212,970 "," 1,395 ", 150 ," 157,510,650 "," 2,162 ", 232 ," 202,562,630 "," 2,516 ", 289 ," 229,057,130 "," 2,823 ", 263 
서울,은평구,여,30~39세," 141,795,170 "," 1,737 ", 129 ," 115,456,940 "," 1,444 ", 128 ," 125,730,590 "," 1,597 ", 158 ," 159,822,850 "," 1,797 ", 188 ," 153,266,490 "," 1,931 ", 180 
서울,은평구,여,40~49세," 112,936,560 "," 1,463 ", 109 ," 78,743,770 "," 1,079 ", 109 ," 123,923,640 "," 1,577 ", 143 ," 86,432,910 "," 1,182 ", 144 ," 130,685,530 "," 1,475 ", 145 
서울,은평구,여,50~59세," 93,902,100 "," 1,240 ", 108 ," 71,324,230 "," 1,004 ", 106 ," 87,081,490 "," 1,141 ", 111 ," 76,060,480 "," 1,021 ", 113 ," 66,720,300 ", 924 , 97 
서울,은평구,여,60~69세," 71,722,060 ", 967 , 90 ," 45,718,010 ", 700 , 91 ," 42,506,840 ", 651 , 94 ," 39,712,880 ", 592 , 83 ," 55,405,510 ", 666 , 87 
서울,은평구,여,70~79세," 24,140,250 ", 463 , 70 ," 22,591,270 ", 412 , 71 ," 27,122,680 ", 419 , 67 ," 40,718,400 ", 601 , 71 ," 47,311,260 ", 607 , 66 
서울,은평구,여,80~89세," 7,033,270 ", 297 , 53 ," 7,995,230 ", 365 , 60 ," 12,949,510 ", 450 , 57 ," 7,604,040 ", 344 , 60 ," 8,771,750 ", 380 , 71 
서울,은평구,여,90~99세," 657,970 ", 137 , 26 ," 1,998,080 ", 163 , 21 ," 1,130,050 ", 196 , 23 ," 10,193,400 ", 190 , 26 ," 8,972,200 ", 225 , 30 
서울,은평구,여,100세 이상, - , - , - , - , - , - , - , - , - , - , - , - , - , - , - 
서울,종로구,남,0~9세, - , - , - , - , - , - , - , - , - , - , - , - , - , - , - 
서울,종로구,남,10~19세," 162,381,700 ", 868 , 77 ," 83,116,120 ", 686 , 79 ," 53,820,180 ", 515 , 65 ," 96,300,930 ", 642 , 63 ," 85,627,330 ", 651 , 79 
서울,종로구,남,20~29세," 399,584,260 "," 4,009 ", 371 ," 490,354,930 "," 4,406 ", 433 ," 409,686,390 "," 3,864 ", 402 ," 335,565,840 "," 3,168 ", 392 ," 289,683,170 "," 2,932 ", 355 
서울,종로구,남,30~39세," 194,725,070 "," 1,935 ", 270 ," 229,618,720 "," 2,156 ", 266 ," 267,348,540 "," 2,272 ", 292 ," 229,086,210 "," 2,072 ", 276 ," 289,532,540 "," 2,311 ", 304 
서울,종로구,남,40~49세," 127,550,460 "," 1,275 ", 181 ," 101,655,350 "," 1,272 ", 182 ," 115,033,460 "," 1,306 ", 190 ," 110,173,580 "," 1,283 ", 213 ," 182,513,900 "," 1,465 ", 212 
서울,종로구,남,50~59세," 96,613,980 "," 1,061 ", 146 ," 86,381,290 ", 881 , 130 ," 95,880,080 ", 847 , 128 ," 85,886,580 ", 871 , 132 ," 81,222,790 ", 908 , 152 
서울,종로구,남,60~69세," 46,999,180 ", 683 , 119 ," 73,909,760 ", 837 , 128 ," 64,319,040 ", 733 , 120 ," 56,717,960 ", 554 , 101 ," 53,867,630 ", 580 , 102 
서울,종로구,남,70~79세," 40,030,750 ", 451 , 72 ," 27,219,310 ", 397 , 66 ," 56,279,570 ", 447 , 67 ," 31,060,320 ", 385 , 72 ," 29,161,970 ", 406 , 68 
서울,종로구,남,80~89세," 6,583,010 ", 101 , 24 ," 5,599,790 ", 85 , 19 ," 18,216,390 ", 134 , 21 ," 5,905,070 ", 103 , 26 ," 36,406,220 ", 215 , 33 
서울,종로구,남,90~99세, - , - , - , - , - , - , - , - , - , - , - , - , - , - , - 
서울,종로구,남,100세 이상, - , - , - , - , - , - , - , - , - , - , - , - , - , - , - 
서울,종로구,여,0~9세, - , - , - , - , - , - , - , - , - , - , - , - , - , - , - 
서울,종로구,여,10~19세," 242,934,870 "," 1,733 ", 136 ," 200,583,330 "," 1,609 ", 136 ," 216,879,840 "," 1,667 ", 140 ," 213,051,660 "," 1,458 ", 121 ," 214,785,090 "," 1,438 ", 128 
서울,종로구,여,20~29세," 595,925,540 "," 5,610 ", 503 ," 718,865,240 "," 7,157 ", 654 ," 934,129,460 "," 8,161 ", 732 ," 965,546,150 "," 7,806 ", 753 ," 990,468,830 "," 8,218 ", 798 
서울,종로구,여,30~39세," 288,942,630 "," 3,002 ", 395 ," 352,391,920 "," 3,434 ", 426 ," 425,719,960 "," 3,762 ", 462 ," 518,533,500 "," 4,491 ", 500 ," 596,022,170 "," 5,000 ", 567 
서울,종로구,여,40~49세," 260,726,890 "," 2,500 ", 336 ," 278,377,650 "," 2,827 ", 361 ," 240,705,960 "," 2,641 ", 375 ," 268,038,510 "," 2,523 ", 343 ," 296,759,780 "," 2,865 ", 387 
서울,종로구,여,50~59세," 184,070,490 "," 2,036 ", 286 ," 145,517,340 "," 1,822 ", 276 ," 184,205,660 "," 1,948 ", 282 ," 188,891,000 "," 1,857 ", 274 ," 168,635,160 "," 1,765 ", 258 
서울,종로구,여,60~69세," 142,734,290 "," 1,373 ", 219 ," 118,760,750 "," 1,324 ", 217 ," 120,016,510 "," 1,299 ", 225 ," 110,636,630 "," 1,278 ", 222 ," 96,629,670 "," 1,258 ", 220 
서울,종로구,여,70~79세," 99,547,280 ", 664 , 90 ," 61,572,370 ", 528 , 81 ," 22,757,320 ", 361 , 69 ," 23,766,400 ", 351 , 77 ," 73,085,030 ", 629 , 98 
서울,종로구,여,80~89세," 10,627,290 ", 202 , 35 ," 8,847,090 ", 184 , 32 ," 7,512,200 ", 121 , 34 ," 9,514,010 ", 136 , 37 ," 14,175,810 ", 140 , 37 
서울,종로구,여,90~99세, - , - , - , - , - , - , - , - , - , - , - , - ," 671,730 ", 32 , 14 
서울,종로구,여,100세 이상, - , - , - , - , - , - , - , - , - , - , - , - , - , - , - 
서울,중구,남,0~9세, - , - , - , - , - , - , - , - , - , - , - , - , - , - , - 
서울,중구,남,10~19세, - , - , - , - , - , - , - , - , - , - , - , - , - , - , - 
서울,중구,남,20~29세," 28,991,850 ", 379 , 40 ," 26,584,580 ", 359 , 43 ," 29,406,310 ", 431 , 49 ," 53,636,300 ", 616 , 66 ," 55,647,580 ", 624 , 78 
서울,중구,남,30~39세," 11,404,610 ", 166 , 30 ," 14,895,410 ", 183 , 36 ," 20,003,690 ", 302 , 43 ," 26,151,240 ", 325 , 57 ," 39,142,070 ", 443 , 59 
서울,중구,남,40~49세," 25,973,860 ", 301 , 52 ," 21,823,800 ", 262 , 42 ," 23,917,190 ", 306 , 39 ," 21,770,580 ", 297 , 33 ," 24,668,910 ", 310 , 37 
서울,중구,남,50~59세," 31,007,890 ", 350 , 32 ," 24,251,860 ", 334 , 42 ," 23,055,620 ", 281 , 33 ," 25,581,130 ", 307 , 39 ," 27,996,460 ", 314 , 44 
서울,중구,남,60~69세," 16,482,180 ", 253 , 19 ," 22,105,920 ", 254 , 21 ," 19,337,090 ", 204 , 22 ," 17,014,740 ", 203 , 27 ," 14,276,950 ", 165 , 24 
서울,중구,남,70~79세," 6,849,150 ", 132 , 13 , - , - , - ," 5,332,930 ", 80 , 12 ," 7,483,140 ", 82 , 15 ," 6,397,200 ", 60 , 11 
서울,중구,남,80~89세, - , - , - , - , - , - , - , - , - , - , - , - , - , - , - 
서울,중구,남,90~99세, - , - , - , - , - , - , - , - , - , - , - , - , - , - , - 
서울,중구,남,100세 이상, - , - , - , - , - , - , - , - , - , - , - , - , - , - , - 
서울,중구,여,0~9세, - , - , - , - , - , - , - , - , - , - , - , - , - , - , - 
서울,중구,여,10~19세, - , - , - ," 5,835,130 ", 66 , 13 ," 5,425,510 ", 58 , 11 ," 6,226,860 ", 82 , 14 ," 8,895,210 ", 86 , 17 
서울,중구,여,20~29세," 47,132,480 ", 643 , 80 ," 66,430,260 ", 846 , 107 ," 95,395,490 "," 1,034 ", 113 ," 150,126,820 "," 1,556 ", 168 ," 155,599,520 "," 1,630 ", 179 
서울,중구,여,30~39세," 33,197,610 ", 372 , 49 ," 45,689,290 ", 529 , 62 ," 66,078,980 ", 605 , 69 ," 83,581,280 ", 827 , 103 ," 122,458,730 "," 1,184 ", 110 
서울,중구,여,40~49세," 31,512,680 ", 399 , 53 ," 22,176,010 ", 265 , 40 ," 20,514,920 ", 243 , 41 ," 25,649,770 ", 312 , 34 ," 31,461,220 ", 332 , 45 
서울,중구,여,50~59세," 35,720,840 ", 507 , 51 ," 42,033,670 ", 509 , 57 ," 35,171,400 ", 426 , 45 ," 32,345,360 ", 378 , 52 ," 31,017,250 ", 355 , 47 
서울,중구,여,60~69세," 32,436,720 ", 454 , 50 ," 31,186,220 ", 381 , 46 ," 31,826,690 ", 414 , 48 ," 46,345,670 ", 455 , 50 ," 33,481,760 ", 387 , 43 
서울,중구,여,70~79세," 22,738,790 ", 369 , 33 ," 20,638,780 ", 283 , 31 ," 20,229,370 ", 264 , 24 ," 21,509,810 ", 294 , 29 ," 15,274,660 ", 209 , 24 
서울,중구,여,80~89세," 12,683,540 ", 183 , 22 ," 11,245,960 ", 161 , 22 ," 7,528,940 ", 93 , 13 ," 6,647,370 ", 82 , 16 ," 9,123,050 ", 127 , 12 
서울,중구,여,90~99세, - , - , - , - , - , - , - , - , - , - , - , - , - , - , - 
서울,중구,여,100세 이상, - , - , - , - , - , - , - , - , - , - , - , - , - , - , - 
서울,송파구,남,0~9세, - , - , - , - , - , - , - , - , - , - , - , - , - , - , - 
서울,송파구,남,10~19세," 41,360,500 ", 569 , 53 ," 43,626,150 ", 506 , 64 ," 69,279,200 ", 759 , 65 ," 130,895,370 ", 981 , 97 ," 169,897,910 "," 1,174 ", 135 
서울,송파구,남,20~29세," 134,062,020 "," 1,707 ", 183 ," 187,118,810 "," 2,265 ", 232 ," 315,011,260 "," 3,217 ", 269 ," 388,309,720 "," 3,365 ", 339 ," 478,193,040 "," 3,999 ", 395 
서울,송파구,남,30~39세," 147,628,380 "," 2,074 ", 182 ," 191,100,730 "," 2,416 ", 199 ," 222,460,450 "," 2,644 ", 222 ," 273,055,490 "," 2,810 ", 263 ," 318,432,670 "," 2,941 ", 299 
서울,송파구,남,40~49세," 146,273,100 "," 1,608 ", 131 ," 131,192,170 "," 1,606 ", 151 ," 130,436,500 "," 1,615 ", 145 ," 204,603,580 "," 2,027 ", 196 ," 212,884,250 "," 2,074 ", 198 
서울,송파구,남,50~59세," 61,708,970 ", 879 , 88 ," 38,788,910 ", 673 , 101 ," 61,117,160 ", 872 , 108 ," 79,996,640 "," 1,006 ", 124 ," 101,114,890 "," 1,130 ", 141 
서울,송파구,남,60~69세," 80,562,450 "," 1,016 ", 87 ," 98,379,140 "," 1,308 ", 89 ," 66,459,780 ", 848 , 107 ," 81,368,810 ", 896 , 116 ," 110,325,490 "," 1,042 ", 126 
서울,송파구,남,70~79세," 25,608,580 ", 541 , 64 ," 38,230,830 ", 525 , 58 ," 31,454,720 ", 434 , 54 ," 53,647,260 ", 477 , 63 ," 45,018,760 ", 550 , 82 
서울,송파구,남,80~89세," 20,124,140 ", 422 , 32 ," 9,787,670 ", 282 , 34 ," 66,726,690 ", 405 , 36 ," 10,594,240 ", 282 , 43 ," 8,998,350 ", 223 , 43 
서울,송파구,남,90~99세, - , - , - , - , - , - , - , - , - , - , - , - , - , - , - 
서울,송파구,남,100세 이상, - , - , - , - , - , - , - , - , - , - , - , - , - , - , - 
서울,송파구,여,0~9세, - , - , - , - , - , - , - , - , - , - , - , - , - , - , - 
서울,송파구,여,10~19세," 133,944,120 "," 1,168 ", 77 ," 106,832,310 "," 1,019 ", 82 ," 196,793,240 "," 1,529 ", 113 ," 260,500,910 "," 1,800 ", 151 ," 322,605,360 "," 2,035 ", 205 
서울,송파구,여,20~29세," 241,786,190 "," 3,090 ", 273 ," 380,176,530 "," 4,284 ", 385 ," 662,389,190 "," 6,091 ", 496 ," 857,253,860 "," 7,140 ", 602 ," 1,145,699,250 "," 8,347 ", 735 
서울,송파구,여,30~39세," 253,363,660 "," 3,045 ", 275 ," 330,538,590 "," 3,966 ", 325 ," 375,338,410 "," 4,202 ", 401 ," 560,714,980 "," 5,367 ", 499 ," 647,084,660 "," 5,649 ", 572 
서울,송파구,여,40~49세," 167,435,020 "," 2,112 ", 203 ," 253,573,880 "," 3,005 ", 240 ," 315,829,450 "," 3,299 ", 256 ," 287,381,600 "," 3,103 ", 302 ," 367,647,870 "," 3,548 ", 355 
서울,송파구,여,50~59세," 120,733,790 "," 1,848 ", 146 ," 144,485,650 "," 1,927 ", 165 ," 213,614,100 "," 2,693 ", 185 ," 304,588,350 "," 3,445 ", 221 ," 239,508,190 "," 2,486 ", 227 
서울,송파구,여,60~69세," 100,592,660 "," 1,274 ", 95 ," 107,930,280 "," 1,284 ", 116 ," 168,323,370 "," 1,622 ", 132 ," 194,052,610 "," 1,997 ", 151 ," 156,054,490 "," 1,630 ", 153 
서울,송파구,여,70~79세," 38,202,180 ", 819 , 72 ," 62,205,200 "," 1,136 ", 78 ," 67,945,730 "," 1,046 ", 92 ," 119,766,690 "," 1,363 ", 109 ," 97,260,800 ", 998 , 103 
서울,송파구,여,80~89세," 29,216,730 ", 626 , 57 ," 17,538,350 ", 455 , 48 ," 8,754,080 ", 300 , 56 ," 12,096,570 ", 376 , 69 ," 14,807,490 ", 440 , 84 
서울,송파구,여,90~99세," 3,408,730 ", 145 , 22 ," 3,009,980 ", 144 , 22 ," 2,284,180 ", 124 , 24 ," 2,035,960 ", 200 , 37 ," 2,147,870 ", 228 , 38 
서울,송파구,여,100세 이상, - , - , - , - , - , - , - , - , - , - , - , - , - , - , - 
서울,중랑구,남,0~9세, - , - , - , - , - , - , - , - , - , - , - , - , - , - , - 
서울,중랑구,남,10~19세," 37,570,240 ", 590 , 20 ," 57,779,730 ", 811 , 28 ," 89,954,200 "," 1,244 ", 26 ," 62,356,600 ", 585 , 27 ," 55,866,590 ", 595 , 34 
서울,중랑구,남,20~29세," 66,399,550 ", 924 , 97 ," 51,646,510 ", 766 , 90 ," 92,506,070 "," 1,049 ", 104 ," 143,903,850 "," 1,433 ", 135 ," 112,620,420 "," 1,332 ", 124 
서울,중랑구,남,30~39세," 27,507,270 ", 494 , 70 ," 32,917,540 ", 542 , 70 ," 59,324,800 ", 797 , 77 ," 56,042,850 ", 849 , 92 ," 86,048,560 "," 1,080 ", 104 
서울,중랑구,남,40~49세," 56,794,540 ", 498 , 44 ," 53,223,120 ", 733 , 40 ," 65,498,810 ", 891 , 48 ," 63,672,530 ", 793 , 63 ," 66,898,800 ", 614 , 62 
서울,중랑구,남,50~59세," 159,423,730 "," 1,743 ", 59 ," 95,187,210 "," 1,318 ", 55 ," 93,569,600 "," 1,184 ", 48 ," 50,582,340 ", 635 , 43 ," 76,907,040 ", 759 , 56 
서울,중랑구,남,60~69세," 56,473,470 ", 698 , 50 ," 36,392,400 ", 500 , 44 ," 24,498,530 ", 456 , 35 ," 97,334,270 "," 1,153 ", 40 ," 112,005,900 "," 1,197 ", 48 
서울,중랑구,남,70~79세," 33,619,740 ", 476 , 23 ," 28,377,220 ", 404 , 30 ," 4,992,480 ", 103 , 25 ," 18,773,770 ", 206 , 32 ," 24,059,570 ", 319 , 32 
서울,중랑구,남,80~89세," 13,225,810 ", 128 , 19 ," 3,415,610 ", 77 , 22 ," 3,153,650 ", 73 , 13 ," 3,687,590 ", 111 , 20 ," 10,420,630 ", 119 , 21 
서울,중랑구,남,90~99세, - , - , - , - , - , - , - , - , - , - , - , - , - , - , - 
서울,중랑구,남,100세 이상, - , - , - , - , - , - , - , - , - , - , - , - , - , - , - 
서울,중랑구,여,0~9세, - , - , - , - , - , - , - , - , - , - , - , - , - , - , - 
서울,중랑구,여,10~19세," 35,583,540 ", 299 , 19 ," 30,908,760 ", 392 , 27 ," 82,299,290 "," 1,066 ", 39 ," 90,692,370 ", 989 , 56 ," 109,592,590 "," 1,043 ", 55 
서울,중랑구,여,20~29세," 122,624,970 "," 1,610 ", 184 ," 140,962,750 "," 2,303 ", 250 ," 141,183,240 "," 2,202 ", 261 ," 232,036,700 "," 3,241 ", 298 ," 269,989,920 "," 3,033 ", 302 
서울,중랑구,여,30~39세," 77,261,620 "," 1,165 ", 120 ," 117,553,090 "," 1,697 ", 133 ," 83,286,280 "," 1,364 ", 149 ," 184,523,900 "," 2,011 ", 189 ," 243,970,540 "," 2,543 ", 222 
서울,중랑구,여,40~49세," 78,407,020 ", 895 , 72 ," 40,641,770 ", 754 , 76 ," 71,190,960 "," 1,011 ", 83 ," 102,647,910 "," 1,290 ", 89 ," 141,647,670 "," 1,375 ", 111 
서울,중랑구,여,50~59세," 50,800,060 ", 771 , 50 ," 24,973,190 ", 472 , 48 ," 48,903,500 ", 626 , 57 ," 74,683,400 ", 807 , 72 ," 71,481,680 ", 863 , 78 
서울,중랑구,여,60~69세," 49,079,760 ", 629 , 37 ," 23,925,800 ", 341 , 42 ," 30,873,840 ", 455 , 34 ," 71,679,430 ", 741 , 50 ," 52,202,770 ", 514 , 55 
서울,중랑구,여,70~79세," 10,311,770 ", 223 , 36 ," 11,630,080 ", 190 , 28 ," 15,809,290 ", 194 , 27 ," 39,229,080 ", 261 , 31 ," 17,267,150 ", 193 , 32 
서울,중랑구,여,80~89세," 2,533,040 ", 52 , 12 ," 3,190,490 ", 79 , 23 ," 614,520 ", 34 , 14 ," 7,720,240 ", 69 , 18 ," 2,430,700 ", 59 , 15 
서울,중랑구,여,90~99세, - , - , - , - , - , - , - , - , - , - , - , - , - , - , - 
서울,중랑구,여,100세 이상, - , - , - , - , - , - , - , - , - , - , - , - , - , - , - 
서울,양천구,남,0~9세, - , - , - , - , - , - , - , - , - , - , - , - , - , - , - 
서울,양천구,남,10~19세," 15,579,700 ", 159 , 20 ," 4,773,900 ", 86 , 12 ," 23,583,660 ", 151 , 15 ," 13,633,500 ", 155 , 17 ," 30,658,330 ", 247 , 33 
서울,양천구,남,20~29세," 31,705,940 ", 492 , 59 ," 37,552,570 ", 550 , 60 ," 42,135,100 ", 669 , 72 ," 72,218,730 ", 749 , 80 ," 48,392,920 ", 670 , 76 
서울,양천구,남,30~39세," 21,871,340 ", 306 , 43 ," 16,237,210 ", 285 , 41 ," 21,455,730 ", 359 , 43 ," 28,179,630 ", 426 , 50 ," 35,184,230 ", 460 , 53 
서울,양천구,남,40~49세," 20,100,200 ", 329 , 51 ," 21,861,740 ", 330 , 43 ," 38,109,990 ", 316 , 38 ," 13,701,920 ", 181 , 32 ," 21,285,620 ", 215 , 39 
서울,양천구,남,50~59세," 31,699,290 ", 417 , 50 ," 18,495,640 ", 347 , 43 ," 18,769,530 ", 360 , 49 ," 27,495,040 ", 385 , 43 ," 42,624,830 ", 418 , 45 
서울,양천구,남,60~69세," 21,677,310 ", 244 , 35 ," 11,851,640 ", 246 , 35 ," 14,441,720 ", 265 , 37 ," 35,152,390 ", 367 , 39 ," 18,482,960 ", 282 , 46 
서울,양천구,남,70~79세," 9,238,610 ", 123 , 24 ," 4,611,380 ", 129 , 22 ," 14,618,160 ", 154 , 20 ," 5,677,470 ", 166 , 24 ," 34,304,920 ", 236 , 27 
서울,양천구,남,80~89세," 2,185,650 ", 61 , 13 ," 1,526,570 ", 54 , 11 ," 13,192,310 ", 110 , 19 ," 19,772,090 ", 159 , 23 ," 13,743,440 ", 136 , 19 
서울,양천구,남,90~99세, - , - , - , - , - , - , - , - , - , - , - , - , - , - , - 
서울,양천구,남,100세 이상, - , - , - , - , - , - , - , - , - , - , - , - , - , - , - 
서울,양천구,여,0~9세, - , - , - , - , - , - , - , - , - , - , - , - , - , - , - 
서울,양천구,여,10~19세," 12,187,360 ", 187 , 24 ," 19,387,080 ", 212 , 21 ," 17,157,310 ", 188 , 26 ," 22,805,480 ", 203 , 32 ," 35,782,150 ", 377 , 40 
서울,양천구,여,20~29세," 32,045,460 ", 419 , 60 ," 47,042,140 ", 595 , 66 ," 69,767,740 ", 755 , 90 ," 85,578,550 ", 931 , 102 ," 111,473,780 "," 1,023 ", 105 
서울,양천구,여,30~39세," 54,340,770 ", 519 , 58 ," 39,198,570 ", 538 , 63 ," 44,995,580 ", 607 , 79 ," 59,515,230 ", 724 , 94 ," 98,739,320 "," 1,032 ", 98 
서울,양천구,여,40~49세," 27,493,240 ", 570 , 70 ," 21,938,810 ", 440 , 55 ," 28,707,130 ", 500 , 61 ," 52,875,190 ", 660 , 71 ," 51,732,800 ", 636 , 71 
서울,양천구,여,50~59세," 35,986,370 ", 525 , 67 ," 19,148,970 ", 420 , 49 ," 29,752,920 ", 464 , 53 ," 27,052,830 ", 461 , 54 ," 45,636,010 ", 500 , 62 
서울,양천구,여,60~69세," 14,750,830 ", 250 , 36 ," 11,174,130 ", 197 , 29 ," 18,701,760 ", 210 , 30 ," 13,170,630 ", 213 , 29 ," 17,248,970 ", 296 , 40 
서울,양천구,여,70~79세," 15,212,210 ", 224 , 32 ," 8,517,100 ", 181 , 23 ," 13,688,600 ", 156 , 26 ," 8,557,130 ", 171 , 29 ," 11,836,790 ", 228 , 34 
서울,양천구,여,80~89세," 3,231,680 ", 80 , 27 ," 3,567,510 ", 112 , 24 ," 2,092,320 ", 109 , 25 ," 1,777,410 ", 84 , 16 ," 9,381,900 ", 95 , 17 
서울,양천구,여,90~99세," 581,560 ", 35 , 13 , - , - , - , - , - , - ," 438,340 ", 36 , 13 ," 460,240 ", 72 , 11 
서울,양천구,여,100세 이상, - , - , - , - , - , - , - , - , - , - , - , - , - , - , - 
서울,서초구,남,0~9세, - , - , - , - , - , - , - , - , - , - , - , - , - , - , - 
서울,서초구,남,10~19세," 55,981,530 ", 662 , 73 ," 53,876,400 ", 612 , 76 ," 39,826,290 ", 485 , 63 ," 62,366,180 ", 657 , 72 ," 64,642,390 ", 636 , 75 
서울,서초구,남,20~29세," 163,546,170 "," 1,863 ", 205 ," 165,669,610 "," 2,015 ", 246 ," 198,674,020 "," 2,236 ", 282 ," 251,308,610 "," 2,335 ", 298 ," 299,309,420 "," 2,416 ", 308 
서울,서초구,남,30~39세," 83,558,930 "," 1,005 ", 131 ," 131,361,860 "," 1,410 ", 176 ," 167,317,940 "," 1,734 ", 201 ," 227,926,490 "," 2,219 ", 244 ," 212,819,520 "," 2,092 ", 238 
서울,서초구,남,40~49세," 100,947,970 "," 1,300 ", 142 ," 98,988,740 "," 1,163 ", 145 ," 106,616,040 "," 1,184 ", 161 ," 147,322,510 "," 1,520 ", 188 ," 135,803,380 "," 1,512 ", 190 
서울,서초구,남,50~59세," 100,824,180 ", 982 , 107 ," 75,824,980 "," 1,013 ", 117 ," 93,502,240 "," 1,039 ", 116 ," 115,877,420 "," 1,147 ", 140 ," 89,381,600 "," 1,116 ", 140 
서울,서초구,남,60~69세," 50,936,590 ", 725 , 86 ," 39,526,790 ", 641 , 82 ," 70,114,460 ", 724 , 84 ," 73,755,770 ", 790 , 106 ," 69,292,800 ", 854 , 105 
서울,서초구,남,70~79세," 25,107,620 ", 293 , 53 ," 25,331,440 ", 246 , 44 ," 41,451,360 ", 334 , 53 ," 30,593,510 ", 290 , 50 ," 37,429,150 ", 382 , 62 
서울,서초구,남,80~89세," 6,384,600 ", 106 , 20 ," 11,403,150 ", 135 , 19 ," 11,218,390 ", 134 , 24 ," 19,746,130 ", 211 , 28 ," 20,707,660 ", 202 , 32 
서울,서초구,남,90~99세, - , - , - , - , - , - , - , - , - , - , - , - , - , - , - 
서울,서초구,남,100세 이상, - , - , - , - , - , - , - , - , - , - , - , - , - , - , - 
서울,서초구,여,0~9세, - , - , - , - , - , - , - , - , - , - , - , - , - , - , - 
서울,서초구,여,10~19세," 76,727,970 ", 732 , 90 ," 92,328,340 ", 771 , 72 ," 112,968,710 "," 1,144 ", 108 ," 81,652,320 ", 841 , 99 ," 145,874,230 "," 1,017 ", 98 
서울,서초구,여,20~29세," 317,368,460 "," 3,504 ", 348 ," 415,515,010 "," 4,158 ", 412 ," 658,699,180 "," 6,071 ", 584 ," 588,368,580 "," 5,761 ", 609 ," 604,836,910 "," 5,392 ", 556 
서울,서초구,여,30~39세," 234,658,340 "," 2,563 ", 255 ," 343,047,480 "," 3,434 ", 310 ," 378,109,300 "," 3,815 ", 409 ," 475,700,440 "," 4,859 ", 491 ," 496,533,280 "," 5,079 ", 542 
서울,서초구,여,40~49세," 183,554,370 "," 1,795 ", 183 ," 152,672,480 "," 1,730 ", 204 ," 173,833,930 "," 2,067 ", 252 ," 188,921,180 "," 2,112 ", 276 ," 207,987,960 "," 2,289 ", 288 
서울,서초구,여,50~59세," 103,952,680 "," 1,270 ", 161 ," 127,080,550 "," 1,310 ", 152 ," 113,976,850 "," 1,300 ", 183 ," 160,988,360 "," 1,630 ", 202 ," 175,522,130 "," 1,813 ", 222 
서울,서초구,여,60~69세," 111,392,630 "," 1,041 ", 108 ," 108,137,560 ", 918 , 111 ," 110,782,520 "," 1,003 ", 138 ," 184,343,580 "," 1,372 ", 166 ," 144,465,480 "," 1,323 ", 185 
서울,서초구,여,70~79세," 37,708,310 ", 392 , 70 ," 32,008,890 ", 381 , 68 ," 45,707,290 ", 440 , 68 ," 68,508,530 ", 593 , 85 ," 72,007,850 ", 617 , 107 
서울,서초구,여,80~89세," 19,007,390 ", 136 , 30 ," 20,894,810 ", 186 , 35 ," 27,049,320 ", 206 , 37 ," 26,870,560 ", 233 , 46 ," 15,172,850 ", 176 , 45 
서울,서초구,여,90~99세, - , - , - , - , - , - , - , - , - , - , - , - , - , - , - 
서울,서초구,여,100세 이상, - , - , - , - , - , - , - , - , - , - , - , - , - , - , - 
서울,노원구,남,0~9세, - , - , - , - , - , - ," 3,550,480 ", 49 , 13 , - , - , - ," 4,493,600 ", 68 , 11 
서울,노원구,남,10~19세," 40,323,140 ", 507 , 63 ," 49,176,030 ", 488 , 59 ," 44,756,160 ", 565 , 61 ," 67,428,980 ", 617 , 73 ," 48,198,170 ", 580 , 69 
서울,노원구,남,20~29세," 98,543,830 "," 1,223 ", 120 ," 118,926,310 "," 1,256 ", 132 ," 71,489,290 "," 1,137 ", 123 ," 73,081,440 "," 1,024 ", 111 ," 71,087,910 "," 1,067 ", 123 
서울,노원구,남,30~39세," 60,933,950 ", 493 , 47 ," 56,694,430 ", 644 , 64 ," 53,537,800 ", 622 , 72 ," 45,100,710 ", 516 , 68 ," 34,801,140 ", 443 , 57 
서울,노원구,남,40~49세," 49,336,450 ", 567 , 69 ," 33,170,580 ", 453 , 65 ," 47,994,250 ", 538 , 67 ," 29,434,550 ", 452 , 62 ," 26,060,080 ", 376 , 57 
서울,노원구,남,50~59세," 38,260,950 ", 480 , 62 ," 54,840,770 ", 557 , 62 ," 33,658,510 ", 485 , 62 ," 30,551,610 ", 449 , 60 ," 29,950,230 ", 444 , 59 
서울,노원구,남,60~69세," 18,046,690 ", 286 , 41 ," 61,864,030 ", 539 , 50 ," 32,564,070 ", 430 , 55 ," 24,114,160 ", 415 , 53 ," 31,825,820 ", 440 , 58 
서울,노원구,남,70~79세," 19,513,110 ", 182 , 31 ," 13,549,750 ", 143 , 23 ," 14,630,600 ", 164 , 29 ," 20,265,070 ", 173 , 24 ," 24,707,770 ", 170 , 23 
서울,노원구,남,80~89세, - , - , - , - , - , - , - , - , - , - , - , - ," 699,120 ", 30 , 13 
서울,노원구,남,90~99세, - , - , - , - , - , - , - , - , - , - , - , - , - , - , - 
서울,노원구,남,100세 이상, - , - , - , - , - , - , - , - , - , - , - , - , - , - , - 
서울,노원구,여,0~9세, - , - , - , - , - , - , - , - , - , - , - , - , - , - , - 
서울,노원구,여,10~19세," 34,481,830 ", 561 , 60 ," 99,744,930 ", 899 , 68 ," 127,522,480 ", 855 , 66 ," 87,847,380 ", 780 , 66 ," 125,530,680 ", 868 , 62 
서울,노원구,여,20~29세," 125,560,580 "," 1,403 ", 142 ," 151,655,620 "," 1,892 ", 175 ," 203,409,680 "," 2,338 ", 197 ," 198,358,720 "," 2,145 ", 214 ," 244,398,850 "," 1,991 ", 190 
서울,노원구,여,30~39세," 98,333,050 "," 1,273 ", 130 ," 169,269,610 "," 1,622 ", 146 ," 127,711,580 "," 1,336 ", 138 ," 133,969,690 "," 1,307 ", 132 ," 100,014,790 "," 1,213 ", 139 
서울,노원구,여,40~49세," 128,506,060 "," 1,551 ", 158 ," 138,792,490 "," 1,535 ", 134 ," 105,344,880 "," 1,209 ", 131 ," 88,173,830 "," 1,088 ", 127 ," 85,204,640 "," 1,076 ", 120 
서울,노원구,여,50~59세," 129,485,590 "," 1,335 ", 122 ," 83,588,890 "," 1,151 ", 121 ," 91,661,540 "," 1,202 ", 122 ," 98,923,000 "," 1,198 ", 122 ," 83,351,060 "," 1,057 ", 112 
서울,노원구,여,60~69세," 70,357,400 ", 751 , 80 ," 79,634,340 ", 755 , 85 ," 58,336,780 ", 658 , 85 ," 62,519,570 ", 719 , 78 ," 54,022,530 ", 725 , 90 
서울,노원구,여,70~79세," 31,857,630 ", 309 , 43 ," 35,804,760 ", 371 , 40 ," 27,305,240 ", 296 , 37 ," 18,413,520 ", 251 , 41 ," 21,334,290 ", 294 , 41 
서울,노원구,여,80~89세," 1,188,850 ", 35 , 10 ," 4,845,240 ", 85 , 21 ," 6,111,820 ", 112 , 23 ," 7,693,690 ", 151 , 27 ," 5,780,800 ", 99 , 20 
서울,노원구,여,90~99세, - , - , - , - , - , - , - , - , - , - , - , - , - , - , - 
서울,노원구,여,100세 이상, - , - , - , - , - , - , - , - , - , - , - , - , - , - , - 
서울,광진구,남,0~9세, - , - , - , - , - , - , - , - , - , - , - , - , - , - , - 
서울,광진구,남,10~19세," 48,971,300 ", 509 , 48 ," 21,929,580 ", 268 , 37 ," 48,447,900 ", 343 , 35 ," 15,043,080 ", 169 , 26 ," 36,463,250 ", 308 , 38 
서울,광진구,남,20~29세," 147,927,610 "," 1,597 ", 166 ," 131,515,620 "," 1,462 ", 190 ," 155,252,930 "," 1,451 ", 167 ," 159,976,790 "," 1,341 ", 159 ," 167,190,240 "," 1,428 ", 161 
서울,광진구,남,30~39세," 101,169,020 "," 1,109 ", 127 ," 110,035,650 "," 1,059 ", 130 ," 85,629,100 ", 965 , 117 ," 81,205,570 ", 856 , 111 ," 154,170,370 "," 1,327 ", 130 
서울,광진구,남,40~49세," 94,224,270 "," 1,102 ", 118 ," 72,617,940 ", 729 , 97 ," 53,631,000 ", 643 , 100 ," 69,670,650 ", 718 , 91 ," 90,098,850 ", 895 , 103 
서울,광진구,남,50~59세," 97,836,030 "," 1,178 ", 118 ," 57,986,020 ", 782 , 102 ," 52,841,310 ", 693 , 94 ," 47,964,390 ", 637 , 82 ," 76,032,050 ", 813 , 107 
서울,광진구,남,60~69세," 92,944,410 "," 1,227 ", 88 ," 78,877,550 "," 1,039 ", 92 ," 50,242,240 ", 649 , 92 ," 56,405,190 ", 685 , 90 ," 55,896,100 ", 688 , 83 
서울,광진구,남,70~79세," 70,641,260 ", 831 , 59 ," 31,701,220 ", 421 , 51 ," 39,675,180 ", 600 , 48 ," 48,693,260 ", 649 , 53 ," 48,958,650 ", 708 , 52 
서울,광진구,남,80~89세," 3,973,010 ", 62 , 13 ," 31,089,060 ", 380 , 19 ," 13,248,080 ", 176 , 20 ," 11,769,130 ", 154 , 20 ," 8,021,530 ", 94 , 18 
서울,광진구,남,90~99세, - , - , - , - , - , - , - , - , - , - , - , - , - , - , - 
서울,광진구,남,100세 이상, - , - , - , - , - , - , - , - , - , - , - , - , - , - , - 
서울,광진구,여,0~9세, - , - , - , - , - , - , - , - , - , - , - , - , - , - , - 
서울,광진구,여,10~19세," 91,659,520 ", 974 , 81 ," 36,409,290 ", 394 , 63 ," 27,065,130 ", 303 , 52 ," 28,736,560 ", 307 , 45 ," 49,772,960 ", 378 , 55 
서울,광진구,여,20~29세," 290,784,180 "," 3,095 ", 297 ," 295,705,420 "," 3,252 ", 360 ," 292,461,840 "," 3,281 ", 369 ," 373,573,320 "," 3,410 ", 342 ," 417,851,060 "," 3,750 ", 405 
서울,광진구,여,30~39세," 285,088,310 "," 2,682 ", 246 ," 230,165,880 "," 2,309 ", 266 ," 202,572,340 "," 2,277 ", 276 ," 298,985,190 "," 2,552 ", 265 ," 354,097,340 "," 3,203 ", 315 
서울,광진구,여,40~49세," 158,791,280 "," 1,594 ", 165 ," 122,959,740 "," 1,237 ", 165 ," 121,686,950 "," 1,307 ", 168 ," 146,134,190 "," 1,348 ", 161 ," 194,210,380 "," 1,829 ", 192 
서울,광진구,여,50~59세," 150,786,090 "," 1,810 ", 174 ," 104,959,030 "," 1,251 ", 159 ," 106,156,300 "," 1,293 ", 152 ," 138,199,700 "," 1,531 ", 149 ," 127,754,890 "," 1,418 ", 153 
서울,광진구,여,60~69세," 120,062,890 "," 1,251 ", 123 ," 58,942,550 ", 784 , 121 ," 70,024,310 ", 804 , 114 ," 152,476,640 "," 1,233 ", 114 ," 99,700,370 "," 1,060 ", 131 
서울,광진구,여,70~79세," 37,618,760 ", 458 , 64 ," 66,298,320 ", 553 , 56 ," 51,623,630 ", 591 , 51 ," 74,779,260 ", 641 , 59 ," 74,819,560 ", 686 , 61 
서울,광진구,여,80~89세," 9,464,680 ", 136 , 22 ," 10,103,300 ", 130 , 21 ," 4,345,110 ", 89 , 21 ," 39,148,130 ", 407 , 23 ," 40,479,850 ", 376 , 33 
서울,광진구,여,90~99세, - , - , - , - , - , - , - , - , - , - , - , - , - , - , - 
서울,광진구,여,100세 이상, - , - , - , - , - , - , - , - , - , - , - , - , - , - , - 
서울,강북구,남,0~9세, - , - , - , - , - , - , - , - , - , - , - , - , - , - , - 
서울,강북구,남,10~19세, - , - , - , - , - , - , - , - , - , - , - , - , - , - , - 
서울,강북구,남,20~29세," 9,391,540 ", 197 , 21 ," 11,615,710 ", 212 , 21 ," 14,365,880 ", 258 , 30 ," 18,606,000 ", 311 , 34 ," 16,456,320 ", 298 , 30 
서울,강북구,남,30~39세," 6,219,600 ", 142 , 15 ," 4,415,360 ", 105 , 14 ," 6,855,780 ", 143 , 24 ," 10,168,930 ", 217 , 21 ," 11,551,800 ", 202 , 22 
서울,강북구,남,40~49세," 11,017,050 ", 303 , 29 ," 10,487,210 ", 265 , 29 ," 6,274,300 ", 151 , 18 ," 6,925,010 ", 161 , 19 ," 7,611,740 ", 179 , 18 
서울,강북구,남,50~59세," 8,589,410 ", 269 , 23 ," 8,309,250 ", 219 , 23 ," 10,819,760 ", 262 , 29 ," 10,767,280 ", 259 , 25 ," 11,934,890 ", 279 , 23 
서울,강북구,남,60~69세," 1,874,270 ", 54 , 11 ," 4,487,760 ", 108 , 12 ," 5,314,630 ", 116 , 14 ," 5,854,930 ", 123 , 14 ," 4,025,830 ", 100 , 12 
서울,강북구,남,70~79세, - , - , - ," 4,604,240 ", 106 , 17 ," 4,954,410 ", 98 , 18 ," 4,403,760 ", 83 , 13 ," 1,905,280 ", 42 , 11 
서울,강북구,남,80~89세, - , - , - , - , - , - ," 1,962,470 ", 66 , 11 ," 3,379,480 ", 96 , 12 ," 2,786,540 ", 75 , 12 
서울,강북구,남,90~99세, - , - , - , - , - , - , - , - , - , - , - , - , - , - , - 
서울,강북구,남,100세 이상, - , - , - , - , - , - , - , - , - , - , - , - , - , - , - 
서울,강북구,여,0~9세, - , - , - , - , - , - , - , - , - , - , - , - , - , - , - 
서울,강북구,여,10~19세, - , - , - , - , - , - , - , - , - , - , - , - ," 4,016,260 ", 52 , 11 
서울,강북구,여,20~29세," 21,379,880 ", 374 , 39 ," 32,103,440 ", 440 , 48 ," 43,145,780 ", 538 , 62 ," 37,689,130 ", 542 , 76 ," 29,847,610 ", 406 , 64 
서울,강북구,여,30~39세," 14,587,750 ", 282 , 32 ," 17,376,010 ", 310 , 43 ," 17,510,110 ", 294 , 40 ," 21,305,840 ", 405 , 45 ," 22,925,670 ", 392 , 53 
서울,강북구,여,40~49세," 22,441,880 ", 521 , 48 ," 27,496,220 ", 593 , 52 ," 28,009,420 ", 577 , 39 ," 27,770,640 ", 539 , 43 ," 22,823,440 ", 430 , 40 
서울,강북구,여,50~59세," 14,309,280 ", 366 , 32 ," 22,521,120 ", 517 , 46 ," 18,974,260 ", 429 , 40 ," 16,993,880 ", 358 , 37 ," 20,397,400 ", 386 , 37 
서울,강북구,여,60~69세," 8,774,240 ", 245 , 31 ," 9,226,770 ", 249 , 30 ," 8,990,880 ", 227 , 25 ," 10,282,920 ", 226 , 23 ," 9,691,020 ", 206 , 31 
서울,강북구,여,70~79세," 5,192,330 ", 151 , 17 ," 5,175,300 ", 140 , 27 ," 4,626,440 ", 143 , 22 ," 6,842,820 ", 168 , 20 ," 7,425,610 ", 172 , 20 
서울,강북구,여,80~89세," 1,005,280 ", 62 , 18 ," 4,045,460 ", 139 , 28 ," 1,346,590 ", 133 , 30 ," 5,799,850 ", 150 , 36 ," 1,752,290 ", 74 , 26 
서울,강북구,여,90~99세," 347,930 ", 54 , 11 ," 802,290 ", 91 , 16 ," 3,049,360 ", 117 , 19 , - , - , - ," 686,350 ", 59 , 15 
서울,강북구,여,100세 이상, - , - , - , - , - , - , - , - , - , - , - , - , - , - , - 
서울,금천구,남,0~9세, - , - , - , - , - , - , - , - , - , - , - , - , - , - , - 
서울,금천구,남,10~19세, - , - , - , - , - , - , - , - , - , - , - , - , - , - , - 
서울,금천구,남,20~29세," 18,903,030 ", 286 , 30 ," 17,741,110 ", 288 , 33 ," 30,877,000 ", 382 , 41 ," 31,840,750 ", 383 , 41 ," 31,605,400 ", 330 , 41 
서울,금천구,남,30~39세," 20,168,760 ", 265 , 28 ," 40,716,370 ", 452 , 30 ," 54,506,620 ", 560 , 38 ," 59,501,450 ", 635 , 41 ," 83,783,850 ", 786 , 37 
서울,금천구,남,40~49세," 45,403,920 ", 624 , 32 ," 40,609,310 ", 581 , 32 ," 46,759,350 ", 561 , 37 ," 36,333,400 ", 472 , 30 ," 43,385,540 ", 509 , 36 
서울,금천구,남,50~59세," 108,775,750 "," 1,316 ", 21 ," 80,654,770 ", 856 , 22 ," 101,397,860 "," 1,010 ", 18 ," 77,618,330 ", 835 , 21 ," 49,390,760 ", 550 , 25 
서울,금천구,남,60~69세," 55,327,700 ", 651 , 25 ," 70,988,040 ", 775 , 23 ," 41,684,850 ", 443 , 18 ," 17,557,200 ", 220 , 17 ," 53,800,750 ", 584 , 18 
서울,금천구,남,70~79세, - , - , - , - , - , - , - , - , - , - , - , - ," 18,709,820 ", 222 , 13 
서울,금천구,남,80~89세, - , - , - , - , - , - , - , - , - , - , - , - , - , - , - 
서울,금천구,남,90~99세, - , - , - , - , - , - , - , - , - , - , - , - , - , - , - 
서울,금천구,남,100세 이상, - , - , - , - , - , - , - , - , - , - , - , - , - , - , - 
서울,금천구,여,0~9세, - , - , - , - , - , - , - , - , - , - , - , - , - , - , - 
서울,금천구,여,10~19세, - , - , - , - , - , - ," 13,156,400 ", 143 , 10 , - , - , - ," 3,857,450 ", 59 , 11 
서울,금천구,여,20~29세," 23,087,470 ", 298 , 32 ," 42,490,050 ", 508 , 52 ," 91,816,490 ", 979 , 75 ," 85,104,660 ", 898 , 85 ," 136,444,440 "," 1,245 ", 103 
서울,금천구,여,30~39세," 31,166,120 ", 440 , 50 ," 24,440,370 ", 342 , 45 ," 30,509,170 ", 381 , 56 ," 54,386,550 ", 587 , 57 ," 66,669,470 ", 596 , 67 
서울,금천구,여,40~49세," 60,772,030 ", 804 , 42 ," 73,723,150 ", 862 , 49 ," 63,487,030 ", 781 , 48 ," 41,559,180 ", 579 , 45 ," 64,807,770 ", 651 , 46 
서울,금천구,여,50~59세," 81,817,500 "," 1,019 ", 41 ," 58,652,390 ", 707 , 33 ," 18,282,910 ", 229 , 30 ," 34,803,210 ", 388 , 35 ," 48,299,710 ", 524 , 35 
서울,금천구,여,60~69세," 124,000,060 "," 1,392 ", 32 ," 101,718,550 ", 970 , 29 ," 15,431,410 ", 233 , 20 ," 51,099,630 ", 565 , 31 ," 38,916,110 ", 432 , 38 
서울,금천구,여,70~79세, - , - , - ," 44,933,490 ", 474 , 12 , - , - , - ," 5,815,100 ", 86 , 11 , - , - , - 
서울,금천구,여,80~89세, - , - , - , - , - , - , - , - , - , - , - , - , - , - , - 
서울,금천구,여,90~99세, - , - , - , - , - , - , - , - , - , - , - , - , - , - , - 
서울,금천구,여,100세 이상, - , - , - , - , - , - , - , - , - , - , - , - , - , - , - 