[시군구별 및 성별 및 연령별 우울증 진료현황],,,,,,,,,,,,,,,,,,
,,,,,,,,,,,,,,,,,,
,,,,,,,,,,,,,,,,,"(단위: 원, 일, 명)",
시도,시군구,성별,연령구분, 2019년 ,,, 2020년 ,,, 2021년 ,,, 2022년 ,,, 2023년 ,,
,,,,요양급여비용,입내원일수,환자수,요양급여비용,입내원일수,환자수,요양급여비용,입내원일수,환자수,요양급여비용,입내원일수,환자수,요양급여비용,입내원일수,환자수
서울,강남구,남,0~9세," 7,353,830 ", 83 , 15 , - , - , - ," 4,311,230 ", 37 , 16 ," 14,977,490 ", 104 , 29 ," 21,558,800 ", 179 , 43 
서울,강남구,남,10~19세," 381,610,530 "," 5,230 ", 621 ," 366,635,970 "," 4,884 ", 576 ," 499,047,160 "," 5,808 ", 670 ," 715,996,250 "," 7,525 ", 902 ," 915,102,870 "," 8,673 "," 1,055 "
서울,강남구,남,20~29세," 948,141,350 "," 12,866 "," 1,818 "," 1,262,841,540 "," 15,409 "," 1,999 "," 1,769,730,380 "," 18,921 "," 2,290 "," 2,194,649,860 "," 20,737 "," 2,578 "," 2,269,993,130 "," 20,803 "," 2,698 "
서울,강남구,남,30~39세," 789,313,250 "," 11,313 "," 1,644 "," 1,043,211,980 "," 13,234 "," 1,875 "," 1,443,243,300 "," 15,565 "," 2,132 "," 1,988,843,730 "," 18,796 "," 2,644 "," 2,585,071,050 "," 22,467 "," 3,101 "
서울,강남구,남,40~49세," 562,516,310 "," 8,497 "," 1,299 "," 739,667,840 "," 9,767 "," 1,390 "," 981,545,740 "," 11,642 "," 1,573 "," 1,279,850,000 "," 13,217 "," 1,934 "," 1,602,837,270 "," 15,141 "," 2,178 "
서울,강남구,남,50~59세," 476,045,820 "," 6,755 "," 1,051 "," 447,069,750 "," 6,451 ", 958 ," 646,540,440 "," 8,057 "," 1,105 "," 685,854,440 "," 8,711 "," 1,216 "," 850,032,490 "," 9,481 "," 1,388 "
서울,강남구,남,60~69세," 284,721,940 "," 4,033 ", 692 ," 283,074,830 "," 3,746 ", 600 ," 320,002,470 "," 4,183 ", 663 ," 376,939,900 "," 4,643 ", 710 ," 458,718,720 "," 5,185 ", 758 
서울,강남구,남,70~79세," 191,328,100 "," 2,776 ", 500 ," 184,368,220 "," 2,374 ", 402 ," 181,061,340 "," 2,501 ", 389 ," 214,101,080 "," 2,829 ", 439 ," 213,483,770 "," 2,737 ", 445 
서울,강남구,남,80~89세," 84,988,700 "," 1,148 ", 211 ," 53,624,890 "," 1,021 ", 190 ," 78,056,670 "," 1,111 ", 186 ," 84,693,800 "," 1,267 ", 212 ," 82,059,850 "," 1,192 ", 209 
서울,강남구,남,90~99세," 3,525,590 ", 84 , 17 ," 8,079,540 ", 126 , 23 ," 4,321,480 ", 93 , 19 ," 6,815,990 ", 115 , 21 ," 6,101,250 ", 109 , 27 
서울,강남구,남,100세 이상, - , - , - , - , - , - , - , - , - , - , - , - , - , - , - 
서울,강남구,여,0~9세, - , - , - , - , - , - ," 3,747,040 ", 40 , 13 ," 6,568,620 ", 59 , 17 ," 13,556,310 ", 105 , 20 
서울,강남구,여,10~19세," 604,011,650 "," 7,020 ", 854 ," 546,425,790 "," 6,747 ", 847 ," 746,113,940 "," 8,562 "," 1,043 "," 1,164,333,570 "," 11,593 "," 1,386 "," 1,543,936,920 "," 13,582 "," 1,681 "
서울,강남구,여,20~29세," 2,098,292,330 "," 27,737 "," 3,661 "," 3,190,841,620 "," 37,781 "," 4,640 "," 4,742,405,730 "," 48,418 "," 5,663 "," 5,132,790,110 "," 47,379 "," 6,311 "," 5,583,628,440 "," 47,563 "," 6,663 "
서울,강남구,여,30~39세," 1,754,811,150 "," 23,990 "," 3,191 "," 2,538,092,740 "," 31,394 "," 3,770 "," 3,572,300,320 "," 39,344 "," 4,657 "," 4,553,562,600 "," 44,530 "," 5,641 "," 5,566,349,930 "," 49,362 "," 6,343 "
서울,강남구,여,40~49세," 1,141,604,330 "," 16,378 "," 2,257 "," 1,341,845,600 "," 17,693 "," 2,299 "," 1,855,580,960 "," 22,271 "," 2,752 "," 2,525,331,860 "," 26,861 "," 3,491 "," 3,198,002,640 "," 31,437 "," 4,083 "
서울,강남구,여,50~59세," 872,369,990 "," 12,631 "," 1,907 "," 889,563,950 "," 12,579 "," 1,750 "," 1,094,582,520 "," 14,195 "," 1,960 "," 1,300,582,440 "," 15,695 "," 2,221 "," 1,615,375,190 "," 17,886 "," 2,399 "
서울,강남구,여,60~69세," 798,163,930 "," 10,024 "," 1,578 "," 731,171,530 "," 9,979 "," 1,465 "," 887,225,890 "," 10,887 "," 1,577 "," 953,849,810 "," 11,468 "," 1,678 "," 1,024,539,200 "," 11,927 "," 1,799 "
서울,강남구,여,70~79세," 574,912,950 "," 6,373 "," 1,095 "," 415,483,200 "," 5,617 ", 916 ," 446,308,360 "," 5,755 ", 928 ," 520,623,860 "," 6,504 "," 1,011 "," 545,225,560 "," 6,613 "," 1,051 "
서울,강남구,여,80~89세," 208,783,670 "," 2,502 ", 431 ," 183,547,430 "," 2,358 ", 395 ," 182,742,460 "," 2,511 ", 412 ," 173,220,410 "," 2,558 ", 438 ," 188,175,110 "," 2,839 ", 481 
서울,강남구,여,90~99세," 28,323,570 ", 288 , 58 ," 9,240,750 ", 211 , 39 ," 12,944,970 ", 252 , 46 ," 22,792,730 ", 361 , 68 ," 48,087,820 ", 540 , 64 
서울,강남구,여,100세 이상, - , - , - , - , - , - , - , - , - , - , - , - , - , - , - 
서울,강동구,남,0~9세, - , - , - , - , - , - , - , - , - ," 5,884,250 ", 51 , 24 ," 10,552,200 ", 124 , 31 
서울,강동구,남,10~19세," 84,473,290 "," 1,375 ", 202 ," 79,714,720 "," 1,351 ", 219 ," 147,676,380 "," 2,226 ", 254 ," 164,672,480 "," 2,366 ", 310 ," 183,391,300 "," 2,488 ", 336 
서울,강동구,남,20~29세," 210,909,080 "," 3,609 ", 551 ," 289,438,940 "," 4,605 ", 600 ," 391,472,710 "," 6,018 ", 723 ," 382,151,770 "," 5,721 ", 712 ," 417,906,140 "," 5,733 ", 722 
서울,강동구,남,30~39세," 163,746,540 "," 3,297 ", 521 ," 205,954,030 "," 3,594 ", 461 ," 256,680,890 "," 4,302 ", 555 ," 331,438,440 "," 4,990 ", 639 ," 345,200,510 "," 4,999 ", 670 
서울,강동구,남,40~49세," 208,601,430 "," 4,146 ", 592 ," 191,753,490 "," 3,782 ", 536 ," 309,692,830 "," 5,142 ", 626 ," 308,300,410 "," 4,972 ", 646 ," 368,490,570 "," 5,430 ", 675 
서울,강동구,남,50~59세," 169,956,280 "," 3,809 ", 609 ," 162,776,490 "," 3,451 ", 542 ," 173,317,190 "," 3,603 ", 546 ," 188,738,630 "," 3,483 ", 515 ," 210,482,200 "," 3,692 ", 540 
서울,강동구,남,60~69세," 262,653,080 "," 5,217 ", 869 ," 264,559,250 "," 4,865 ", 711 ," 331,255,620 "," 5,350 ", 679 ," 279,224,750 "," 4,771 ", 665 ," 240,046,310 "," 4,250 ", 600 
서울,강동구,남,70~79세," 558,354,000 "," 8,728 "," 1,405 "," 471,931,730 "," 7,627 "," 1,376 "," 604,124,690 "," 8,259 "," 1,339 "," 427,736,640 "," 6,416 "," 1,183 "," 518,575,380 "," 6,739 "," 1,043 "
서울,강동구,남,80~89세," 92,151,940 "," 1,827 ", 344 ," 117,894,680 "," 1,806 ", 322 ," 117,472,820 "," 1,827 ", 305 ," 121,768,140 "," 1,941 ", 333 ," 199,893,290 "," 2,571 ", 333 
서울,강동구,남,90~99세," 8,009,860 ", 164 , 35 ," 10,987,880 ", 240 , 54 ," 11,262,370 ", 231 , 49 ," 13,298,670 ", 238 , 61 ," 13,671,020 ", 239 , 65 
서울,강동구,남,100세 이상, - , - , - , - , - , - , - , - , - , - , - , - , - , - , - 
서울,강동구,여,0~9세, - , - , - , - , - , - , - , - , - ," 5,053,050 ", 49 , 14 ," 4,849,540 ", 56 , 16 
서울,강동구,여,10~19세," 161,321,720 "," 3,059 ", 351 ," 173,324,540 "," 2,769 ", 329 ," 238,620,400 "," 3,306 ", 399 ," 290,449,050 "," 3,859 ", 503 ," 344,301,770 "," 4,680 ", 605 
서울,강동구,여,20~29세," 337,173,100 "," 6,143 ", 880 ," 561,598,240 "," 9,356 "," 1,141 "," 914,351,680 "," 13,777 "," 1,498 "," 892,283,750 "," 12,985 "," 1,468 "," 879,938,400 "," 12,328 "," 1,502 "
서울,강동구,여,30~39세," 396,057,340 "," 7,292 ", 989 ," 463,265,930 "," 8,238 "," 1,024 "," 706,578,560 "," 11,249 "," 1,311 "," 811,780,160 "," 12,158 "," 1,508 "," 906,697,600 "," 12,885 "," 1,551 "
서울,강동구,여,40~49세," 374,682,000 "," 7,731 "," 1,026 "," 457,535,760 "," 8,337 ", 973 ," 530,154,180 "," 9,627 "," 1,106 "," 625,850,490 "," 10,281 "," 1,255 "," 749,289,710 "," 11,323 "," 1,406 "
서울,강동구,여,50~59세," 457,665,190 "," 8,858 "," 1,299 "," 440,179,340 "," 8,210 "," 1,095 "," 414,164,960 "," 8,245 "," 1,111 "," 463,809,840 "," 8,530 "," 1,118 "," 504,517,070 "," 8,382 "," 1,134 "
서울,강동구,여,60~69세," 572,098,510 "," 10,585 "," 1,634 "," 486,146,830 "," 9,713 "," 1,493 "," 564,634,290 "," 10,957 "," 1,569 "," 547,492,880 "," 10,522 "," 1,563 "," 573,192,460 "," 10,232 "," 1,449 "
서울,강동구,여,70~79세," 422,134,020 "," 7,345 "," 1,188 "," 437,371,970 "," 7,556 "," 1,095 "," 503,112,340 "," 8,216 "," 1,206 "," 425,666,910 "," 7,709 "," 1,226 "," 402,049,510 "," 7,393 "," 1,202 "
서울,강동구,여,80~89세," 188,579,780 "," 3,436 ", 503 ," 232,991,450 "," 3,672 ", 490 ," 208,452,000 "," 3,655 ", 513 ," 155,905,720 "," 3,082 ", 520 ," 237,895,300 "," 3,861 ", 546 
서울,강동구,여,90~99세," 141,035,900 "," 1,316 ", 49 ," 162,099,840 "," 1,325 ", 61 ," 152,897,840 "," 1,431 ", 74 ," 66,935,750 ", 821 , 70 ," 67,497,100 ", 931 , 70 
서울,강동구,여,100세 이상, - , - , - , - , - , - , - , - , - , - , - , - , - , - , - 
서울,강서구,남,0~9세, - , - , - , - , - , - ," 10,860,050 ", 154 , 19 ," 6,993,840 ", 139 , 19 ," 2,110,350 ", 26 , 12 
서울,강서구,남,10~19세," 75,018,540 "," 1,261 ", 183 ," 102,295,580 "," 1,471 ", 212 ," 155,402,140 "," 2,117 ", 272 ," 190,224,200 "," 2,441 ", 297 ," 180,763,360 "," 2,193 ", 279 
서울,강서구,남,20~29세," 219,528,890 "," 3,421 ", 490 ," 328,379,960 "," 4,886 ", 678 ," 447,433,430 "," 6,358 ", 825 ," 523,291,580 "," 6,889 ", 905 ," 529,269,810 "," 6,646 ", 884 
서울,강서구,남,30~39세," 227,522,330 "," 3,610 ", 564 ," 288,374,200 "," 4,477 ", 646 ," 436,143,340 "," 6,292 ", 805 ," 506,040,780 "," 6,433 ", 938 ," 529,609,980 "," 6,610 ", 933 
서울,강서구,남,40~49세," 173,231,930 "," 2,863 ", 430 ," 223,022,780 "," 3,458 ", 488 ," 294,023,440 "," 4,282 ", 567 ," 363,958,760 "," 4,832 ", 631 ," 376,439,260 "," 4,945 ", 629 
서울,강서구,남,50~59세," 122,946,000 "," 2,074 ", 298 ," 142,927,220 "," 2,364 ", 324 ," 162,316,920 "," 2,624 ", 373 ," 206,489,680 "," 3,089 ", 415 ," 236,401,530 "," 3,368 ", 451 
서울,강서구,남,60~69세," 95,186,660 "," 1,732 ", 271 ," 129,761,000 "," 2,277 ", 314 ," 131,128,010 "," 2,238 ", 333 ," 142,946,040 "," 2,285 ", 332 ," 167,888,320 "," 2,585 ", 365 
서울,강서구,남,70~79세," 59,354,600 "," 1,163 ", 180 ," 63,168,090 "," 1,283 ", 194 ," 72,547,310 "," 1,378 ", 210 ," 82,306,460 "," 1,437 ", 220 ," 89,333,430 "," 1,461 ", 216 
서울,강서구,남,80~89세," 12,377,240 ", 360 , 68 ," 21,117,410 ", 459 , 79 ," 25,501,780 ", 562 , 82 ," 30,753,060 ", 619 , 97 ," 29,189,180 ", 602 , 89 
서울,강서구,남,90~99세," 3,425,090 ", 86 , 10 ," 2,578,990 ", 78 , 13 ," 2,370,110 ", 48 , 11 , - , - , - ," 4,433,640 ", 58 , 12 
서울,강서구,남,100세 이상, - , - , - , - , - , - , - , - , - , - , - , - , - , - , - 
서울,강서구,여,0~9세, - , - , - , - , - , - , - , - , - , - , - , - ," 2,861,660 ", 45 , 13 
서울,강서구,여,10~19세," 158,943,510 "," 2,608 ", 350 ," 202,850,900 "," 2,913 ", 417 ," 282,968,630 "," 3,706 ", 491 ," 346,614,420 "," 4,251 ", 567 ," 363,137,060 "," 4,283 ", 585 
서울,강서구,여,20~29세," 629,370,890 "," 9,618 "," 1,262 "," 944,645,700 "," 13,620 "," 1,723 "," 1,337,811,710 "," 18,346 "," 2,196 "," 1,519,151,060 "," 18,867 "," 2,423 "," 1,381,941,170 "," 16,363 "," 2,280 "
서울,강서구,여,30~39세," 482,152,980 "," 7,252 ", 977 ," 737,978,490 "," 10,704 "," 1,236 "," 1,050,672,920 "," 14,295 "," 1,663 "," 1,315,919,600 "," 16,091 "," 2,043 "," 1,384,945,110 "," 16,393 "," 2,126 "
서울,강서구,여,40~49세," 346,646,730 "," 5,744 ", 676 ," 432,510,100 "," 6,803 ", 791 ," 544,081,930 "," 8,008 ", 988 ," 667,530,740 "," 9,078 "," 1,150 "," 800,297,220 "," 10,450 "," 1,225 "
서울,강서구,여,50~59세," 270,010,000 "," 4,791 ", 659 ," 321,124,990 "," 5,338 ", 710 ," 387,199,740 "," 6,102 ", 794 ," 460,727,120 "," 6,793 ", 847 ," 485,087,620 "," 6,762 ", 877 
서울,강서구,여,60~69세," 209,988,160 "," 4,261 ", 602 ," 245,529,430 "," 4,723 ", 700 ," 333,914,800 "," 6,019 ", 837 ," 401,212,480 "," 6,632 ", 893 ," 433,328,090 "," 6,944 ", 904 
서울,강서구,여,70~79세," 135,004,850 "," 2,768 ", 391 ," 153,926,350 "," 3,006 ", 443 ," 183,933,070 "," 3,474 ", 507 ," 218,204,980 "," 3,802 ", 556 ," 238,043,620 "," 4,066 ", 560 
서울,강서구,여,80~89세," 77,986,480 "," 1,657 ", 268 ," 68,737,570 "," 1,487 ", 245 ," 79,053,810 "," 1,588 ", 256 ," 92,067,880 "," 1,749 ", 270 ," 110,992,940 "," 1,850 ", 281 
서울,강서구,여,90~99세," 5,552,090 ", 207 , 35 ," 7,072,150 ", 223 , 36 ," 11,505,990 ", 278 , 40 ," 8,692,390 ", 241 , 40 ," 8,316,350 ", 219 , 44 
서울,강서구,여,100세 이상, - , - , - , - , - , - , - , - , - , - , - , - , - , - , - 
서울,관악구,남,0~9세, - , - , - , - , - , - , - , - , - , - , - , - , - , - , - 
서울,관악구,남,10~19세," 79,676,750 "," 1,050 ", 169 ," 86,325,020 "," 1,057 ", 159 ," 128,848,160 "," 1,463 ", 210 ," 150,368,720 "," 1,717 ", 256 ," 177,098,190 "," 1,886 ", 249 
서울,관악구,남,20~29세," 262,056,890 "," 5,316 ", 831 ," 471,959,560 "," 7,936 "," 1,087 "," 730,591,390 "," 10,718 "," 1,352 "," 970,556,010 "," 13,088 "," 1,682 "," 1,033,845,340 "," 13,323 "," 1,653 "
서울,관악구,남,30~39세," 188,204,870 "," 3,785 ", 504 ," 274,885,330 "," 4,759 ", 603 ," 454,471,970 "," 6,699 ", 824 ," 584,386,490 "," 7,903 ", 973 ," 725,579,020 "," 9,424 "," 1,184 "
서울,관악구,남,40~49세," 134,119,170 "," 2,862 ", 354 ," 172,846,080 "," 3,240 ", 382 ," 199,703,270 "," 3,342 ", 403 ," 238,333,160 "," 3,820 ", 483 ," 283,776,940 "," 4,167 ", 539 
서울,관악구,남,50~59세," 117,104,190 "," 2,633 ", 335 ," 127,757,710 "," 2,649 ", 352 ," 135,340,370 "," 2,628 ", 363 ," 167,328,980 "," 2,959 ", 404 ," 167,940,220 "," 2,867 ", 398 
서울,관악구,남,60~69세," 128,683,880 "," 2,906 ", 353 ," 132,774,670 "," 2,955 ", 360 ," 123,671,810 "," 2,755 ", 364 ," 119,099,860 "," 2,475 ", 360 ," 137,178,690 "," 2,639 ", 403 
서울,관악구,남,70~79세," 91,389,550 "," 2,189 ", 286 ," 134,708,800 "," 2,937 ", 306 ," 137,873,910 "," 2,809 ", 294 ," 113,608,560 "," 2,515 ", 327 ," 111,049,780 "," 2,357 ", 313 
서울,관악구,남,80~89세," 22,842,930 ", 568 , 89 ," 40,023,740 ", 919 , 95 ," 41,342,830 ", 905 , 124 ," 40,478,930 ", 882 , 130 ," 47,457,170 "," 1,017 ", 149 
서울,관악구,남,90~99세, - , - , - , - , - , - , - , - , - , - , - , - , - , - , - 
서울,관악구,남,100세 이상, - , - , - , - , - , - , - , - , - , - , - , - , - , - , - 
서울,관악구,여,0~9세, - , - , - , - , - , - , - , - , - , - , - , - , - , - , - 
서울,관악구,여,10~19세," 126,554,400 "," 1,780 ", 289 ," 133,453,170 "," 1,759 ", 267 ," 210,187,760 "," 2,522 ", 342 ," 229,289,390 "," 2,734 ", 391 ," 261,415,010 "," 2,804 ", 428 
서울,관악구,여,20~29세," 669,325,000 "," 12,800 "," 1,770 "," 1,148,632,930 "," 18,555 "," 2,363 "," 2,018,429,530 "," 27,957 "," 3,308 "," 2,476,306,940 "," 31,160 "," 3,690 "," 2,481,913,260 "," 29,841 "," 3,660 "
서울,관악구,여,30~39세," 341,130,310 "," 6,701 ", 833 ," 527,359,270 "," 8,824 "," 1,064 "," 932,432,470 "," 13,611 "," 1,474 "," 1,320,542,180 "," 17,256 "," 1,904 "," 1,557,924,600 "," 19,610 "," 2,093 "
서울,관악구,여,40~49세," 205,227,110 "," 4,204 ", 549 ," 268,865,480 "," 5,172 ", 628 ," 355,774,290 "," 5,891 ", 689 ," 443,394,560 "," 6,962 ", 814 ," 542,186,920 "," 7,832 ", 884 
서울,관악구,여,50~59세," 243,412,890 "," 5,238 ", 666 ," 269,669,870 "," 5,499 ", 688 ," 321,013,790 "," 5,959 ", 760 ," 347,481,790 "," 5,958 ", 746 ," 389,898,080 "," 6,334 ", 787 
서울,관악구,여,60~69세," 251,060,990 "," 5,901 ", 757 ," 308,532,350 "," 6,785 ", 879 ," 364,019,030 "," 7,358 ", 868 ," 387,071,010 "," 7,421 ", 973 ," 390,621,470 "," 7,338 ", 910 
서울,관악구,여,70~79세," 245,494,530 "," 5,450 ", 650 ," 267,594,550 "," 5,838 ", 688 ," 285,753,350 "," 5,966 ", 727 ," 286,214,500 "," 6,033 ", 764 ," 279,447,160 "," 5,582 ", 768 
서울,관악구,여,80~89세," 131,512,350 "," 2,257 ", 206 ," 133,004,610 "," 2,357 ", 226 ," 134,837,150 "," 2,459 ", 261 ," 99,774,870 "," 2,091 ", 297 ," 105,299,940 "," 2,235 ", 324 
서울,관악구,여,90~99세," 4,174,640 ", 112 , 20 ," 5,562,200 ", 151 , 28 ," 43,299,710 ", 592 , 29 ," 31,516,860 ", 455 , 35 ," 5,700,000 ", 137 , 28 
서울,관악구,여,100세 이상, - , - , - , - , - , - , - , - , - , - , - , - , - , - , - 
서울,구로구,남,0~9세, - , - , - , - , - , - , - , - , - , - , - , - , - , - , - 
서울,구로구,남,10~19세," 127,879,030 "," 1,847 ", 222 ," 80,779,280 "," 1,188 ", 170 ," 78,507,830 "," 1,232 ", 169 ," 99,147,170 "," 1,580 ", 202 ," 128,758,030 "," 1,635 ", 212 
서울,구로구,남,20~29세," 265,084,450 "," 3,839 ", 549 ," 262,935,590 "," 4,046 ", 611 ," 300,496,090 "," 4,693 ", 647 ," 412,872,900 "," 5,485 ", 702 ," 510,072,730 "," 5,822 ", 747 
서울,구로구,남,30~39세," 164,137,920 "," 2,764 ", 461 ," 177,775,720 "," 3,134 ", 495 ," 230,917,390 "," 3,663 ", 575 ," 355,621,310 "," 4,634 ", 676 ," 416,310,930 "," 5,143 ", 774 
서울,구로구,남,40~49세," 153,481,510 "," 2,677 ", 364 ," 156,118,990 "," 2,584 ", 355 ," 176,195,100 "," 2,972 ", 427 ," 226,443,400 "," 3,318 ", 506 ," 297,379,860 "," 3,840 ", 560 
서울,구로구,남,50~59세," 156,714,960 "," 2,700 ", 368 ," 116,278,570 "," 2,241 ", 327 ," 142,781,690 "," 2,534 ", 334 ," 173,393,070 "," 2,594 ", 349 ," 162,528,570 "," 2,602 ", 346 
서울,구로구,남,60~69세," 196,050,430 "," 3,200 ", 440 ," 147,606,060 "," 2,818 ", 362 ," 141,129,280 "," 2,856 ", 332 ," 174,806,240 "," 3,187 ", 358 ," 175,089,800 "," 3,215 ", 353 
서울,구로구,남,70~79세," 162,620,940 "," 2,642 ", 314 ," 112,802,810 "," 2,253 ", 294 ," 77,376,970 "," 1,840 ", 248 ," 78,140,150 "," 1,536 ", 223 ," 105,058,440 "," 1,911 ", 255 
서울,구로구,남,80~89세," 39,194,920 ", 682 , 111 ," 43,529,740 ", 816 , 100 ," 31,433,260 ", 619 , 97 ," 24,434,880 ", 641 , 98 ," 34,187,200 ", 770 , 110 
서울,구로구,남,90~99세, - , - , - ," 3,060,500 ", 88 , 12 ," 3,579,570 ", 114 , 11 ," 2,474,930 ", 77 , 12 ," 2,080,170 ", 60 , 13 
서울,구로구,남,100세 이상, - , - , - , - , - , - , - , - , - , - , - , - , - , - , - 
서울,구로구,여,0~9세, - , - , - , - , - , - , - , - , - , - , - , - , - , - , - 
서울,구로구,여,10~19세," 269,263,900 "," 3,158 ", 369 ," 172,754,100 "," 2,314 ", 325 ," 120,677,660 "," 1,938 ", 295 ," 212,991,870 "," 2,758 ", 354 ," 339,806,420 "," 3,068 ", 370 
서울,구로구,여,20~29세," 639,063,180 "," 9,492 "," 1,273 "," 684,013,970 "," 10,906 "," 1,390 "," 747,935,630 "," 11,784 "," 1,665 "," 1,021,207,480 "," 13,469 "," 1,770 "," 1,185,606,090 "," 13,009 "," 1,819 "
서울,구로구,여,30~39세," 403,454,810 "," 6,730 ", 920 ," 433,727,110 "," 7,518 ", 985 ," 535,948,000 "," 9,055 "," 1,184 "," 726,758,960 "," 10,684 "," 1,350 "," 935,812,780 "," 11,554 "," 1,536 "
서울,구로구,여,40~49세," 323,412,330 "," 5,673 ", 722 ," 270,645,580 "," 5,051 ", 678 ," 303,511,190 "," 5,648 ", 701 ," 394,381,550 "," 6,590 ", 798 ," 553,982,860 "," 7,533 ", 930 
서울,구로구,여,50~59세," 415,845,240 "," 7,192 ", 902 ," 351,655,300 "," 6,372 ", 835 ," 301,741,560 "," 5,814 ", 753 ," 314,871,560 "," 5,811 ", 769 ," 340,707,360 "," 5,786 ", 740 
서울,구로구,여,60~69세," 460,712,340 "," 8,122 "," 1,042 "," 350,887,880 "," 7,195 ", 948 ," 361,017,290 "," 7,877 ", 968 ," 365,691,140 "," 7,759 ", 945 ," 463,966,890 "," 8,305 ", 962 
서울,구로구,여,70~79세," 549,359,010 "," 7,410 ", 822 ," 376,263,850 "," 6,558 ", 766 ," 293,101,070 "," 6,228 ", 651 ," 278,431,200 "," 5,749 ", 703 ," 356,805,090 "," 6,379 ", 744 
서울,구로구,여,80~89세," 122,005,430 "," 1,989 ", 315 ," 79,362,920 "," 1,760 ", 288 ," 93,673,800 "," 2,110 ", 283 ," 124,231,110 "," 2,558 ", 300 ," 172,071,950 "," 2,850 ", 315 
서울,구로구,여,90~99세," 7,272,220 ", 143 , 31 ," 3,489,540 ", 112 , 24 ," 3,513,230 ", 102 , 19 ," 4,723,070 ", 96 , 21 ," 4,887,840 ", 146 , 26 
서울,구로구,여,100세 이상, - , - , - , - , - , - , - , - , - , - , - , - , - , - , - 
서울,도봉구,남,0~9세, - , - , - , - , - , - , - , - , - , - , - , - , - , - , - 
서울,도봉구,남,10~19세," 87,709,460 "," 1,285 ", 85 ," 119,243,610 "," 1,680 ", 89 ," 67,477,170 "," 1,022 ", 112 ," 51,374,570 ", 828 , 138 ," 63,742,870 "," 1,018 ", 158 
서울,도봉구,남,20~29세," 67,283,830 "," 1,224 ", 169 ," 67,027,960 "," 1,301 ", 230 ," 93,569,330 "," 1,785 ", 261 ," 122,559,250 "," 2,345 ", 350 ," 178,039,760 "," 2,981 ", 379 
서울,도봉구,남,30~39세," 48,504,910 ", 883 , 124 ," 50,342,300 "," 1,000 ", 145 ," 62,370,240 "," 1,240 ", 194 ," 74,401,640 "," 1,424 ", 239 ," 74,648,460 "," 1,456 ", 255 
서울,도봉구,남,40~49세," 35,939,090 ", 726 , 109 ," 43,284,270 ", 846 , 132 ," 56,465,690 "," 1,162 ", 173 ," 62,159,400 "," 1,244 ", 203 ," 71,450,790 "," 1,409 ", 240 
서울,도봉구,남,50~59세," 72,204,250 "," 1,211 ", 127 ," 68,343,850 "," 1,192 ", 147 ," 73,060,910 "," 1,299 ", 161 ," 62,382,780 "," 1,323 ", 198 ," 75,744,400 "," 1,501 ", 219 
서울,도봉구,남,60~69세," 60,696,990 "," 1,421 ", 180 ," 83,968,270 "," 1,705 ", 191 ," 79,573,500 "," 1,642 ", 208 ," 70,760,020 "," 1,429 ", 206 ," 116,440,370 "," 1,855 ", 224 
서울,도봉구,남,70~79세," 27,208,880 ", 650 , 113 ," 66,418,440 "," 1,164 ", 117 ," 62,180,840 "," 1,128 ", 126 ," 74,495,530 "," 1,224 ", 127 ," 69,670,060 "," 1,198 ", 142 
서울,도봉구,남,80~89세," 15,734,220 ", 354 , 63 ," 12,226,370 ", 357 , 56 ," 17,497,930 ", 415 , 61 ," 16,339,740 ", 428 , 79 ," 18,798,560 ", 450 , 80 
서울,도봉구,남,90~99세, - , - , - , - , - , - , - , - , - , - , - , - , - , - , - 
서울,도봉구,남,100세 이상, - , - , - , - , - , - , - , - , - , - , - , - , - , - , - 
서울,도봉구,여,0~9세, - , - , - , - , - , - , - , - , - , - , - , - , - , - , - 
서울,도봉구,여,10~19세," 153,849,440 "," 2,334 ", 179 ," 146,243,660 "," 2,168 ", 167 ," 169,042,230 "," 2,531 ", 225 ," 91,928,180 "," 1,666 ", 242 ," 129,687,000 "," 2,060 ", 308 
서울,도봉구,여,20~29세," 104,126,860 "," 1,969 ", 326 ," 164,054,890 "," 3,153 ", 472 ," 209,782,500 "," 4,106 ", 590 ," 231,253,450 "," 4,431 ", 671 ," 259,599,500 "," 4,826 ", 770 
서울,도봉구,여,30~39세," 89,543,820 "," 1,763 ", 254 ," 110,239,790 "," 2,196 ", 302 ," 146,304,590 "," 2,948 ", 402 ," 189,135,100 "," 3,787 ", 521 ," 244,049,920 "," 4,599 ", 627 
서울,도봉구,여,40~49세," 116,886,900 "," 2,147 ", 263 ," 121,720,360 "," 2,209 ", 289 ," 122,369,550 "," 2,284 ", 323 ," 151,074,350 "," 2,783 ", 389 ," 181,994,740 "," 3,285 ", 460 
서울,도봉구,여,50~59세," 101,988,420 "," 2,090 ", 286 ," 107,575,250 "," 2,185 ", 327 ," 134,784,310 "," 2,725 ", 397 ," 148,523,600 "," 3,050 ", 433 ," 158,831,860 "," 3,113 ", 449 
서울,도봉구,여,60~69세," 98,149,670 "," 2,123 ", 332 ," 119,500,860 "," 2,512 ", 343 ," 126,128,420 "," 2,733 ", 419 ," 150,890,980 "," 3,145 ", 460 ," 164,284,030 "," 3,249 ", 492 
서울,도봉구,여,70~79세," 83,842,520 "," 1,880 ", 292 ," 97,234,990 "," 2,058 ", 324 ," 110,917,690 "," 2,360 ", 358 ," 104,619,350 "," 2,351 ", 364 ," 128,107,050 "," 2,516 ", 385 
서울,도봉구,여,80~89세," 48,344,850 "," 1,005 ", 163 ," 76,421,450 "," 1,396 ", 179 ," 73,221,480 "," 1,425 ", 195 ," 59,271,550 "," 1,370 ", 223 ," 68,214,520 "," 1,359 ", 217 
서울,도봉구,여,90~99세," 2,448,030 ", 88 , 19 ," 1,782,970 ", 61 , 18 ," 1,198,820 ", 51 , 17 ," 2,085,500 ", 78 , 13 ," 4,784,240 ", 127 , 25 
서울,도봉구,여,100세 이상, - , - , - , - , - , - , - , - , - , - , - , - , - , - , - 
서울,동대문구,남,0~9세, - , - , - , - , - , - , - , - , - , - , - , - , - , - , - 
서울,동대문구,남,10~19세," 172,621,860 "," 1,615 ", 99 ," 137,762,260 "," 1,352 ", 96 ," 188,484,760 "," 1,847 ", 101 ," 45,722,950 ", 473 , 91 ," 97,011,000 ", 698 , 107 
서울,동대문구,남,20~29세," 367,185,750 "," 4,264 ", 563 ," 312,308,670 "," 3,794 ", 552 ," 306,357,980 "," 3,645 ", 466 ," 345,954,380 "," 3,690 ", 505 ," 409,202,090 "," 4,122 ", 598 
서울,동대문구,남,30~39세," 180,331,180 "," 2,269 ", 301 ," 108,263,610 "," 1,830 ", 307 ," 134,825,180 "," 1,936 ", 317 ," 144,975,000 "," 2,135 ", 359 ," 182,295,780 "," 2,391 ", 404 
서울,동대문구,남,40~49세," 163,668,310 "," 2,389 ", 357 ," 148,620,860 "," 2,373 ", 331 ," 151,547,720 "," 2,189 ", 330 ," 137,901,820 "," 2,163 ", 310 ," 147,632,950 "," 2,193 ", 333 
서울,동대문구,남,50~59세," 144,984,590 "," 2,428 ", 422 ," 176,964,230 "," 2,485 ", 404 ," 164,561,020 "," 2,288 ", 311 ," 133,578,380 "," 2,025 ", 316 ," 138,722,170 "," 2,247 ", 357 
서울,동대문구,남,60~69세," 197,736,700 "," 2,983 ", 439 ," 184,050,440 "," 3,033 ", 413 ," 224,795,210 "," 3,255 ", 371 ," 198,034,450 "," 3,067 ", 379 ," 187,208,770 "," 2,851 ", 377 
서울,동대문구,남,70~79세," 201,544,950 "," 2,903 ", 426 ," 138,141,780 "," 2,491 ", 359 ," 160,904,860 "," 2,612 ", 322 ," 130,075,350 "," 2,182 ", 292 ," 175,493,720 "," 2,151 ", 296 
서울,동대문구,남,80~89세," 58,544,630 ", 985 , 185 ," 47,926,650 ", 894 , 166 ," 57,381,320 "," 1,056 ", 180 ," 60,394,470 "," 1,024 ", 167 ," 67,334,690 "," 1,163 ", 172 
서울,동대문구,남,90~99세," 8,059,050 ", 115 , 21 ," 7,814,640 ", 114 , 14 ," 6,572,770 ", 101 , 12 ," 5,620,440 ", 76 , 14 ," 3,316,210 ", 56 , 11 
서울,동대문구,남,100세 이상, - , - , - , - , - , - , - , - , - , - , - , - , - , - , - 
서울,동대문구,여,0~9세, - , - , - , - , - , - , - , - , - , - , - , - , - , - , - 
서울,동대문구,여,10~19세," 441,474,580 "," 4,041 ", 245 ," 360,902,010 "," 3,398 ", 202 ," 280,774,640 "," 2,615 ", 182 ," 122,015,690 "," 1,129 ", 177 ," 155,106,090 "," 1,384 ", 236 
서울,동대문구,여,20~29세," 487,737,450 "," 6,219 ", 811 ," 456,779,880 "," 6,605 ", 884 ," 590,964,750 "," 7,482 ", 997 ," 726,326,960 "," 8,566 "," 1,225 "," 906,450,970 "," 9,643 "," 1,373 "
서울,동대문구,여,30~39세," 301,425,790 "," 4,031 ", 523 ," 224,448,090 "," 3,365 ", 501 ," 263,734,060 "," 4,170 ", 521 ," 377,744,000 "," 4,921 ", 667 ," 443,628,600 "," 5,181 ", 747 
서울,동대문구,여,40~49세," 279,479,720 "," 3,756 ", 496 ," 200,798,520 "," 3,264 ", 485 ," 252,465,180 "," 3,845 ", 498 ," 255,325,180 "," 4,111 ", 561 ," 265,879,050 "," 4,142 ", 586 
서울,동대문구,여,50~59세," 405,551,840 "," 5,720 ", 759 ," 341,286,120 "," 4,977 ", 646 ," 339,938,710 "," 4,803 ", 562 ," 331,314,520 "," 4,668 ", 591 ," 335,679,760 "," 4,414 ", 592 
서울,동대문구,여,60~69세," 459,709,080 "," 6,705 ", 994 ," 403,536,320 "," 6,457 ", 905 ," 455,137,810 "," 6,916 ", 863 ," 435,553,720 "," 7,095 ", 864 ," 413,032,780 "," 6,439 ", 833 
서울,동대문구,여,70~79세," 438,393,450 "," 6,901 "," 1,027 "," 369,706,030 "," 5,964 ", 866 ," 338,166,000 "," 5,956 ", 830 ," 332,804,350 "," 5,797 ", 786 ," 334,313,100 "," 5,641 ", 781 
서울,동대문구,여,80~89세," 137,246,720 "," 2,382 ", 391 ," 129,963,770 "," 2,398 ", 398 ," 193,944,400 "," 2,924 ", 368 ," 186,461,390 "," 3,089 ", 395 ," 184,448,720 "," 3,292 ", 452 
서울,동대문구,여,90~99세," 10,322,650 ", 169 , 34 ," 9,649,790 ", 137 , 26 ," 9,720,190 ", 114 , 19 ," 15,458,230 ", 176 , 27 ," 20,895,440 ", 238 , 33 
서울,동대문구,여,100세 이상, - , - , - , - , - , - , - , - , - , - , - , - , - , - , - 
서울,동작구,남,0~9세, - , - , - , - , - , - , - , - , - , - , - , - , - , - , - 
서울,동작구,남,10~19세," 108,201,490 "," 1,402 ", 189 ," 93,667,280 "," 1,107 ", 158 ," 127,012,150 "," 1,481 ", 203 ," 140,798,870 "," 1,634 ", 226 ," 162,655,080 "," 1,549 ", 221 
서울,동작구,남,20~29세," 429,198,830 "," 5,835 ", 798 ," 472,490,620 "," 6,914 ", 893 ," 558,269,880 "," 7,297 ", 954 ," 686,485,540 "," 8,142 "," 1,001 "," 806,020,200 "," 8,536 ", 996 
서울,동작구,남,30~39세," 243,052,420 "," 3,319 ", 468 ," 231,795,780 "," 3,520 ", 543 ," 355,833,940 "," 4,750 ", 643 ," 445,738,970 "," 5,199 ", 696 ," 526,507,900 "," 5,729 ", 731 
서울,동작구,남,40~49세," 188,246,200 "," 2,622 ", 380 ," 169,806,180 "," 2,758 ", 421 ," 231,820,420 "," 3,253 ", 438 ," 289,003,700 "," 3,680 ", 505 ," 282,453,020 "," 3,472 ", 493 
서울,동작구,남,50~59세," 198,951,640 "," 2,555 ", 377 ," 145,183,420 "," 2,408 ", 383 ," 134,858,070 "," 2,196 ", 328 ," 161,080,700 "," 2,335 ", 359 ," 181,361,390 "," 2,512 ", 355 
서울,동작구,남,60~69세," 182,976,820 "," 2,720 ", 424 ," 170,651,490 "," 2,620 ", 389 ," 135,567,880 "," 2,354 ", 375 ," 152,009,690 "," 2,283 ", 378 ," 154,855,190 "," 2,200 ", 348 
서울,동작구,남,70~79세," 129,369,580 "," 2,168 ", 388 ," 94,591,710 "," 1,870 ", 353 ," 97,897,350 "," 1,770 ", 309 ," 95,882,270 "," 1,719 ", 299 ," 107,500,400 "," 1,645 ", 285 
서울,동작구,남,80~89세," 47,101,480 ", 870 , 160 ," 43,025,510 ", 834 , 164 ," 49,388,970 ", 869 , 146 ," 52,143,230 ", 792 , 153 ," 49,919,320 ", 810 , 156 
서울,동작구,남,90~99세," 2,879,880 ", 53 , 13 ," 2,456,490 ", 47 , 11 ," 2,489,570 ", 42 , 10 ," 8,076,020 ", 54 , 14 ," 1,727,890 ", 34 , 11 
서울,동작구,남,100세 이상, - , - , - , - , - , - , - , - , - , - , - , - , - , - , - 
서울,동작구,여,0~9세, - , - , - , - , - , - , - , - , - , - , - , - , - , - , - 
서울,동작구,여,10~19세," 204,426,840 "," 2,216 ", 303 ," 163,205,720 "," 1,928 ", 285 ," 230,443,720 "," 2,728 ", 319 ," 261,070,880 "," 2,641 ", 388 ," 250,374,900 "," 2,403 ", 374 
서울,동작구,여,20~29세," 700,689,320 "," 9,735 "," 1,334 "," 929,984,210 "," 12,826 "," 1,751 "," 1,340,141,050 "," 16,634 "," 2,005 "," 1,507,157,250 "," 17,415 "," 2,216 "," 1,605,722,110 "," 17,027 "," 2,067 "
서울,동작구,여,30~39세," 417,196,140 "," 5,682 ", 791 ," 476,265,410 "," 6,658 ", 976 ," 730,219,590 "," 9,234 "," 1,177 "," 956,135,410 "," 11,289 "," 1,434 "," 1,031,335,870 "," 11,510 "," 1,375 "
서울,동작구,여,40~49세," 339,318,820 "," 4,772 ", 671 ," 310,318,000 "," 4,987 ", 678 ," 393,739,590 "," 5,689 ", 777 ," 485,843,940 "," 6,489 ", 874 ," 553,792,590 "," 6,507 ", 845 
서울,동작구,여,50~59세," 383,471,520 "," 5,658 ", 842 ," 291,584,360 "," 4,859 ", 726 ," 295,208,520 "," 4,795 ", 744 ," 379,135,190 "," 5,398 ", 768 ," 364,586,750 "," 5,029 ", 726 
서울,동작구,여,60~69세," 466,681,570 "," 6,451 "," 1,017 "," 350,564,820 "," 5,753 ", 847 ," 353,579,970 "," 5,782 ", 889 ," 367,727,040 "," 6,008 ", 916 ," 363,263,650 "," 5,346 ", 801 
서울,동작구,여,70~79세," 337,483,970 "," 5,159 ", 867 ," 285,667,710 "," 4,895 ", 781 ," 278,851,710 "," 4,677 ", 760 ," 274,625,010 "," 4,357 ", 742 ," 246,097,310 "," 3,963 ", 655 
서울,동작구,여,80~89세," 135,370,430 "," 1,959 ", 386 ," 112,588,930 "," 1,989 ", 356 ," 112,199,740 "," 1,915 ", 369 ," 128,390,490 "," 2,114 ", 375 ," 117,684,440 "," 1,878 ", 325 
서울,동작구,여,90~99세," 8,341,860 ", 148 , 30 ," 5,804,370 ", 107 , 18 ," 6,089,920 ", 136 , 21 ," 5,352,680 ", 124 , 31 ," 8,801,920 ", 154 , 33 
서울,동작구,여,100세 이상, - , - , - , - , - , - , - , - , - , - , - , - , - , - , - 
서울,마포구,남,0~9세, - , - , - , - , - , - ," 4,844,120 ", 64 , 10 ," 5,297,270 ", 70 , 13 , - , - , - 
서울,마포구,남,10~19세," 99,833,580 "," 1,674 ", 222 ," 106,459,150 "," 1,681 ", 243 ," 154,890,740 "," 2,235 ", 264 ," 241,491,100 "," 3,122 ", 356 ," 289,809,440 "," 3,388 ", 416 
서울,마포구,남,20~29세," 458,229,150 "," 8,709 "," 1,168 "," 598,248,460 "," 10,426 "," 1,352 "," 791,690,770 "," 12,061 "," 1,508 "," 994,172,990 "," 13,259 "," 1,674 "," 1,141,097,300 "," 13,763 "," 1,769 "
서울,마포구,남,30~39세," 333,859,830 "," 6,450 ", 914 ," 434,964,220 "," 7,621 "," 1,012 "," 505,272,730 "," 7,785 "," 1,099 "," 700,555,710 "," 9,226 "," 1,330 "," 948,580,200 "," 10,971 "," 1,541 "
서울,마포구,남,40~49세," 259,866,880 "," 4,856 ", 687 ," 309,024,410 "," 5,269 ", 691 ," 377,002,130 "," 5,936 ", 806 ," 470,007,300 "," 6,629 ", 927 ," 565,041,020 "," 7,379 "," 1,023 "
서울,마포구,남,50~59세," 155,496,300 "," 3,243 ", 450 ," 188,530,110 "," 3,607 ", 453 ," 229,664,950 "," 4,101 ", 498 ," 263,871,540 "," 4,361 ", 550 ," 318,171,470 "," 4,984 ", 598 
서울,마포구,남,60~69세," 75,062,540 "," 1,742 ", 278 ," 93,680,020 "," 2,103 ", 304 ," 112,921,890 "," 2,354 ", 284 ," 124,392,210 "," 2,381 ", 321 ," 153,670,750 "," 2,700 ", 353 
서울,마포구,남,70~79세," 69,266,580 "," 1,849 ", 225 ," 63,915,540 "," 1,680 ", 191 ," 69,953,020 "," 1,655 ", 197 ," 78,104,030 "," 1,620 ", 202 ," 69,554,860 "," 1,408 ", 192 
서울,마포구,남,80~89세," 17,907,260 ", 497 , 76 ," 18,518,730 ", 510 , 72 ," 22,277,620 ", 546 , 80 ," 28,499,560 ", 719 , 102 ," 31,889,130 ", 785 , 105 
서울,마포구,남,90~99세, - , - , - , - , - , - , - , - , - , - , - , - , - , - , - 
서울,마포구,남,100세 이상, - , - , - , - , - , - , - , - , - , - , - , - , - , - , - 
서울,마포구,여,0~9세, - , - , - , - , - , - , - , - , - , - , - , - ," 4,910,810 ", 65 , 14 
서울,마포구,여,10~19세," 264,424,740 "," 4,636 ", 559 ," 279,799,720 "," 4,657 ", 559 ," 332,203,060 "," 5,024 ", 639 ," 422,308,140 "," 5,656 ", 709 ," 495,826,500 "," 6,056 ", 821 
서울,마포구,여,20~29세," 1,351,643,890 "," 26,732 "," 3,353 "," 1,886,791,050 "," 33,145 "," 4,101 "," 2,459,778,390 "," 38,112 "," 4,657 "," 2,889,401,830 "," 38,866 "," 5,034 "," 3,560,873,310 "," 42,023 "," 5,386 "
서울,마포구,여,30~39세," 776,635,940 "," 14,442 "," 1,807 "," 1,030,470,970 "," 17,464 "," 2,179 "," 1,500,921,630 "," 22,259 "," 2,669 "," 2,183,176,010 "," 27,480 "," 3,354 "," 2,877,816,700 "," 31,850 "," 3,826 "
서울,마포구,여,40~49세," 426,250,050 "," 8,340 "," 1,016 "," 512,106,900 "," 8,970 "," 1,147 "," 682,707,160 "," 10,837 "," 1,326 "," 854,721,150 "," 12,212 "," 1,539 "," 1,142,722,130 "," 14,405 "," 1,813 "
서울,마포구,여,50~59세," 254,356,470 "," 5,657 ", 793 ," 297,431,110 "," 6,008 ", 800 ," 367,586,010 "," 6,711 ", 864 ," 418,835,930 "," 6,780 ", 924 ," 517,238,570 "," 7,507 "," 1,067 "
서울,마포구,여,60~69세," 194,693,410 "," 4,652 ", 591 ," 243,541,910 "," 5,211 ", 632 ," 283,036,180 "," 5,552 ", 697 ," 331,508,000 "," 5,965 ", 743 ," 356,199,420 "," 6,135 ", 757 
서울,마포구,여,70~79세," 151,980,040 "," 3,952 ", 540 ," 162,469,920 "," 4,041 ", 508 ," 183,266,050 "," 4,213 ", 541 ," 218,230,550 "," 4,605 ", 562 ," 234,058,640 "," 4,560 ", 553 
서울,마포구,여,80~89세," 59,964,350 "," 1,647 ", 234 ," 62,106,510 "," 1,757 ", 248 ," 85,158,820 "," 2,080 ", 244 ," 108,531,880 "," 2,306 ", 298 ," 111,692,360 "," 2,422 ", 305 
서울,마포구,여,90~99세," 3,601,490 ", 112 , 16 ," 5,406,130 ", 180 , 19 ," 6,918,210 ", 197 , 33 ," 9,620,490 ", 253 , 31 ," 8,190,750 ", 225 , 37 
서울,마포구,여,100세 이상, - , - , - , - , - , - , - , - , - , - , - , - , - , - , - 
서울,서대문구,남,0~9세, - , - , - ," 7,371,240 ", 67 , 14 ," 15,511,940 ", 164 , 29 ," 19,512,970 ", 196 , 31 ," 10,571,750 ", 144 , 31 
서울,서대문구,남,10~19세," 156,811,640 "," 1,392 ", 188 ," 104,009,880 "," 1,266 ", 170 ," 123,528,640 "," 1,721 ", 179 ," 134,273,820 "," 1,900 ", 206 ," 130,989,670 "," 1,792 ", 209 
서울,서대문구,남,20~29세," 296,826,160 "," 4,883 ", 612 ," 303,741,820 "," 4,943 ", 548 ," 374,429,780 "," 5,372 ", 576 ," 361,312,330 "," 5,292 ", 557 ," 361,334,270 "," 5,189 ", 572 
서울,서대문구,남,30~39세," 145,682,350 "," 2,959 ", 382 ," 204,249,230 "," 3,868 ", 390 ," 322,816,580 "," 5,563 ", 484 ," 326,823,860 "," 5,128 ", 529 ," 303,249,990 "," 4,413 ", 458 
서울,서대문구,남,40~49세," 103,781,660 "," 2,331 ", 310 ," 153,121,170 "," 2,810 ", 302 ," 180,303,300 "," 3,239 ", 343 ," 192,478,620 "," 3,060 ", 340 ," 192,518,550 "," 2,944 ", 357 
서울,서대문구,남,50~59세," 99,274,670 "," 1,962 ", 279 ," 91,357,500 "," 1,817 ", 230 ," 113,321,610 "," 2,168 ", 228 ," 113,100,870 "," 2,091 ", 254 ," 148,246,760 "," 2,560 ", 262 
서울,서대문구,남,60~69세," 113,215,020 "," 2,155 ", 328 ," 84,550,540 "," 1,859 ", 242 ," 77,014,320 "," 1,773 ", 212 ," 84,800,410 "," 1,927 ", 239 ," 80,226,250 "," 1,780 ", 212 
서울,서대문구,남,70~79세," 102,292,800 "," 2,087 ", 290 ," 71,396,540 "," 1,620 ", 211 ," 67,911,380 "," 1,653 ", 202 ," 52,765,110 "," 1,279 ", 178 ," 47,518,510 "," 1,129 ", 142 
서울,서대문구,남,80~89세," 31,216,090 ", 795 , 143 ," 21,015,800 ", 560 , 94 ," 32,401,760 ", 730 , 111 ," 20,647,080 ", 557 , 100 ," 25,548,350 ", 547 , 91 
서울,서대문구,남,90~99세," 9,815,630 ", 105 , 15 ," 3,058,050 ", 70 , 11 , - , - , - , - , - , - , - , - , - 
서울,서대문구,남,100세 이상, - , - , - , - , - , - , - , - , - , - , - , - , - , - , - 
서울,서대문구,여,0~9세, - , - , - ," 4,487,590 ", 41 , 12 , - , - , - ," 4,720,510 ", 51 , 12 ," 4,966,250 ", 53 , 13 
서울,서대문구,여,10~19세," 398,175,140 "," 2,957 ", 328 ," 243,664,650 "," 2,471 ", 310 ," 275,088,010 "," 2,685 ", 319 ," 244,477,120 "," 2,663 ", 346 ," 237,821,340 "," 2,510 ", 339 
서울,서대문구,여,20~29세," 586,231,370 "," 8,228 ", 990 ," 748,587,810 "," 10,862 "," 1,235 "," 1,078,455,300 "," 14,581 "," 1,524 "," 985,907,230 "," 12,993 "," 1,502 "," 947,182,210 "," 11,743 "," 1,410 "
서울,서대문구,여,30~39세," 247,806,790 "," 4,502 ", 620 ," 399,726,480 "," 6,178 ", 712 ," 592,981,430 "," 8,482 ", 926 ," 661,470,250 "," 9,022 ", 973 ," 698,221,380 "," 9,069 "," 1,024 "
서울,서대문구,여,40~49세," 272,259,670 "," 5,085 ", 606 ," 271,105,210 "," 5,075 ", 510 ," 369,158,810 "," 6,080 ", 632 ," 401,993,810 "," 6,353 ", 717 ," 479,297,570 "," 7,170 ", 762 
서울,서대문구,여,50~59세," 289,745,750 "," 5,250 ", 750 ," 232,715,940 "," 4,877 ", 608 ," 302,422,290 "," 5,510 ", 616 ," 286,598,690 "," 5,148 ", 588 ," 346,217,220 "," 5,866 ", 624 
서울,서대문구,여,60~69세," 313,174,260 "," 6,099 ", 942 ," 228,007,040 "," 4,708 ", 632 ," 239,246,810 "," 5,141 ", 611 ," 265,301,020 "," 5,249 ", 620 ," 260,883,250 "," 5,295 ", 591 
서울,서대문구,여,70~79세," 294,136,300 "," 5,283 ", 890 ," 185,287,820 "," 3,951 ", 572 ," 170,861,260 "," 4,194 ", 502 ," 186,805,060 "," 4,165 ", 495 ," 214,137,270 "," 4,411 ", 481 
서울,서대문구,여,80~89세," 96,472,750 "," 2,072 ", 336 ," 63,670,780 "," 1,732 ", 253 ," 76,163,850 "," 1,893 ", 263 ," 83,559,550 "," 1,964 ", 270 ," 77,734,950 "," 1,926 ", 242 
서울,서대문구,여,90~99세," 5,810,960 ", 178 , 31 ," 4,885,390 ", 187 , 27 ," 7,093,440 ", 216 , 35 ," 5,296,040 ", 168 , 26 ," 5,274,800 ", 177 , 21 
서울,서대문구,여,100세 이상, - , - , - , - , - , - , - , - , - , - , - , - , - , - , - 
서울,성동구,남,0~9세, - , - , - , - , - , - , - , - , - , - , - , - , - , - , - 
서울,성동구,남,10~19세," 52,181,880 ", 662 , 97 ," 51,444,130 ", 626 , 84 ," 79,258,460 ", 767 , 94 ," 119,223,100 "," 1,204 ", 146 ," 132,918,570 "," 1,222 ", 160 
서울,성동구,남,20~29세," 186,775,230 "," 2,545 ", 360 ," 197,802,610 "," 2,771 ", 367 ," 302,049,690 "," 3,728 ", 466 ," 392,196,090 "," 4,362 ", 567 ," 436,860,770 "," 4,447 ", 562 
서울,성동구,남,30~39세," 107,694,050 "," 1,598 ", 243 ," 120,889,070 "," 1,707 ", 251 ," 168,507,020 "," 2,243 ", 351 ," 320,340,230 "," 3,292 ", 494 ," 374,340,640 "," 3,569 ", 536 
서울,성동구,남,40~49세," 148,857,550 "," 1,398 ", 182 ," 81,044,240 "," 1,107 ", 161 ," 122,274,220 "," 1,702 ", 230 ," 172,449,570 "," 2,039 ", 280 ," 241,964,090 "," 2,529 ", 356 
서울,성동구,남,50~59세," 101,577,450 "," 1,347 ", 161 ," 74,016,470 "," 1,062 ", 154 ," 66,894,770 "," 1,196 ", 190 ," 100,267,000 "," 1,289 ", 206 ," 109,296,500 "," 1,314 ", 197 
서울,성동구,남,60~69세," 85,014,330 ", 996 , 149 ," 60,175,880 ", 920 , 134 ," 59,130,990 "," 1,091 ", 158 ," 73,661,180 "," 1,215 ", 196 ," 78,961,340 "," 1,155 ", 180 
서울,성동구,남,70~79세," 54,112,310 ", 926 , 128 ," 46,463,250 ", 704 , 106 ," 45,644,350 ", 609 , 84 ," 56,915,990 ", 716 , 96 ," 42,107,030 ", 702 , 118 
서울,성동구,남,80~89세," 12,703,260 ", 254 , 52 ," 12,468,770 ", 302 , 55 ," 24,501,310 ", 333 , 42 ," 21,985,650 ", 300 , 52 ," 21,280,240 ", 284 , 50 
서울,성동구,남,90~99세, - , - , - , - , - , - , - , - , - , - , - , - , - , - , - 
서울,성동구,남,100세 이상, - , - , - , - , - , - , - , - , - , - , - , - , - , - , - 
서울,성동구,여,0~9세, - , - , - , - , - , - , - , - , - , - , - , - , - , - , - 
서울,성동구,여,10~19세," 113,090,160 "," 1,125 ", 162 ," 77,400,070 ", 894 , 130 ," 154,735,380 "," 1,475 ", 207 ," 201,357,790 "," 1,842 ", 257 ," 184,478,670 "," 1,626 ", 269 
서울,성동구,여,20~29세," 381,956,710 "," 4,669 ", 670 ," 441,293,250 "," 6,362 ", 862 ," 694,716,880 "," 8,805 "," 1,170 "," 897,832,780 "," 9,770 "," 1,389 "," 973,600,460 "," 9,187 "," 1,314 "
서울,성동구,여,30~39세," 204,924,980 "," 2,892 ", 407 ," 241,692,340 "," 3,422 ", 477 ," 367,425,050 "," 4,944 ", 696 ," 675,302,360 "," 7,414 "," 1,027 "," 897,060,760 "," 8,506 "," 1,119 "
서울,성동구,여,40~49세," 188,317,830 "," 2,338 ", 325 ," 191,063,230 "," 2,428 ", 333 ," 231,715,680 "," 3,331 ", 409 ," 362,594,690 "," 4,084 ", 527 ," 447,234,920 "," 4,795 ", 606 
서울,성동구,여,50~59세," 182,278,400 "," 2,288 ", 337 ," 143,705,060 "," 1,967 ", 291 ," 178,133,030 "," 2,509 ", 320 ," 232,624,410 "," 2,991 ", 418 ," 289,419,820 "," 3,390 ", 451 
서울,성동구,여,60~69세," 113,068,280 "," 2,009 ", 321 ," 143,571,750 "," 1,992 ", 295 ," 155,751,550 "," 2,328 ", 318 ," 197,396,340 "," 2,601 ", 347 ," 197,397,910 "," 2,702 ", 372 
서울,성동구,여,70~79세," 130,949,160 "," 2,007 ", 310 ," 108,429,770 "," 1,707 ", 260 ," 81,514,080 "," 1,590 ", 250 ," 127,446,090 "," 2,066 ", 295 ," 169,928,850 "," 2,018 ", 278 
서울,성동구,여,80~89세," 41,845,890 ", 785 , 146 ," 40,485,490 ", 758 , 116 ," 52,926,000 ", 758 , 102 ," 39,813,390 ", 814 , 126 ," 60,014,900 ", 909 , 125 
서울,성동구,여,90~99세," 2,818,540 ", 70 , 12 , - , - , - ," 2,907,700 ", 68 , 10 , - , - , - ," 2,454,530 ", 58 , 10 
서울,성동구,여,100세 이상, - , - , - , - , - , - , - , - , - , - , - , - , - , - , - 
서울,성북구,남,0~9세," 16,883,340 ", 141 , 89 ," 3,956,270 ", 31 , 21 , - , - , - , - , - , - , - , - , - 
서울,성북구,남,10~19세," 71,002,390 "," 1,063 ", 172 ," 80,805,160 "," 1,207 ", 172 ," 66,139,490 "," 1,078 ", 160 ," 85,775,210 "," 1,204 ", 185 ," 132,416,050 "," 1,543 ", 209 
서울,성북구,남,20~29세," 228,829,330 "," 3,271 ", 516 ," 303,581,860 "," 4,324 ", 556 ," 292,182,030 "," 4,381 ", 560 ," 306,594,810 "," 4,164 ", 593 ," 311,692,350 "," 4,213 ", 603 
서울,성북구,남,30~39세," 83,715,200 "," 1,413 ", 206 ," 107,272,340 "," 1,725 ", 240 ," 154,865,930 "," 2,238 ", 298 ," 165,900,460 "," 2,214 ", 318 ," 166,606,300 "," 2,198 ", 324 
서울,성북구,남,40~49세," 113,153,080 "," 1,485 ", 235 ," 86,211,120 "," 1,425 ", 208 ," 109,246,150 "," 1,582 ", 212 ," 106,873,490 "," 1,647 ", 221 ," 106,160,560 "," 1,504 ", 227 
서울,성북구,남,50~59세," 90,272,040 "," 1,193 ", 227 ," 75,320,870 "," 1,103 ", 199 ," 67,691,090 "," 1,187 ", 190 ," 71,869,190 "," 1,124 ", 178 ," 106,103,810 "," 1,335 ", 203 
서울,성북구,남,60~69세," 101,061,760 "," 1,199 ", 213 ," 79,227,590 "," 1,116 ", 184 ," 62,670,270 "," 1,079 ", 176 ," 47,315,280 ", 885 , 151 ," 64,179,810 ", 875 , 156 
서울,성북구,남,70~79세," 100,750,320 "," 1,570 ", 245 ," 53,226,320 "," 1,228 ", 193 ," 70,601,870 "," 1,041 ", 169 ," 42,877,670 ", 880 , 148 ," 43,837,210 ", 797 , 135 
서울,성북구,남,80~89세," 46,335,960 ", 613 , 110 ," 44,157,820 ", 788 , 115 ," 31,100,670 ", 663 , 117 ," 33,080,500 ", 663 , 122 ," 27,498,630 ", 539 , 99 
서울,성북구,남,90~99세," 2,526,770 ", 55 , 13 , - , - , - ," 1,365,830 ", 37 , 10 ," 1,204,140 ", 42 , 10 ," 2,538,620 ", 54 , 10 
서울,성북구,남,100세 이상, - , - , - , - , - , - , - , - , - , - , - , - , - , - , - 
서울,성북구,여,0~9세," 6,704,520 ", 77 , 31 , - , - , - ," 2,108,550 ", 28 , 10 , - , - , - , - , - , - 
서울,성북구,여,10~19세," 137,997,620 "," 2,070 ", 277 ," 155,970,170 "," 2,284 ", 282 ," 157,275,210 "," 2,445 ", 321 ," 180,228,220 "," 2,551 ", 333 ," 200,902,370 "," 2,597 ", 358 
서울,성북구,여,20~29세," 401,006,730 "," 5,966 ", 763 ," 573,324,840 "," 8,918 "," 1,088 "," 787,469,510 "," 10,911 "," 1,262 "," 869,612,260 "," 10,697 "," 1,367 "," 851,718,050 "," 10,200 "," 1,315 "
서울,성북구,여,30~39세," 231,599,000 "," 2,993 ", 429 ," 262,940,990 "," 3,810 ", 479 ," 325,062,630 "," 4,586 ", 547 ," 409,917,690 "," 5,013 ", 649 ," 407,556,230 "," 5,051 ", 651 
서울,성북구,여,40~49세," 292,965,020 "," 3,700 ", 469 ," 210,505,790 "," 3,154 ", 451 ," 245,042,630 "," 3,568 ", 441 ," 291,164,720 "," 3,694 ", 485 ," 290,984,290 "," 3,661 ", 535 
서울,성북구,여,50~59세," 313,835,020 "," 3,749 ", 567 ," 197,394,430 "," 2,930 ", 454 ," 210,328,830 "," 3,195 ", 442 ," 236,868,740 "," 3,140 ", 408 ," 227,832,520 "," 3,204 ", 429 
서울,성북구,여,60~69세," 441,277,500 "," 4,823 ", 698 ," 214,586,030 "," 3,357 ", 569 ," 194,999,830 "," 3,522 ", 532 ," 231,476,800 "," 3,563 ", 463 ," 196,729,050 "," 3,152 ", 444 
서울,성북구,여,70~79세," 345,998,850 "," 4,512 ", 722 ," 184,467,700 "," 3,457 ", 575 ," 205,471,560 "," 3,617 ", 520 ," 267,837,870 "," 3,770 ", 463 ," 173,033,500 "," 3,128 ", 430 
서울,성북구,여,80~89세," 153,005,560 "," 2,022 ", 348 ," 97,019,290 "," 1,739 ", 295 ," 93,893,330 "," 1,747 ", 257 ," 83,224,740 "," 1,865 ", 263 ," 92,728,200 "," 1,958 ", 271 
서울,성북구,여,90~99세," 7,404,710 ", 113 , 25 ," 4,677,110 ", 141 , 17 ," 5,261,480 ", 149 , 24 ," 4,906,040 ", 135 , 22 ," 5,244,770 ", 153 , 26 
서울,성북구,여,100세 이상, - , - , - , - , - , - , - , - , - , - , - , - , - , - , - 
서울,영등포구,남,0~9세, - , - , - , - , - , - , - , - , - , - , - , - , - , - , - 
서울,영등포구,남,10~19세," 44,140,340 ", 641 , 103 ," 95,321,620 ", 921 , 140 ," 117,692,360 "," 1,039 ", 157 ," 154,021,910 "," 1,333 ", 200 ," 167,648,130 "," 1,455 ", 192 
서울,영등포구,남,20~29세," 283,397,450 "," 3,719 ", 498 ," 328,642,710 "," 4,010 ", 559 ," 450,092,650 "," 5,076 ", 667 ," 613,655,100 "," 5,657 ", 750 ," 755,242,100 "," 6,458 ", 810 
서울,영등포구,남,30~39세," 200,913,650 "," 2,625 ", 364 ," 281,231,360 "," 3,514 ", 449 ," 395,064,390 "," 4,634 ", 628 ," 629,345,350 "," 5,752 ", 809 ," 790,589,480 "," 6,335 ", 932 
서울,영등포구,남,40~49세," 233,613,690 "," 3,123 ", 382 ," 264,158,900 "," 3,285 ", 399 ," 324,747,610 "," 4,096 ", 461 ," 439,929,980 "," 4,833 ", 564 ," 470,363,550 "," 4,905 ", 644 
서울,영등포구,남,50~59세," 209,818,920 "," 2,898 ", 348 ," 139,199,410 "," 1,994 ", 292 ," 164,641,710 "," 2,284 ", 329 ," 196,883,300 "," 2,488 ", 350 ," 316,353,190 "," 3,510 ", 415 
서울,영등포구,남,60~69세," 163,776,000 "," 2,436 ", 330 ," 149,119,170 "," 2,166 ", 269 ," 171,776,590 "," 2,442 ", 280 ," 167,888,110 "," 2,217 ", 253 ," 211,214,650 "," 2,464 ", 250 
서울,영등포구,남,70~79세," 98,943,770 "," 1,538 ", 293 ," 74,322,170 "," 1,191 ", 210 ," 64,729,260 "," 1,087 ", 209 ," 63,428,210 "," 1,070 ", 168 ," 67,184,220 "," 1,035 ", 154 
서울,영등포구,남,80~89세," 36,336,640 ", 557 , 116 ," 29,386,880 ", 534 , 93 ," 23,460,330 ", 505 , 95 ," 21,274,280 ", 500 , 79 ," 29,565,950 ", 496 , 87 
서울,영등포구,남,90~99세," 2,623,930 ", 59 , 13 , - , - , - , - , - , - , - , - , - , - , - , - 
서울,영등포구,남,100세 이상, - , - , - , - , - , - , - , - , - , - , - , - , - , - , - 
서울,영등포구,여,0~9세, - , - , - , - , - , - , - , - , - ," 8,156,930 ", 76 , 10 , - , - , - 
서울,영등포구,여,10~19세," 80,200,550 "," 1,066 ", 161 ," 168,382,150 "," 1,680 ", 198 ," 232,345,300 "," 2,141 ", 301 ," 265,724,920 "," 2,401 ", 334 ," 282,692,070 "," 2,258 ", 358 
서울,영등포구,여,20~29세," 526,862,250 "," 6,986 ", 826 ," 726,615,240 "," 9,143 "," 1,115 "," 1,261,956,220 "," 14,036 "," 1,720 "," 1,773,822,680 "," 16,240 "," 2,127 "," 2,004,532,670 "," 16,058 "," 2,176 "
서울,영등포구,여,30~39세," 441,821,510 "," 5,738 ", 646 ," 631,567,810 "," 7,929 ", 888 ," 998,684,540 "," 11,317 "," 1,349 "," 1,530,627,840 "," 14,170 "," 1,755 "," 1,910,511,460 "," 16,063 "," 2,032 "
서울,영등포구,여,40~49세," 271,100,680 "," 3,902 ", 500 ," 322,195,900 "," 4,247 ", 528 ," 401,151,270 "," 4,951 ", 689 ," 566,427,230 "," 6,240 ", 797 ," 783,523,850 "," 7,410 "," 1,008 "
서울,영등포구,여,50~59세," 231,511,260 "," 3,503 ", 627 ," 210,962,790 "," 3,058 ", 534 ," 241,537,430 "," 3,460 ", 550 ," 246,545,920 "," 3,137 ", 517 ," 323,079,950 "," 3,610 ", 569 
서울,영등포구,여,60~69세," 291,446,590 "," 4,768 ", 830 ," 260,330,900 "," 4,051 ", 707 ," 272,779,370 "," 3,992 ", 694 ," 238,299,620 "," 3,460 ", 599 ," 251,628,450 "," 3,372 ", 502 
서울,영등포구,여,70~79세," 236,373,060 "," 3,711 ", 679 ," 181,542,280 "," 2,792 ", 539 ," 159,536,620 "," 2,444 ", 489 ," 135,185,060 "," 2,077 ", 394 ," 161,066,580 "," 2,261 ", 368 
서울,영등포구,여,80~89세," 106,962,860 "," 1,518 ", 295 ," 79,778,290 "," 1,165 ", 236 ," 66,364,070 "," 1,043 ", 219 ," 64,375,520 "," 1,035 ", 195 ," 64,758,600 ", 985 , 180 
서울,영등포구,여,90~99세," 7,260,900 ", 136 , 26 ," 5,492,490 ", 145 , 20 ," 5,501,140 ", 149 , 21 ," 4,666,230 ", 101 , 16 ," 4,627,950 ", 95 , 13 
서울,영등포구,여,100세 이상, - , - , - , - , - , - , - , - , - , - , - , - , - , - , - 
서울,용산구,남,0~9세, - , - , - , - , - , - , - , - , - , - , - , - , - , - , - 
서울,용산구,남,10~19세," 41,076,000 ", 413 , 44 ," 47,817,340 ", 391 , 50 ," 70,133,670 ", 605 , 63 ," 74,690,010 ", 645 , 90 ," 53,625,640 ", 505 , 65 
서울,용산구,남,20~29세," 97,784,400 "," 1,090 ", 173 ," 173,296,050 "," 1,656 ", 226 ," 221,915,220 "," 2,448 ", 309 ," 317,666,170 "," 2,784 ", 384 ," 246,912,980 "," 2,353 ", 347 
서울,용산구,남,30~39세," 85,202,820 "," 1,081 ", 185 ," 107,394,590 "," 1,353 ", 219 ," 156,905,490 "," 1,767 ", 301 ," 234,099,220 "," 2,416 ", 399 ," 277,633,980 "," 2,738 ", 422 
서울,용산구,남,40~49세," 70,460,610 ", 843 , 129 ," 66,460,150 ", 879 , 155 ," 99,019,500 "," 1,188 ", 177 ," 119,377,980 "," 1,223 ", 228 ," 160,892,570 "," 1,582 ", 276 
서울,용산구,남,50~59세," 45,139,000 ", 535 , 98 ," 37,775,870 ", 554 , 106 ," 53,275,210 ", 612 , 116 ," 58,387,720 ", 590 , 130 ," 72,492,080 ", 771 , 147 
서울,용산구,남,60~69세," 24,776,470 ", 311 , 70 ," 23,123,320 ", 343 , 61 ," 48,937,240 ", 537 , 92 ," 51,154,850 ", 529 , 93 ," 61,101,120 ", 574 , 103 
서울,용산구,남,70~79세," 59,536,210 ", 419 , 65 ," 29,050,400 ", 363 , 67 ," 18,509,730 ", 307 , 60 ," 20,619,240 ", 296 , 55 ," 32,364,190 ", 263 , 47 
서울,용산구,남,80~89세," 11,200,830 ", 160 , 36 ," 6,728,890 ", 147 , 46 ," 4,298,770 ", 94 , 31 ," 10,548,820 ", 173 , 43 ," 9,626,710 ", 162 , 38 
서울,용산구,남,90~99세, - , - , - , - , - , - , - , - , - , - , - , - ," 1,000,460 ", 41 , 10 
서울,용산구,남,100세 이상, - , - , - , - , - , - , - , - , - , - , - , - , - , - , - 
서울,용산구,여,0~9세, - , - , - , - , - , - , - , - , - , - , - , - , - , - , - 
서울,용산구,여,10~19세," 129,940,890 ", 848 , 80 ," 116,579,850 ", 960 , 108 ," 155,078,640 "," 1,358 ", 156 ," 160,077,460 "," 1,278 ", 169 ," 170,514,700 "," 1,348 ", 155 
서울,용산구,여,20~29세," 285,550,020 "," 3,652 ", 522 ," 547,979,030 "," 6,693 ", 768 ," 802,077,270 "," 8,174 ", 978 ," 833,703,560 "," 8,055 "," 1,173 "," 753,625,940 "," 7,197 "," 1,048 "
서울,용산구,여,30~39세," 207,775,870 "," 2,562 ", 374 ," 332,492,460 "," 3,963 ", 501 ," 410,284,050 "," 4,686 ", 667 ," 547,846,260 "," 5,547 ", 804 ," 585,250,380 "," 5,672 ", 843 
서울,용산구,여,40~49세," 127,635,490 "," 1,376 ", 224 ," 139,448,900 "," 1,655 ", 243 ," 187,708,400 "," 2,083 ", 316 ," 261,856,490 "," 2,551 ", 430 ," 309,504,070 "," 3,121 ", 443 
서울,용산구,여,50~59세," 100,317,260 "," 1,117 ", 213 ," 101,004,180 "," 1,269 ", 218 ," 166,095,020 "," 1,521 ", 224 ," 143,821,770 "," 1,486 ", 267 ," 183,505,730 "," 1,761 ", 275 
서울,용산구,여,60~69세," 157,036,860 "," 1,343 ", 206 ," 87,463,250 "," 1,083 ", 190 ," 94,030,680 "," 1,078 ", 210 ," 101,874,080 "," 1,151 ", 227 ," 107,835,640 "," 1,219 ", 220 
서울,용산구,여,70~79세," 91,420,150 "," 1,007 ", 179 ," 65,288,190 ", 798 , 161 ," 70,584,130 ", 755 , 159 ," 73,134,240 ", 728 , 142 ," 67,681,560 ", 660 , 130 
서울,용산구,여,80~89세," 38,837,520 ", 385 , 84 ," 21,731,110 ", 408 , 103 ," 31,719,460 ", 370 , 81 ," 25,378,030 ", 338 , 76 ," 34,765,890 ", 350 , 64 
서울,용산구,여,90~99세, - , - , - ," 1,394,720 ", 47 , 15 ," 828,100 ", 37 , 10 ," 1,686,660 ", 61 , 15 ," 2,173,390 ", 65 , 14 
서울,용산구,여,100세 이상, - , - , - , - , - , - , - , - , - , - , - , - , - , - , - 
서울,은평구,남,0~9세, - , - , - , - , - , - , - , - , - , - , - , - , - , - , - 
서울,은평구,남,10~19세," 60,345,560 "," 1,111 ", 146 ," 49,436,850 ", 925 , 135 ," 111,718,430 "," 1,539 ", 188 ," 112,603,530 "," 1,430 ", 191 ," 137,303,400 "," 1,655 ", 202 
서울,은평구,남,20~29세," 203,786,890 "," 3,250 ", 463 ," 196,402,360 "," 3,224 ", 480 ," 284,857,930 "," 4,335 ", 532 ," 359,922,350 "," 4,771 ", 619 ," 392,938,120 "," 5,058 ", 665 
서울,은평구,남,30~39세," 91,614,900 "," 1,549 ", 265 ," 101,982,440 "," 1,696 ", 289 ," 174,177,920 "," 2,562 ", 385 ," 225,410,560 "," 3,098 ", 424 ," 259,561,290 "," 3,523 ", 530 
서울,은평구,남,40~49세," 94,909,500 "," 1,782 ", 264 ," 104,626,150 "," 1,862 ", 307 ," 138,783,930 "," 2,418 ", 326 ," 166,716,990 "," 2,566 ", 389 ," 195,952,770 "," 2,931 ", 438 
서울,은평구,남,50~59세," 92,515,530 "," 1,930 ", 306 ," 80,937,270 "," 1,757 ", 277 ," 93,822,580 "," 1,940 ", 264 ," 118,977,010 "," 2,054 ", 314 ," 133,891,370 "," 2,142 ", 345 
서울,은평구,남,60~69세," 94,200,740 "," 1,986 ", 304 ," 96,260,110 "," 2,119 ", 331 ," 101,557,950 "," 2,187 ", 321 ," 117,545,000 "," 2,385 ", 337 ," 116,434,240 "," 2,418 ", 357 
서울,은평구,남,70~79세," 84,039,200 "," 1,736 ", 279 ," 86,535,980 "," 1,834 ", 304 ," 87,250,730 "," 1,957 ", 280 ," 91,649,320 "," 1,932 ", 289 ," 93,548,820 "," 1,978 ", 269 
서울,은평구,남,80~89세," 34,530,180 ", 915 , 141 ," 41,867,170 "," 1,026 ", 147 ," 43,337,820 ", 942 , 141 ," 54,427,390 "," 1,098 ", 168 ," 59,873,230 "," 1,188 ", 182 
서울,은평구,남,90~99세," 1,449,330 ", 46 , 10 ," 1,212,240 ", 40 , 13 , - , - , - ," 1,562,120 ", 54 , 11 ," 2,949,220 ", 75 , 12 
서울,은평구,남,100세 이상, - , - , - , - , - , - , - , - , - , - , - , - , - , - , - 
서울,은평구,여,0~9세, - , - , - , - , - , - , - , - , - , - , - , - , - , - , - 
서울,은평구,여,10~19세," 96,557,870 "," 1,838 ", 237 ," 84,296,170 "," 1,590 ", 236 ," 184,298,780 "," 2,584 ", 341 ," 200,831,710 "," 2,704 ", 392 ," 226,385,100 "," 2,890 ", 407 
서울,은평구,여,20~29세," 328,999,760 "," 5,495 ", 783 ," 420,819,160 "," 7,215 "," 1,045 "," 685,762,240 "," 10,522 "," 1,305 "," 779,819,940 "," 10,892 "," 1,357 "," 823,904,950 "," 11,007 "," 1,430 "
서울,은평구,여,30~39세," 260,065,180 "," 4,556 ", 638 ," 329,618,570 "," 5,515 ", 772 ," 438,784,430 "," 6,963 ", 942 ," 593,475,750 "," 8,607 "," 1,125 "," 681,572,480 "," 9,452 "," 1,231 "
서울,은평구,여,40~49세," 245,798,490 "," 4,386 ", 584 ," 249,024,050 "," 4,399 ", 631 ," 292,993,660 "," 4,959 ", 722 ," 359,341,340 "," 5,527 ", 788 ," 464,793,470 "," 6,708 ", 969 
서울,은평구,여,50~59세," 256,140,640 "," 5,258 ", 697 ," 252,962,600 "," 5,063 ", 722 ," 299,136,570 "," 5,557 ", 726 ," 307,577,680 "," 5,486 ", 738 ," 364,757,010 "," 5,966 ", 841 
서울,은평구,여,60~69세," 297,336,380 "," 6,613 ", 903 ," 301,200,090 "," 6,660 ", 938 ," 319,868,810 "," 7,024 ", 918 ," 368,030,880 "," 7,358 ", 961 ," 368,267,900 "," 7,115 ", 957 
서울,은평구,여,70~79세," 244,493,060 "," 5,481 ", 795 ," 282,234,530 "," 6,227 ", 888 ," 292,543,030 "," 6,230 ", 838 ," 309,940,110 "," 6,456 ", 862 ," 312,106,170 "," 6,140 ", 811 
서울,은평구,여,80~89세," 86,087,930 "," 1,810 ", 286 ," 78,319,740 "," 1,872 ", 317 ," 91,953,680 "," 2,123 ", 337 ," 114,319,890 "," 2,461 ", 361 ," 136,422,730 "," 2,737 ", 415 
서울,은평구,여,90~99세," 5,690,430 ", 197 , 35 ," 5,977,570 ", 162 , 33 ," 6,280,040 ", 170 , 31 ," 6,457,630 ", 164 , 35 ," 8,650,040 ", 203 , 33 
서울,은평구,여,100세 이상, - , - , - , - , - , - , - , - , - , - , - , - , - , - , - 
서울,종로구,남,0~9세, - , - , - , - , - , - , - , - , - , - , - , - , - , - , - 
서울,종로구,남,10~19세," 172,966,940 "," 1,661 ", 263 ," 163,168,250 "," 1,375 ", 197 ," 109,311,340 ", 898 , 156 ," 96,367,090 ", 673 , 122 ," 72,727,950 ", 524 , 102 
서울,종로구,남,20~29세," 384,473,280 "," 4,281 ", 590 ," 359,057,810 "," 3,622 ", 597 ," 446,236,420 "," 4,092 ", 586 ," 468,858,660 "," 3,772 ", 605 ," 441,871,470 "," 3,653 ", 582 
서울,종로구,남,30~39세," 227,067,920 "," 2,589 ", 478 ," 327,938,020 "," 3,154 ", 557 ," 455,992,200 "," 3,785 ", 587 ," 442,921,190 "," 3,589 ", 645 ," 537,871,120 "," 4,147 ", 667 
서울,종로구,남,40~49세," 246,369,430 "," 3,007 ", 502 ," 274,868,070 "," 2,991 ", 440 ," 307,897,450 "," 3,138 ", 468 ," 362,409,090 "," 3,248 ", 502 ," 375,494,440 "," 3,078 ", 464 
서울,종로구,남,50~59세," 170,881,230 "," 2,488 ", 445 ," 171,785,160 "," 2,294 ", 391 ," 196,582,110 "," 2,344 ", 377 ," 210,617,760 "," 2,306 ", 377 ," 243,642,260 "," 2,399 ", 379 
서울,종로구,남,60~69세," 146,581,750 "," 2,357 ", 485 ," 124,540,110 "," 1,917 ", 395 ," 125,460,640 "," 1,903 ", 352 ," 145,783,020 "," 1,979 ", 343 ," 169,914,610 "," 2,104 ", 311 
서울,종로구,남,70~79세," 254,893,180 "," 3,960 ", 694 ," 192,564,300 "," 3,118 ", 533 ," 188,151,290 "," 2,899 ", 470 ," 176,249,320 "," 2,699 ", 419 ," 171,098,000 "," 2,533 ", 367 
서울,종로구,남,80~89세," 98,434,450 "," 1,723 ", 334 ," 89,584,030 "," 1,546 ", 279 ," 78,711,630 "," 1,445 ", 247 ," 84,381,570 "," 1,502 ", 240 ," 91,178,040 "," 1,588 ", 252 
서울,종로구,남,90~99세," 14,918,630 ", 153 , 22 ," 6,052,760 ", 93 , 19 ," 4,983,600 ", 81 , 18 ," 8,692,070 ", 150 , 21 ," 11,078,740 ", 183 , 28 
서울,종로구,남,100세 이상, - , - , - , - , - , - , - , - , - , - , - , - , - , - , - 
서울,종로구,여,0~9세, - , - , - , - , - , - , - , - , - , - , - , - , - , - , - 
서울,종로구,여,10~19세," 512,652,210 "," 3,749 ", 437 ," 338,713,440 "," 2,671 ", 333 ," 276,945,840 "," 2,238 ", 317 ," 227,249,080 "," 1,635 ", 288 ," 160,910,750 "," 1,319 ", 235 
서울,종로구,여,20~29세," 899,555,670 "," 9,825 "," 1,369 "," 1,267,836,610 "," 12,331 "," 1,682 "," 1,505,677,770 "," 13,281 "," 1,792 "," 1,597,326,650 "," 12,426 "," 1,838 "," 1,740,453,910 "," 13,050 "," 1,908 "
서울,종로구,여,30~39세," 631,912,570 "," 7,034 ", 983 ," 863,858,020 "," 8,443 "," 1,139 "," 1,106,120,460 "," 9,557 "," 1,268 "," 1,235,850,840 "," 9,669 "," 1,384 "," 1,417,891,610 "," 10,617 "," 1,485 "
서울,종로구,여,40~49세," 359,369,400 "," 4,999 ", 824 ," 437,124,620 "," 4,911 ", 706 ," 504,954,240 "," 5,192 ", 744 ," 562,399,120 "," 5,391 ", 771 ," 749,294,290 "," 6,253 ", 835 
서울,종로구,여,50~59세," 419,820,530 "," 6,600 "," 1,223 "," 353,587,720 "," 5,024 ", 903 ," 338,830,870 "," 4,735 ", 797 ," 370,380,260 "," 4,763 ", 731 ," 434,073,580 "," 4,880 ", 718 
서울,종로구,여,60~69세," 736,041,360 "," 11,357 "," 1,976 "," 552,821,980 "," 9,022 "," 1,619 "," 590,482,880 "," 9,069 "," 1,476 "," 548,147,440 "," 8,899 "," 1,392 "," 570,217,070 "," 8,424 "," 1,247 "
서울,종로구,여,70~79세," 774,815,240 "," 13,689 "," 2,334 "," 652,866,630 "," 11,796 "," 1,991 "," 599,020,270 "," 10,868 "," 1,703 "," 630,217,880 "," 10,930 "," 1,663 "," 648,032,340 "," 10,860 "," 1,587 "
서울,종로구,여,80~89세," 285,104,900 "," 4,839 ", 874 ," 259,511,330 "," 4,617 ", 826 ," 246,486,520 "," 4,487 ", 716 ," 254,314,250 "," 4,968 ", 768 ," 294,228,390 "," 5,340 ", 795 
서울,종로구,여,90~99세," 17,416,020 ", 318 , 62 ," 13,562,120 ", 266 , 57 ," 15,159,660 ", 307 , 54 ," 16,292,570 ", 348 , 57 ," 16,572,990 ", 338 , 50 
서울,종로구,여,100세 이상, - , - , - , - , - , - , - , - , - , - , - , - , - , - , - 
서울,중구,남,0~9세, - , - , - , - , - , - , - , - , - , - , - , - , - , - , - 
서울,중구,남,10~19세," 20,941,360 ", 284 , 55 ," 28,765,050 ", 361 , 41 ," 36,030,980 ", 494 , 66 ," 46,052,140 ", 481 , 71 ," 57,495,660 ", 568 , 87 
서울,중구,남,20~29세," 118,367,070 "," 1,739 ", 318 ," 197,617,150 "," 2,312 ", 340 ," 260,767,080 "," 2,871 ", 406 ," 373,886,980 "," 3,619 ", 562 ," 466,160,220 "," 4,458 ", 638 
서울,중구,남,30~39세," 134,985,360 "," 1,955 ", 358 ," 231,134,270 "," 2,940 ", 425 ," 288,522,160 "," 3,299 ", 450 ," 405,582,960 "," 4,164 ", 657 ," 574,954,120 "," 5,423 ", 815 
서울,중구,남,40~49세," 123,010,040 "," 1,938 ", 313 ," 186,103,750 "," 2,514 ", 356 ," 210,332,360 "," 2,714 ", 393 ," 270,075,410 "," 3,019 ", 469 ," 421,384,330 "," 4,218 ", 632 
서울,중구,남,50~59세," 88,598,510 "," 1,550 ", 273 ," 109,492,770 "," 1,756 ", 255 ," 121,629,590 "," 1,807 ", 275 ," 158,898,330 "," 2,115 ", 340 ," 188,519,180 "," 2,293 ", 392 
서울,중구,남,60~69세," 70,578,880 "," 1,252 ", 215 ," 63,499,760 "," 1,172 ", 207 ," 64,173,170 "," 1,174 ", 207 ," 77,667,610 "," 1,213 ", 221 ," 94,210,440 "," 1,420 ", 239 
서울,중구,남,70~79세," 53,231,120 ", 983 , 165 ," 50,066,780 ", 921 , 152 ," 49,938,210 ", 941 , 162 ," 54,339,520 ", 920 , 149 ," 51,595,970 ", 884 , 140 
서울,중구,남,80~89세," 23,456,620 ", 386 , 67 ," 21,404,740 ", 383 , 70 ," 21,992,440 ", 382 , 75 ," 24,974,970 ", 453 , 83 ," 31,788,080 ", 509 , 86 
서울,중구,남,90~99세," 681,520 ", 23 , 10 , - , - , - , - , - , - , - , - , - , - , - , - 
서울,중구,남,100세 이상, - , - , - , - , - , - , - , - , - , - , - , - , - , - , - 
서울,중구,여,0~9세, - , - , - , - , - , - , - , - , - , - , - , - , - , - , - 
서울,중구,여,10~19세," 46,761,600 ", 703 , 120 ," 37,355,620 ", 445 , 96 ," 60,752,600 ", 762 , 104 ," 83,501,040 ", 937 , 174 ," 110,677,990 "," 1,090 ", 194 
서울,중구,여,20~29세," 355,534,300 "," 5,145 ", 757 ," 630,051,730 "," 7,316 ", 912 ," 859,625,760 "," 9,318 "," 1,213 "," 1,084,270,750 "," 10,581 "," 1,574 "," 1,334,509,150 "," 12,116 "," 1,762 "
서울,중구,여,30~39세," 261,574,690 "," 3,798 ", 557 ," 444,701,600 "," 5,201 ", 639 ," 713,074,230 "," 7,651 ", 874 ," 914,735,920 "," 8,911 "," 1,242 "," 1,294,168,550 "," 11,675 "," 1,638 "
서울,중구,여,40~49세," 147,257,330 "," 2,303 ", 363 ," 196,629,960 "," 2,678 ", 402 ," 272,368,300 "," 3,393 ", 471 ," 375,840,290 "," 4,171 ", 600 ," 554,532,980 "," 5,469 ", 757 
서울,중구,여,50~59세," 131,030,060 "," 2,319 ", 418 ," 118,171,050 "," 2,060 ", 377 ," 155,052,510 "," 2,441 ", 413 ," 188,653,270 "," 2,686 ", 467 ," 225,080,160 "," 2,999 ", 495 
서울,중구,여,60~69세," 159,220,620 "," 2,800 ", 471 ," 152,659,130 "," 2,784 ", 465 ," 179,923,680 "," 3,002 ", 454 ," 183,132,720 "," 2,898 ", 476 ," 190,311,050 "," 2,968 ", 481 
서울,중구,여,70~79세," 144,642,990 "," 2,427 ", 390 ," 146,362,430 "," 2,274 ", 392 ," 139,793,850 "," 2,255 ", 389 ," 147,557,160 "," 2,332 ", 390 ," 133,805,100 "," 2,162 ", 360 
서울,중구,여,80~89세," 57,521,140 ", 985 , 175 ," 58,660,180 ", 984 , 169 ," 70,789,750 "," 1,193 ", 185 ," 75,249,040 "," 1,290 ", 196 ," 85,540,040 "," 1,335 ", 204 
서울,중구,여,90~99세," 2,936,410 ", 89 , 19 ," 4,388,900 ", 127 , 19 ," 4,302,030 ", 112 , 16 ," 5,277,040 ", 97 , 19 ," 5,334,520 ", 121 , 16 
서울,중구,여,100세 이상, - , - , - , - , - , - , - , - , - , - , - , - , - , - , - 
서울,송파구,남,0~9세," 7,533,540 ", 105 , 23 ," 9,486,500 ", 130 , 24 ," 15,188,840 ", 179 , 31 ," 20,368,950 ", 230 , 42 ," 23,253,990 ", 262 , 53 
서울,송파구,남,10~19세," 303,006,920 "," 3,961 ", 494 ," 348,049,360 "," 4,099 ", 477 ," 468,595,410 "," 5,040 ", 614 ," 606,072,950 "," 6,180 ", 809 ," 668,750,680 "," 6,666 ", 848 
서울,송파구,남,20~29세," 426,365,490 "," 6,373 ", 874 ," 650,951,030 "," 8,439 "," 1,049 "," 925,332,550 "," 10,275 "," 1,250 "," 1,129,436,200 "," 11,563 "," 1,439 "," 1,240,093,940 "," 11,945 "," 1,423 "
서울,송파구,남,30~39세," 334,981,520 "," 4,687 ", 708 ," 483,428,600 "," 6,041 ", 863 ," 657,744,690 "," 7,225 "," 1,004 "," 881,667,940 "," 9,163 "," 1,323 "," 1,082,588,290 "," 10,363 "," 1,405 "
서울,송파구,남,40~49세," 241,454,230 "," 3,648 ", 586 ," 344,523,260 "," 4,700 ", 703 ," 456,620,140 "," 5,556 ", 817 ," 671,778,590 "," 7,241 "," 1,036 "," 727,762,030 "," 7,345 "," 1,116 "
서울,송파구,남,50~59세," 187,101,030 "," 3,223 ", 546 ," 223,720,080 "," 3,358 ", 542 ," 292,512,470 "," 3,814 ", 562 ," 373,754,500 "," 4,473 ", 688 ," 424,156,620 "," 5,043 ", 752 
서울,송파구,남,60~69세," 155,107,600 "," 3,031 ", 568 ," 188,116,700 "," 3,033 ", 524 ," 185,762,640 "," 2,860 ", 456 ," 243,261,740 "," 3,226 ", 526 ," 222,651,090 "," 3,385 ", 527 
서울,송파구,남,70~79세," 135,717,730 "," 2,307 ", 441 ," 154,339,830 "," 2,393 ", 415 ," 151,956,520 "," 2,149 ", 334 ," 162,982,330 "," 2,308 ", 388 ," 180,733,900 "," 2,334 ", 355 
서울,송파구,남,80~89세," 47,047,840 ", 927 , 192 ," 79,512,610 "," 1,117 ", 198 ," 106,361,090 "," 1,245 ", 167 ," 66,773,110 "," 1,229 ", 202 ," 51,296,360 "," 1,034 ", 199 
서울,송파구,남,90~99세," 2,241,270 ", 65 , 19 ," 9,543,590 ", 92 , 17 ," 9,652,520 ", 93 , 14 ," 4,120,700 ", 63 , 12 ," 8,387,500 ", 133 , 22 
서울,송파구,남,100세 이상, - , - , - , - , - , - , - , - , - , - , - , - , - , - , - 
서울,송파구,여,0~9세," 7,470,850 ", 110 , 18 ," 9,142,410 ", 90 , 22 ," 10,425,490 ", 103 , 23 ," 10,152,720 ", 120 , 26 ," 13,973,620 ", 153 , 31 
서울,송파구,여,10~19세," 586,426,080 "," 7,118 ", 799 ," 644,040,730 "," 7,339 ", 796 ," 838,710,210 "," 8,614 "," 1,013 "," 967,697,610 "," 9,552 "," 1,223 "," 1,062,704,310 "," 10,015 "," 1,347 "
서울,송파구,여,20~29세," 945,408,710 "," 12,454 "," 1,697 "," 1,636,549,490 "," 19,598 "," 2,399 "," 2,328,673,820 "," 24,759 "," 2,907 "," 2,815,927,470 "," 27,706 "," 3,399 "," 2,834,656,730 "," 25,976 "," 3,413 "
서울,송파구,여,30~39세," 812,001,900 "," 11,349 "," 1,651 "," 1,153,932,030 "," 14,673 "," 1,913 "," 1,762,505,630 "," 19,601 "," 2,335 "," 2,401,553,360 "," 24,263 "," 3,110 "," 2,838,589,570 "," 26,755 "," 3,453 "
서울,송파구,여,40~49세," 679,039,550 "," 10,221 "," 1,478 "," 788,020,680 "," 11,335 "," 1,541 "," 1,110,672,620 "," 13,519 "," 1,768 "," 1,428,029,120 "," 15,782 "," 2,179 "," 1,643,700,260 "," 17,493 "," 2,416 "
서울,송파구,여,50~59세," 474,465,500 "," 8,344 "," 1,360 "," 556,484,630 "," 8,272 "," 1,255 "," 655,224,790 "," 8,875 "," 1,210 "," 780,941,520 "," 9,820 "," 1,380 "," 918,155,930 "," 10,292 "," 1,504 "
서울,송파구,여,60~69세," 401,493,790 "," 7,482 "," 1,384 "," 426,606,110 "," 7,281 "," 1,284 "," 507,966,970 "," 7,614 "," 1,157 "," 613,811,030 "," 8,428 "," 1,294 "," 665,028,470 "," 8,779 "," 1,257 "
서울,송파구,여,70~79세," 266,629,590 "," 5,195 "," 1,012 "," 284,770,700 "," 5,120 ", 928 ," 290,873,160 "," 4,597 ", 707 ," 306,592,460 "," 4,611 ", 793 ," 328,005,070 "," 5,019 ", 817 
서울,송파구,여,80~89세," 170,329,910 "," 2,793 ", 478 ," 124,175,660 "," 2,211 ", 431 ," 114,440,140 "," 2,007 ", 324 ," 125,773,750 "," 2,370 ", 397 ," 146,049,840 "," 2,447 ", 421 
서울,송파구,여,90~99세," 6,398,910 ", 228 , 44 ," 7,332,000 ", 229 , 45 ," 10,872,230 ", 308 , 49 ," 11,464,910 ", 276 , 63 ," 13,046,040 ", 292 , 57 
서울,송파구,여,100세 이상, - , - , - , - , - , - , - , - , - , - , - , - , - , - , - 
서울,중랑구,남,0~9세, - , - , - , - , - , - , - , - , - , - , - , - , - , - , - 
서울,중랑구,남,10~19세," 198,070,050 "," 2,631 ", 178 ," 209,339,620 "," 2,792 ", 175 ," 173,622,580 "," 2,392 ", 174 ," 226,374,630 "," 2,634 ", 220 ," 273,128,840 "," 2,885 ", 237 
서울,중랑구,남,20~29세," 145,479,950 "," 2,272 ", 417 ," 227,631,500 "," 3,700 ", 517 ," 330,046,300 "," 5,156 ", 640 ," 460,963,740 "," 5,942 ", 685 ," 504,054,200 "," 5,975 ", 709 
서울,중랑구,남,30~39세," 122,025,270 "," 1,748 ", 315 ," 141,561,280 "," 2,295 ", 377 ," 206,506,530 "," 3,162 ", 436 ," 241,217,590 "," 3,357 ", 510 ," 399,396,430 "," 4,625 ", 608 
서울,중랑구,남,40~49세," 123,099,640 "," 2,048 ", 307 ," 126,346,950 "," 2,195 ", 373 ," 151,850,960 "," 2,553 ", 399 ," 196,345,260 "," 2,734 ", 403 ," 245,039,370 "," 3,226 ", 476 
서울,중랑구,남,50~59세," 150,224,220 "," 2,296 ", 361 ," 161,622,910 "," 2,832 ", 339 ," 170,309,420 "," 2,828 ", 357 ," 182,912,620 "," 2,768 ", 394 ," 259,164,660 "," 3,288 ", 461 
서울,중랑구,남,60~69세," 124,816,040 "," 2,435 ", 391 ," 156,825,950 "," 2,951 ", 420 ," 157,616,290 "," 2,936 ", 436 ," 195,860,390 "," 3,208 ", 444 ," 254,084,180 "," 3,635 ", 454 
서울,중랑구,남,70~79세," 91,388,240 "," 1,529 ", 273 ," 90,993,680 "," 1,677 ", 279 ," 109,595,970 "," 1,820 ", 270 ," 110,213,980 "," 2,037 ", 325 ," 125,515,620 "," 2,119 ", 337 
서울,중랑구,남,80~89세," 58,618,560 ", 761 , 111 ," 32,181,290 ", 736 , 129 ," 38,577,500 ", 787 , 130 ," 45,550,750 ", 868 , 158 ," 64,391,650 "," 1,014 ", 177 
서울,중랑구,남,90~99세, - , - , - , - , - , - , - , - , - ," 3,311,340 ", 64 , 11 ," 3,327,020 ", 54 , 10 
서울,중랑구,남,100세 이상, - , - , - , - , - , - , - , - , - , - , - , - , - , - , - 
서울,중랑구,여,0~9세, - , - , - , - , - , - , - , - , - , - , - , - , - , - , - 
서울,중랑구,여,10~19세," 245,668,700 "," 3,135 ", 250 ," 281,384,460 "," 3,640 ", 254 ," 479,925,950 "," 6,061 ", 347 ," 540,616,720 "," 5,910 ", 451 ," 603,278,800 "," 6,409 ", 488 
서울,중랑구,여,20~29세," 245,087,780 "," 3,755 ", 612 ," 521,194,630 "," 7,990 "," 1,084 "," 729,543,450 "," 10,940 "," 1,306 "," 985,556,490 "," 12,350 "," 1,354 "," 1,242,082,440 "," 13,693 "," 1,593 "
서울,중랑구,여,30~39세," 201,249,900 "," 3,355 ", 565 ," 342,073,560 "," 5,524 ", 749 ," 467,848,610 "," 7,394 ", 931 ," 695,271,050 "," 8,945 "," 1,194 "," 1,005,004,990 "," 11,478 "," 1,311 "
서울,중랑구,여,40~49세," 223,863,130 "," 3,865 ", 565 ," 291,333,770 "," 4,865 ", 651 ," 371,529,930 "," 5,979 ", 751 ," 492,159,800 "," 6,746 ", 814 ," 612,490,180 "," 7,600 ", 932 
서울,중랑구,여,50~59세," 221,108,480 "," 4,204 ", 720 ," 285,784,990 "," 5,322 ", 799 ," 338,907,960 "," 5,981 ", 854 ," 383,065,220 "," 5,928 ", 868 ," 505,919,180 "," 7,268 ", 959 
서울,중랑구,여,60~69세," 245,039,710 "," 4,480 ", 691 ," 231,261,260 "," 4,608 ", 775 ," 342,756,650 "," 6,164 ", 920 ," 380,599,390 "," 6,811 ", 987 ," 428,994,230 "," 7,030 "," 1,003 "
서울,중랑구,여,70~79세," 184,730,610 "," 3,532 ", 574 ," 199,138,990 "," 3,914 ", 612 ," 202,003,360 "," 3,824 ", 607 ," 253,529,560 "," 4,209 ", 662 ," 298,337,930 "," 4,438 ", 702 
서울,중랑구,여,80~89세," 138,834,260 "," 1,977 ", 269 ," 100,426,740 "," 1,864 ", 272 ," 107,898,940 "," 2,036 ", 279 ," 126,574,420 "," 2,206 ", 327 ," 122,971,160 "," 2,122 ", 362 
서울,중랑구,여,90~99세," 8,598,970 ", 139 , 26 ," 5,563,180 ", 158 , 30 ," 5,698,130 ", 153 , 30 ," 7,379,110 ", 148 , 26 ," 8,260,520 ", 168 , 30 
서울,중랑구,여,100세 이상, - , - , - , - , - , - , - , - , - , - , - , - , - , - , - 
서울,양천구,남,0~9세, - , - , - , - , - , - ," 3,000,780 ", 56 , 11 ," 2,330,310 ", 31 , 12 ," 11,811,090 ", 134 , 25 
서울,양천구,남,10~19세," 65,735,430 "," 1,038 ", 170 ," 84,366,700 "," 1,276 ", 180 ," 139,186,420 "," 1,849 ", 227 ," 198,898,860 "," 2,200 ", 301 ," 265,562,530 "," 2,624 ", 359 
서울,양천구,남,20~29세," 138,658,070 "," 2,105 ", 341 ," 175,175,490 "," 2,877 ", 406 ," 258,279,850 "," 3,618 ", 437 ," 296,795,120 "," 3,712 ", 490 ," 369,141,600 "," 3,941 ", 511 
서울,양천구,남,30~39세," 63,064,530 "," 1,071 ", 193 ," 134,502,500 "," 1,834 ", 242 ," 139,458,510 "," 1,989 ", 316 ," 232,127,540 "," 2,822 ", 412 ," 253,232,350 "," 2,925 ", 413 
서울,양천구,남,40~49세," 98,388,750 "," 1,620 ", 223 ," 104,879,730 "," 1,739 ", 236 ," 139,469,310 "," 2,132 ", 288 ," 160,106,060 "," 2,191 ", 333 ," 202,410,570 "," 2,378 ", 387 
서울,양천구,남,50~59세," 55,348,890 "," 1,051 ", 212 ," 70,633,040 "," 1,144 ", 205 ," 78,077,450 "," 1,258 ", 206 ," 109,690,410 "," 1,605 ", 252 ," 130,832,130 "," 1,822 ", 272 
서울,양천구,남,60~69세," 66,652,090 "," 1,256 ", 213 ," 74,707,400 "," 1,291 ", 214 ," 93,946,540 "," 1,505 ", 226 ," 69,693,510 "," 1,249 ", 207 ," 108,956,950 "," 1,423 ", 221 
서울,양천구,남,70~79세," 31,455,910 ", 846 , 161 ," 32,331,190 ", 667 , 125 ," 51,589,310 ", 794 , 136 ," 48,930,800 ", 897 , 155 ," 63,091,470 "," 1,014 ", 171 
서울,양천구,남,80~89세," 17,212,830 ", 307 , 60 ," 8,679,730 ", 272 , 56 ," 14,835,560 ", 313 , 60 ," 10,546,790 ", 295 , 61 ," 15,146,950 ", 299 , 61 
서울,양천구,남,90~99세," 884,550 ", 25 , 10 , - , - , - , - , - , - , - , - , - , - , - , - 
서울,양천구,남,100세 이상, - , - , - , - , - , - , - , - , - , - , - , - , - , - , - 
서울,양천구,여,0~9세, - , - , - ," 2,127,610 ", 31 , 11 ," 4,019,180 ", 74 , 14 ," 4,555,390 ", 57 , 11 ," 5,040,410 ", 58 , 13 
서울,양천구,여,10~19세," 147,140,700 "," 2,129 ", 312 ," 179,927,060 "," 2,406 ", 347 ," 270,202,760 "," 3,249 ", 438 ," 395,263,650 "," 4,174 ", 531 ," 496,470,640 "," 4,684 ", 658 
서울,양천구,여,20~29세," 237,420,120 "," 3,528 ", 524 ," 439,801,990 "," 5,851 ", 805 ," 547,322,550 "," 7,535 "," 1,011 "," 633,489,600 "," 7,522 "," 1,000 "," 673,540,180 "," 7,411 "," 1,020 "
서울,양천구,여,30~39세," 174,937,550 "," 3,001 ", 466 ," 301,476,550 "," 4,457 ", 593 ," 420,476,970 "," 5,796 ", 767 ," 559,571,980 "," 6,585 ", 913 ," 677,982,510 "," 7,350 ", 978 
서울,양천구,여,40~49세," 182,035,290 "," 3,223 ", 515 ," 209,947,250 "," 3,542 ", 570 ," 285,152,390 "," 4,453 ", 650 ," 409,256,590 "," 5,570 ", 810 ," 556,695,440 "," 6,694 ", 925 
서울,양천구,여,50~59세," 147,682,110 "," 2,990 ", 521 ," 180,435,310 "," 3,097 ", 535 ," 207,341,000 "," 3,559 ", 546 ," 275,936,280 "," 3,976 ", 596 ," 336,233,910 "," 4,479 ", 660 
서울,양천구,여,60~69세," 142,312,700 "," 3,005 ", 576 ," 168,698,680 "," 3,115 ", 534 ," 192,693,460 "," 3,566 ", 598 ," 232,497,010 "," 3,974 ", 619 ," 262,956,380 "," 4,115 ", 622 
서울,양천구,여,70~79세," 89,051,160 "," 2,104 ", 388 ," 124,019,900 "," 2,337 ", 404 ," 108,094,940 "," 2,340 ", 415 ," 133,321,880 "," 2,583 ", 424 ," 165,748,150 "," 2,538 ", 404 
서울,양천구,여,80~89세," 55,456,200 "," 1,077 ", 196 ," 41,412,790 ", 943 , 185 ," 52,107,030 "," 1,070 ", 188 ," 52,803,650 "," 1,151 ", 232 ," 58,215,150 "," 1,223 ", 216 
서울,양천구,여,90~99세," 1,489,670 ", 58 , 18 ," 816,230 ", 43 , 12 ," 1,706,330 ", 86 , 17 ," 2,991,570 ", 95 , 26 ," 4,264,740 ", 110 , 20 
서울,양천구,여,100세 이상, - , - , - , - , - , - , - , - , - , - , - , - , - , - , - 
서울,서초구,남,0~9세," 6,492,730 ", 78 , 20 , - , - , - ," 9,770,380 ", 149 , 39 ," 21,518,840 ", 293 , 65 ," 24,119,310 ", 303 , 61 
서울,서초구,남,10~19세," 251,201,200 "," 3,430 ", 480 ," 261,162,130 "," 3,204 ", 410 ," 310,695,030 "," 3,524 ", 512 ," 509,383,000 "," 5,341 ", 697 ," 625,645,080 "," 6,503 ", 847 
서울,서초구,남,20~29세," 673,391,730 "," 8,758 "," 1,258 "," 702,983,040 "," 8,752 "," 1,125 "," 925,992,530 "," 9,960 "," 1,252 "," 1,095,613,030 "," 11,105 "," 1,509 "," 1,342,758,710 "," 12,838 "," 1,682 "
서울,서초구,남,30~39세," 455,572,760 "," 6,005 ", 922 ," 489,197,710 "," 6,153 ", 935 ," 700,291,960 "," 7,989 "," 1,124 "," 916,565,160 "," 9,852 "," 1,477 "," 1,237,774,320 "," 12,119 "," 1,691 "
서울,서초구,남,40~49세," 403,903,630 "," 5,752 ", 830 ," 422,885,870 "," 5,767 ", 829 ," 583,449,120 "," 7,186 ", 969 ," 720,286,380 "," 8,269 "," 1,148 "," 913,917,880 "," 9,699 "," 1,342 "
서울,서초구,남,50~59세," 303,770,050 "," 4,633 ", 699 ," 313,511,920 "," 4,370 ", 652 ," 366,762,390 "," 4,937 ", 677 ," 442,045,760 "," 5,485 ", 806 ," 546,704,460 "," 6,319 ", 903 
서울,서초구,남,60~69세," 240,219,060 "," 3,459 ", 520 ," 205,648,200 "," 3,332 ", 485 ," 256,583,980 "," 3,844 ", 513 ," 269,954,360 "," 3,805 ", 551 ," 298,168,770 "," 4,011 ", 586 
서울,서초구,남,70~79세," 165,600,880 "," 2,317 ", 400 ," 144,239,640 "," 1,912 ", 301 ," 130,556,730 "," 1,833 ", 260 ," 148,526,040 "," 2,202 ", 331 ," 164,724,540 "," 2,245 ", 337 
서울,서초구,남,80~89세," 59,783,620 ", 997 , 173 ," 43,316,350 ", 865 , 142 ," 64,682,230 "," 1,019 ", 150 ," 51,269,660 ", 983 , 149 ," 67,202,240 "," 1,199 ", 178 
서울,서초구,남,90~99세," 3,139,230 ", 76 , 14 ," 3,696,740 ", 83 , 13 ," 4,331,330 ", 82 , 20 ," 5,552,610 ", 79 , 18 ," 2,517,130 ", 41 , 11 
서울,서초구,남,100세 이상, - , - , - , - , - , - , - , - , - , - , - , - , - , - , - 
서울,서초구,여,0~9세," 2,680,520 ", 40 , 13 , - , - , - ," 3,715,040 ", 43 , 22 ," 10,401,630 ", 137 , 28 ," 9,726,120 ", 119 , 26 
서울,서초구,여,10~19세," 476,479,480 "," 6,018 ", 752 ," 519,365,170 "," 5,973 ", 692 ," 924,570,580 "," 8,866 ", 955 ," 1,145,240,620 "," 10,725 "," 1,223 "," 1,194,526,950 "," 11,370 "," 1,379 "
서울,서초구,여,20~29세," 1,650,184,360 "," 20,336 "," 2,763 "," 1,991,708,030 "," 22,861 "," 2,928 "," 2,627,718,290 "," 27,145 "," 3,417 "," 3,330,182,290 "," 31,777 "," 4,039 "," 3,783,880,200 "," 34,043 "," 4,306 "
서울,서초구,여,30~39세," 1,190,159,940 "," 15,439 "," 2,122 "," 1,279,925,870 "," 15,841 "," 2,121 "," 1,841,179,710 "," 20,169 "," 2,566 "," 2,632,874,520 "," 26,208 "," 3,406 "," 3,266,247,250 "," 30,671 "," 3,946 "
서울,서초구,여,40~49세," 891,383,280 "," 13,109 "," 1,734 "," 914,971,790 "," 12,302 "," 1,660 "," 1,105,177,460 "," 14,335 "," 1,913 "," 1,411,749,400 "," 16,494 "," 2,348 "," 1,854,645,440 "," 19,860 "," 2,755 "
서울,서초구,여,50~59세," 679,402,660 "," 10,097 "," 1,546 "," 583,529,930 "," 8,573 "," 1,315 "," 637,352,590 "," 8,925 "," 1,368 "," 862,499,300 "," 11,027 "," 1,657 "," 1,090,308,150 "," 12,745 "," 1,878 "
서울,서초구,여,60~69세," 514,843,480 "," 8,005 "," 1,383 "," 483,283,310 "," 7,117 "," 1,127 "," 558,460,430 "," 7,783 "," 1,195 "," 721,417,940 "," 8,798 "," 1,360 "," 728,297,340 "," 8,549 "," 1,376 "
서울,서초구,여,70~79세," 427,002,160 "," 6,038 "," 1,144 "," 330,345,320 "," 5,013 ", 822 ," 450,292,860 "," 5,678 ", 789 ," 419,290,300 "," 5,960 ", 877 ," 454,118,760 "," 6,223 ", 894 
서울,서초구,여,80~89세," 173,314,640 "," 2,362 ", 458 ," 107,918,550 "," 1,730 ", 312 ," 125,097,090 "," 1,916 ", 306 ," 156,591,610 "," 2,181 ", 343 ," 151,633,540 "," 2,236 ", 369 
서울,서초구,여,90~99세," 7,158,290 ", 165 , 48 ," 5,198,200 ", 153 , 30 ," 15,133,180 ", 235 , 32 ," 11,349,250 ", 204 , 37 ," 15,523,720 ", 246 , 38 
서울,서초구,여,100세 이상, - , - , - , - , - , - , - , - , - , - , - , - , - , - , - 
서울,노원구,남,0~9세," 8,627,190 ", 119 , 24 ," 6,417,780 ", 108 , 16 ," 7,877,920 ", 118 , 17 ," 8,137,880 ", 104 , 20 ," 4,797,540 ", 60 , 16 
서울,노원구,남,10~19세," 163,072,180 "," 2,434 ", 333 ," 156,673,170 "," 2,252 ", 311 ," 152,300,350 "," 1,956 ", 281 ," 176,018,820 "," 2,197 ", 301 ," 136,892,480 "," 1,835 ", 268 
서울,노원구,남,20~29세," 234,560,350 "," 3,877 ", 516 ," 288,903,410 "," 4,436 ", 560 ," 291,657,630 "," 4,566 ", 575 ," 313,524,880 "," 4,986 ", 693 ," 355,016,750 "," 4,963 ", 673 
서울,노원구,남,30~39세," 93,937,020 "," 1,709 ", 257 ," 121,923,390 "," 2,205 ", 296 ," 147,699,780 "," 2,598 ", 326 ," 162,090,440 "," 3,052 ", 425 ," 193,696,840 "," 3,403 ", 456 
서울,노원구,남,40~49세," 118,386,900 "," 2,102 ", 304 ," 125,825,260 "," 2,185 ", 319 ," 136,567,980 "," 2,457 ", 356 ," 160,311,210 "," 2,790 ", 384 ," 174,811,390 "," 3,058 ", 394 
서울,노원구,남,50~59세," 165,743,280 "," 2,941 ", 353 ," 124,555,540 "," 2,445 ", 340 ," 158,568,240 "," 2,831 ", 357 ," 146,476,610 "," 2,755 ", 353 ," 167,864,170 "," 3,000 ", 399 
서울,노원구,남,60~69세," 169,689,040 "," 2,746 ", 391 ," 146,416,310 "," 2,725 ", 411 ," 145,125,330 "," 2,578 ", 370 ," 146,696,300 "," 2,493 ", 371 ," 153,455,540 "," 2,661 ", 379 
서울,노원구,남,70~79세," 140,533,220 "," 2,358 ", 342 ," 133,954,240 "," 2,160 ", 305 ," 105,984,670 "," 2,085 ", 307 ," 122,210,710 "," 2,116 ", 323 ," 118,949,570 "," 2,200 ", 318 
서울,노원구,남,80~89세," 41,427,570 ", 785 , 152 ," 39,153,580 ", 799 , 144 ," 41,469,760 ", 783 , 149 ," 41,173,850 ", 769 , 138 ," 43,960,170 ", 923 , 162 
서울,노원구,남,90~99세," 4,595,270 ", 66 , 10 ," 4,205,350 ", 69 , 14 ," 3,986,790 ", 59 , 12 ," 3,283,750 ", 68 , 16 ," 1,860,740 ", 39 , 11 
서울,노원구,남,100세 이상, - , - , - , - , - , - , - , - , - , - , - , - , - , - , - 
서울,노원구,여,0~9세," 3,272,550 ", 57 , 10 ," 4,962,470 ", 78 , 11 ," 5,747,430 ", 88 , 16 ," 7,285,070 ", 91 , 19 ," 2,733,970 ", 35 , 14 
서울,노원구,여,10~19세," 279,947,070 "," 3,622 ", 419 ," 244,585,670 "," 3,484 ", 423 ," 252,969,590 "," 3,450 ", 457 ," 293,940,520 "," 3,854 ", 560 ," 431,216,930 "," 3,868 ", 522 
서울,노원구,여,20~29세," 476,322,770 "," 7,082 ", 775 ," 804,774,760 "," 11,446 "," 1,215 "," 901,327,940 "," 13,302 "," 1,425 "," 776,295,320 "," 13,278 "," 1,726 "," 823,460,460 "," 12,744 "," 1,547 "
서울,노원구,여,30~39세," 256,422,000 "," 4,732 ", 577 ," 353,217,480 "," 5,819 ", 691 ," 396,566,620 "," 7,130 ", 814 ," 449,202,720 "," 8,194 "," 1,054 "," 569,521,250 "," 9,788 "," 1,147 "
서울,노원구,여,40~49세," 405,483,200 "," 6,654 ", 799 ," 434,533,180 "," 7,594 ", 878 ," 442,169,140 "," 7,431 ", 916 ," 456,689,320 "," 7,795 ", 968 ," 474,263,760 "," 8,069 "," 1,003 "
서울,노원구,여,50~59세," 394,168,910 "," 7,229 ", 953 ," 443,920,740 "," 7,350 ", 927 ," 396,462,930 "," 7,427 ", 932 ," 410,670,850 "," 7,679 ", 962 ," 447,244,730 "," 8,059 ", 969 
서울,노원구,여,60~69세," 457,520,100 "," 7,833 "," 1,079 "," 481,652,190 "," 8,189 "," 1,058 "," 473,627,920 "," 8,409 "," 1,120 "," 481,965,410 "," 8,479 "," 1,125 "," 470,542,090 "," 8,218 "," 1,089 "
서울,노원구,여,70~79세," 405,985,230 "," 6,034 ", 930 ," 347,421,110 "," 5,706 ", 830 ," 392,219,420 "," 6,109 ", 905 ," 331,518,940 "," 5,835 ", 894 ," 375,618,730 "," 5,991 ", 862 
서울,노원구,여,80~89세," 180,679,690 "," 2,533 ", 451 ," 155,316,840 "," 2,328 ", 429 ," 171,537,480 "," 2,611 ", 443 ," 186,482,330 "," 2,829 ", 461 ," 174,685,570 "," 2,869 ", 452 
서울,노원구,여,90~99세," 13,734,170 ", 216 , 38 ," 15,802,980 ", 211 , 42 ," 15,517,790 ", 189 , 47 ," 13,110,550 ", 311 , 45 ," 12,062,150 ", 302 , 46 
서울,노원구,여,100세 이상, - , - , - , - , - , - , - , - , - , - , - , - , - , - , - 
서울,광진구,남,0~9세, - , - , - , - , - , - , - , - , - , - , - , - , - , - , - 
서울,광진구,남,10~19세," 120,080,130 "," 1,581 ", 210 ," 128,808,090 "," 1,258 ", 173 ," 92,585,310 "," 1,009 ", 129 ," 82,079,360 ", 957 , 125 ," 96,792,090 ", 985 , 125 
서울,광진구,남,20~29세," 454,202,230 "," 5,618 ", 738 ," 522,756,020 "," 5,710 ", 754 ," 514,072,230 "," 5,965 ", 714 ," 532,685,080 "," 5,974 ", 772 ," 550,734,540 "," 5,603 ", 705 
서울,광진구,남,30~39세," 194,019,910 "," 2,336 ", 368 ," 204,635,480 "," 2,471 ", 377 ," 283,083,050 "," 3,180 ", 425 ," 300,761,400 "," 3,237 ", 448 ," 323,558,950 "," 3,383 ", 504 
서울,광진구,남,40~49세," 142,508,300 "," 1,935 ", 331 ," 146,207,910 "," 1,912 ", 304 ," 152,749,340 "," 2,052 ", 305 ," 163,890,740 "," 2,152 ", 303 ," 200,548,200 "," 2,213 ", 331 
서울,광진구,남,50~59세," 142,253,830 "," 1,835 ", 331 ," 115,363,040 "," 1,514 ", 263 ," 91,326,120 "," 1,339 ", 218 ," 98,006,760 "," 1,391 ", 228 ," 129,279,230 "," 1,604 ", 245 
서울,광진구,남,60~69세," 134,239,430 "," 1,781 ", 302 ," 90,956,170 "," 1,455 ", 267 ," 128,438,200 "," 1,768 ", 269 ," 117,182,010 "," 1,724 ", 250 ," 134,018,960 "," 1,785 ", 253 
서울,광진구,남,70~79세," 121,003,410 "," 1,344 ", 252 ," 54,337,150 ", 892 , 179 ," 47,339,980 ", 820 , 171 ," 50,358,380 ", 812 , 176 ," 67,641,080 ", 984 , 161 
서울,광진구,남,80~89세," 47,459,250 ", 603 , 115 ," 52,898,460 ", 616 , 99 ," 23,715,760 ", 476 , 85 ," 30,836,470 ", 499 , 85 ," 28,562,910 ", 456 , 90 
서울,광진구,남,90~99세, - , - , - , - , - , - , - , - , - , - , - , - , - , - , - 
서울,광진구,남,100세 이상, - , - , - , - , - , - , - , - , - , - , - , - , - , - , - 
서울,광진구,여,0~9세, - , - , - , - , - , - , - , - , - , - , - , - , - , - , - 
서울,광진구,여,10~19세," 347,831,460 "," 4,007 ", 368 ," 202,961,320 "," 2,323 ", 321 ," 226,834,110 "," 2,276 ", 280 ," 213,160,490 "," 2,022 ", 260 ," 226,055,150 "," 2,038 ", 291 
서울,광진구,여,20~29세," 741,996,430 "," 8,801 "," 1,170 "," 1,381,091,570 "," 14,663 "," 1,653 "," 1,757,938,350 "," 18,635 "," 2,097 "," 1,807,892,270 "," 18,257 "," 2,084 "," 1,678,110,900 "," 16,176 "," 1,912 "
서울,광진구,여,30~39세," 390,349,690 "," 4,559 ", 702 ," 520,916,060 "," 5,946 ", 789 ," 745,142,850 "," 8,121 ", 966 ," 811,636,940 "," 8,271 "," 1,041 "," 937,993,730 "," 9,148 "," 1,146 "
서울,광진구,여,40~49세," 341,714,880 "," 4,392 ", 614 ," 318,095,970 "," 3,867 ", 515 ," 366,809,040 "," 4,288 ", 539 ," 339,639,330 "," 4,074 ", 568 ," 420,208,970 "," 4,621 ", 659 
서울,광진구,여,50~59세," 326,260,980 "," 4,058 ", 693 ," 267,124,420 "," 3,281 ", 517 ," 244,004,620 "," 3,363 ", 534 ," 243,240,730 "," 3,346 ", 526 ," 258,648,050 "," 3,486 ", 553 
서울,광진구,여,60~69세," 382,760,220 "," 4,248 ", 651 ," 220,728,110 "," 3,120 ", 528 ," 206,596,140 "," 3,138 ", 515 ," 218,426,240 "," 3,263 ", 526 ," 296,823,150 "," 3,729 ", 536 
서울,광진구,여,70~79세," 294,241,040 "," 3,477 ", 627 ," 203,314,430 "," 2,752 ", 497 ," 206,825,890 "," 2,791 ", 455 ," 167,586,390 "," 2,353 ", 421 ," 149,473,420 "," 2,264 ", 423 
서울,광진구,여,80~89세," 145,486,020 "," 1,323 ", 262 ," 84,309,290 "," 1,066 ", 189 ," 93,498,430 "," 1,240 ", 185 ," 81,967,040 "," 1,165 ", 205 ," 101,149,940 "," 1,413 ", 235 
서울,광진구,여,90~99세," 15,633,470 ", 117 , 25 ," 14,979,180 ", 261 , 26 ," 23,842,140 ", 395 , 15 ," 35,894,200 ", 256 , 20 ," 4,852,520 ", 104 , 19 
서울,광진구,여,100세 이상, - , - , - , - , - , - , - , - , - , - , - , - , - , - , - 
서울,강북구,남,0~9세, - , - , - , - , - , - , - , - , - , - , - , - , - , - , - 
서울,강북구,남,10~19세," 24,075,810 ", 384 , 53 ," 35,411,070 ", 490 , 59 ," 45,693,930 ", 536 , 69 ," 59,643,940 ", 749 , 97 ," 82,020,950 ", 970 , 109 
서울,강북구,남,20~29세," 55,090,480 "," 1,029 ", 157 ," 75,889,820 "," 1,183 ", 186 ," 103,076,000 "," 1,593 ", 251 ," 149,234,950 "," 2,235 ", 291 ," 175,287,610 "," 2,756 ", 267 
서울,강북구,남,30~39세," 39,668,310 ", 794 , 113 ," 51,752,370 ", 939 , 142 ," 72,708,970 "," 1,174 ", 158 ," 98,284,960 "," 1,572 ", 199 ," 121,480,850 "," 1,961 ", 204 
서울,강북구,남,40~49세," 52,135,000 "," 1,253 ", 134 ," 54,470,880 "," 1,264 ", 150 ," 50,273,310 "," 1,042 ", 152 ," 82,904,550 "," 1,514 ", 186 ," 103,323,360 "," 1,860 ", 206 
서울,강북구,남,50~59세," 42,631,180 "," 1,098 ", 155 ," 47,604,060 "," 1,173 ", 169 ," 59,842,920 "," 1,327 ", 163 ," 77,327,200 "," 1,621 ", 182 ," 85,136,980 "," 1,787 ", 192 
서울,강북구,남,60~69세," 42,771,830 "," 1,166 ", 141 ," 46,426,920 "," 1,285 ", 176 ," 51,182,240 "," 1,383 ", 184 ," 58,551,020 "," 1,507 ", 193 ," 63,665,830 "," 1,633 ", 188 
서울,강북구,남,70~79세," 26,527,780 ", 889 , 127 ," 33,233,930 ", 972 , 161 ," 39,845,110 "," 1,158 ", 164 ," 43,267,890 "," 1,154 ", 153 ," 58,494,240 "," 1,641 ", 184 
서울,강북구,남,80~89세," 15,824,320 ", 497 , 68 ," 20,189,370 ", 633 , 94 ," 23,240,760 ", 644 , 82 ," 28,619,240 ", 735 , 94 ," 42,051,400 "," 1,046 ", 130 
서울,강북구,남,90~99세, - , - , - , - , - , - , - , - , - ," 3,092,050 ", 114 , 11 ," 5,578,620 ", 180 , 10 
서울,강북구,남,100세 이상, - , - , - , - , - , - , - , - , - , - , - , - , - , - , - 
서울,강북구,여,0~9세, - , - , - , - , - , - , - , - , - , - , - , - , - , - , - 
서울,강북구,여,10~19세," 47,152,910 ", 717 , 106 ," 64,950,240 ", 854 , 112 ," 80,509,430 ", 920 , 124 ," 107,885,660 "," 1,274 ", 183 ," 147,738,150 "," 1,692 ", 215 
서울,강북구,여,20~29세," 178,988,260 "," 3,078 ", 437 ," 301,978,550 "," 4,242 ", 584 ," 351,311,140 "," 4,481 ", 620 ," 405,240,580 "," 5,325 ", 752 ," 450,729,820 "," 6,121 ", 787 
서울,강북구,여,30~39세," 128,017,260 "," 2,317 ", 293 ," 188,650,460 "," 2,905 ", 378 ," 240,241,740 "," 3,442 ", 444 ," 311,308,640 "," 4,300 ", 521 ," 344,430,260 "," 4,724 ", 547 
서울,강북구,여,40~49세," 117,588,350 "," 2,656 ", 303 ," 130,871,650 "," 2,698 ", 335 ," 163,753,000 "," 3,244 ", 382 ," 214,093,990 "," 4,020 ", 415 ," 257,416,300 "," 4,438 ", 456 
서울,강북구,여,50~59세," 122,111,600 "," 3,142 ", 352 ," 149,741,820 "," 3,552 ", 422 ," 153,693,230 "," 3,423 ", 401 ," 173,654,930 "," 3,655 ", 426 ," 180,600,410 "," 3,756 ", 395 
서울,강북구,여,60~69세," 126,387,440 "," 3,751 ", 424 ," 140,594,510 "," 4,066 ", 517 ," 162,293,670 "," 4,500 ", 543 ," 193,864,180 "," 4,995 ", 551 ," 213,915,110 "," 5,467 ", 520 
서울,강북구,여,70~79세," 81,061,500 "," 2,606 ", 364 ," 101,458,800 "," 2,982 ", 383 ," 125,195,380 "," 3,626 ", 422 ," 143,694,600 "," 3,903 ", 466 ," 177,376,370 "," 4,832 ", 496 
서울,강북구,여,80~89세," 33,270,750 "," 1,008 ", 142 ," 38,550,780 "," 1,140 ", 178 ," 46,010,040 "," 1,363 ", 183 ," 68,177,480 "," 1,815 ", 226 ," 90,868,400 "," 2,385 ", 280 
서울,강북구,여,90~99세," 1,865,930 ", 92 , 17 ," 1,812,150 ", 89 , 17 ," 2,439,940 ", 80 , 20 ," 3,793,910 ", 87 , 18 ," 8,792,310 ", 185 , 22 
서울,강북구,여,100세 이상, - , - , - , - , - , - , - , - , - , - , - , - , - , - , - 
서울,금천구,남,0~9세, - , - , - , - , - , - , - , - , - , - , - , - , - , - , - 
서울,금천구,남,10~19세," 23,593,980 ", 334 , 55 ," 41,180,430 ", 479 , 59 ," 46,979,150 ", 592 , 69 ," 54,288,730 ", 656 , 85 ," 74,094,940 ", 708 , 93 
서울,금천구,남,20~29세," 140,565,640 "," 1,934 ", 248 ," 206,282,210 "," 2,594 ", 318 ," 258,531,430 "," 3,046 ", 378 ," 273,365,550 "," 3,056 ", 461 ," 300,955,810 "," 3,151 ", 461 
서울,금천구,남,30~39세," 150,845,970 "," 2,022 ", 305 ," 207,964,420 "," 2,523 ", 337 ," 220,773,590 "," 2,466 ", 402 ," 272,430,420 "," 2,885 ", 491 ," 333,533,810 "," 3,315 ", 535 
서울,금천구,남,40~49세," 135,548,750 "," 2,018 ", 246 ," 147,754,270 "," 1,961 ", 291 ," 149,604,120 "," 1,836 ", 290 ," 194,622,970 "," 2,305 ", 376 ," 251,170,610 "," 2,758 ", 418 
서울,금천구,남,50~59세," 72,724,180 "," 1,293 ", 213 ," 81,356,500 "," 1,355 ", 229 ," 94,246,780 "," 1,394 ", 216 ," 113,373,080 "," 1,608 ", 279 ," 142,425,030 "," 1,845 ", 305 
서울,금천구,남,60~69세," 79,029,740 "," 1,526 ", 211 ," 92,131,050 "," 1,613 ", 220 ," 74,020,350 "," 1,444 ", 222 ," 84,328,010 "," 1,525 ", 266 ," 140,835,440 "," 2,148 ", 278 
서울,금천구,남,70~79세," 38,060,950 ", 928 , 139 ," 46,687,110 "," 1,001 ", 155 ," 58,111,930 "," 1,146 ", 164 ," 52,000,540 "," 1,027 ", 165 ," 72,537,860 "," 1,165 ", 159 
서울,금천구,남,80~89세," 10,703,850 ", 288 , 45 ," 11,414,810 ", 361 , 55 ," 14,758,340 ", 439 , 66 ," 11,450,120 ", 363 , 56 ," 34,785,930 ", 559 , 64 
서울,금천구,남,90~99세, - , - , - , - , - , - , - , - , - , - , - , - ," 3,066,210 ", 104 , 11 
서울,금천구,남,100세 이상, - , - , - , - , - , - , - , - , - , - , - , - , - , - , - 
서울,금천구,여,0~9세, - , - , - , - , - , - , - , - , - , - , - , - , - , - , - 
서울,금천구,여,10~19세," 54,453,670 ", 719 , 121 ," 72,354,990 ", 810 , 111 ," 102,174,100 "," 1,124 ", 162 ," 111,056,080 "," 1,219 ", 195 ," 131,680,230 "," 1,335 ", 209 
서울,금천구,여,20~29세," 389,995,650 "," 5,109 ", 617 ," 603,379,960 "," 7,126 ", 830 ," 666,255,360 "," 7,538 ", 970 ," 827,438,440 "," 8,959 "," 1,202 "," 852,677,390 "," 8,645 "," 1,155 "
서울,금천구,여,30~39세," 293,101,250 "," 3,983 ", 500 ," 393,935,440 "," 4,774 ", 540 ," 557,600,010 "," 6,336 ", 729 ," 683,046,740 "," 7,489 ", 941 ," 782,628,700 "," 7,971 "," 1,009 "
서울,금천구,여,40~49세," 184,259,530 "," 2,836 ", 352 ," 215,242,800 "," 3,003 ", 357 ," 257,131,520 "," 3,326 ", 428 ," 303,369,800 "," 3,726 ", 517 ," 362,357,480 "," 4,185 ", 559 
서울,금천구,여,50~59세," 138,322,580 "," 2,711 ", 465 ," 164,621,520 "," 2,877 ", 420 ," 182,088,400 "," 3,055 ", 469 ," 221,041,220 "," 3,421 ", 514 ," 248,681,650 "," 3,692 ", 552 
서울,금천구,여,60~69세," 135,082,400 "," 3,040 ", 426 ," 165,666,230 "," 3,312 ", 496 ," 168,288,150 "," 3,335 ", 514 ," 198,434,600 "," 3,632 ", 538 ," 226,615,900 "," 3,750 ", 534 
서울,금천구,여,70~79세," 103,698,690 "," 2,256 ", 311 ," 94,177,520 "," 2,032 ", 313 ," 123,699,850 "," 2,545 ", 361 ," 120,786,720 "," 2,552 ", 377 ," 120,411,150 "," 2,405 ", 341 
서울,금천구,여,80~89세," 59,868,110 "," 1,233 ", 124 ," 69,650,920 "," 1,217 ", 123 ," 58,777,240 "," 1,185 ", 135 ," 80,140,750 "," 1,457 ", 141 ," 84,190,950 "," 1,456 ", 157 
서울,금천구,여,90~99세," 13,489,380 ", 202 , 14 ," 3,308,050 ", 108 , 16 ," 1,843,950 ", 71 , 15 ," 2,589,900 ", 105 , 17 ," 4,802,160 ", 128 , 18 
서울,금천구,여,100세 이상, - , - , - , - , - , - , - , - , - , - , - , - , - , - , - 