[시군구별 및 성별 및 연령별 조현병 진료현황],,,,,,,,,,,,,,,,,,
,,,,,,,,,,,,,,,,,,
,,,,,,,,,,,,,,,,,"(단위: 원, 일, 명)",
시도,시군구,성별,연령구분,2019년,,,2020년,,,2021년,,,2022년,,,2023년,,
,,,,요양급여비용,입내원일수,환자수,요양급여비용,입내원일수,환자수,요양급여비용,입내원일수,환자수,요양급여비용,입내원일수,환자수,요양급여비용,입내원일수,환자수
서울,강남구,남,0~9세, - , - , - , - , - , - , - , - , - , - , - , - , - , - , - 
서울,강남구,남,10~19세," 63,798,380 ", 353 , 33 ," 19,206,810 ", 235 , 27 ," 78,490,320 ", 374 , 27 ," 54,353,060 ", 306 , 36 ," 38,204,920 ", 237 , 37 
서울,강남구,남,20~29세," 366,295,810 "," 3,582 ", 222 ," 271,210,500 "," 2,633 ", 214 ," 218,847,440 "," 2,116 ", 191 ," 208,020,460 "," 1,754 ", 188 ," 162,979,210 "," 1,372 ", 167 
서울,강남구,남,30~39세," 396,100,680 "," 3,987 ", 283 ," 273,814,850 "," 3,318 ", 258 ," 236,967,350 "," 2,947 ", 243 ," 239,147,050 "," 2,512 ", 225 ," 238,331,470 "," 2,262 ", 215 
서울,강남구,남,40~49세," 326,208,690 "," 3,976 ", 301 ," 259,351,220 "," 3,195 ", 285 ," 257,817,550 "," 2,812 ", 265 ," 263,874,340 "," 2,857 ", 266 ," 254,205,690 "," 2,393 ", 263 
서울,강남구,남,50~59세," 158,972,030 "," 1,711 ", 170 ," 141,914,210 "," 1,728 ", 186 ," 175,107,200 "," 1,996 ", 195 ," 171,916,570 "," 1,785 ", 203 ," 199,388,510 "," 2,020 ", 199 
서울,강남구,남,60~69세," 68,332,470 ", 515 , 59 ," 44,897,410 ", 500 , 69 ," 38,265,240 ", 438 , 57 ," 50,240,010 ", 522 , 68 ," 52,262,810 ", 478 , 69 
서울,강남구,남,70~79세," 7,769,450 ", 97 , 13 ," 10,955,100 ", 117 , 18 ," 34,914,140 ", 170 , 18 ," 15,601,210 ", 194 , 32 ," 13,619,700 ", 167 , 26 
서울,강남구,남,80~89세, - , - , - , - , - , - , - , - , - , - , - , - , - , - , - 
서울,강남구,남,90~99세, - , - , - , - , - , - , - , - , - , - , - , - , - , - , - 
서울,강남구,남,100세 이상, - , - , - , - , - , - , - , - , - , - , - , - , - , - , - 
서울,강남구,여,0~9세, - , - , - , - , - , - , - , - , - , - , - , - , - , - , - 
서울,강남구,여,10~19세," 21,588,350 ", 307 , 23 ," 20,059,630 ", 148 , 18 ," 12,583,190 ", 106 , 19 ," 13,796,520 ", 98 , 16 ," 16,523,360 ", 113 , 18 
서울,강남구,여,20~29세," 260,645,190 "," 1,964 ", 219 ," 262,478,430 "," 1,700 ", 186 ," 245,193,700 "," 1,542 ", 173 ," 285,211,820 "," 1,496 ", 164 ," 227,929,750 "," 1,310 ", 155 
서울,강남구,여,30~39세," 452,751,990 "," 3,306 ", 341 ," 304,602,200 "," 2,587 ", 303 ," 254,047,950 "," 2,094 ", 299 ," 301,089,050 "," 2,232 ", 281 ," 339,808,850 "," 2,220 ", 286 
서울,강남구,여,40~49세," 400,344,840 "," 4,806 ", 338 ," 272,118,980 "," 3,283 ", 331 ," 301,486,680 "," 2,960 ", 311 ," 311,172,760 "," 2,808 ", 292 ," 284,407,910 "," 2,515 ", 302 
서울,강남구,여,50~59세," 243,648,100 "," 2,510 ", 256 ," 182,727,950 "," 1,902 ", 245 ," 201,333,850 "," 1,864 ", 225 ," 268,521,620 "," 2,209 ", 247 ," 264,461,850 "," 1,988 ", 255 
서울,강남구,여,60~69세," 97,353,370 ", 910 , 139 ," 131,134,320 "," 1,088 ", 153 ," 125,545,580 "," 1,128 ", 164 ," 134,481,960 "," 1,231 ", 163 ," 136,503,330 "," 1,111 ", 164 
서울,강남구,여,70~79세," 67,475,310 ", 337 , 54 ," 44,571,090 ", 351 , 63 ," 78,830,660 ", 455 , 65 ," 112,293,680 ", 539 , 68 ," 41,251,620 ", 353 , 73 
서울,강남구,여,80~89세, - , - , - ," 5,448,950 ", 42 , 12 ," 3,840,490 ", 64 , 14 ," 5,406,710 ", 113 , 19 ," 9,143,240 ", 133 , 24 
서울,강남구,여,90~99세, - , - , - , - , - , - , - , - , - , - , - , - , - , - , - 
서울,강남구,여,100세 이상, - , - , - , - , - , - , - , - , - , - , - , - , - , - , - 
서울,강동구,남,0~9세, - , - , - , - , - , - , - , - , - , - , - , - , - , - , - 
서울,강동구,남,10~19세," 10,664,460 ", 160 , 11 ," 11,436,790 ", 158 , 14 , - , - , - , - , - , - ," 8,884,380 ", 47 , 10 
서울,강동구,남,20~29세," 121,128,880 "," 1,577 ", 90 ," 176,506,860 "," 2,142 ", 99 ," 187,662,430 "," 2,165 ", 82 ," 148,118,740 "," 1,376 ", 78 ," 162,834,680 "," 1,203 ", 80 
서울,강동구,남,30~39세," 168,373,100 "," 2,269 ", 158 ," 194,237,890 "," 2,328 ", 147 ," 235,517,300 "," 2,516 ", 125 ," 304,651,600 "," 2,913 ", 123 ," 230,081,810 "," 1,722 ", 118 
서울,강동구,남,40~49세," 204,085,530 "," 2,305 ", 190 ," 290,611,540 "," 3,036 ", 204 ," 249,043,110 "," 2,644 ", 187 ," 226,100,960 "," 2,508 ", 178 ," 146,497,070 "," 1,527 ", 171 
서울,강동구,남,50~59세," 310,502,700 "," 3,493 ", 135 ," 290,885,550 "," 3,654 ", 138 ," 191,371,810 "," 2,267 ", 129 ," 208,291,320 "," 2,438 ", 130 ," 121,343,090 "," 1,164 ", 133 
서울,강동구,남,60~69세," 269,123,870 "," 3,239 ", 96 ," 359,677,880 "," 4,246 ", 106 ," 377,736,600 "," 4,077 ", 98 ," 352,175,010 "," 3,614 ", 93 ," 124,390,170 "," 1,050 ", 77 
서울,강동구,남,70~79세," 238,308,350 "," 2,873 ", 48 ," 214,657,430 "," 2,634 ", 50 ," 216,928,720 "," 2,285 ", 53 ," 258,075,130 "," 2,481 ", 63 ," 165,293,910 "," 1,141 ", 54 
서울,강동구,남,80~89세," 4,309,700 ", 83 , 17 ," 13,087,110 ", 169 , 12 ," 83,828,710 ", 734 , 17 ," 129,092,700 "," 1,070 ", 18 ," 99,822,280 ", 720 , 15 
서울,강동구,남,90~99세, - , - , - , - , - , - , - , - , - , - , - , - , - , - , - 
서울,강동구,남,100세 이상, - , - , - , - , - , - , - , - , - , - , - , - , - , - , - 
서울,강동구,여,0~9세, - , - , - , - , - , - , - , - , - , - , - , - , - , - , - 
서울,강동구,여,10~19세," 17,770,230 ", 202 , 15 ," 25,287,370 ", 298 , 19 ," 16,136,500 ", 178 , 16 , - , - , - , - , - , - 
서울,강동구,여,20~29세," 109,324,620 "," 1,423 ", 96 ," 178,372,670 "," 2,372 ", 103 ," 144,247,000 "," 1,650 ", 91 ," 140,515,410 "," 1,317 ", 91 ," 174,744,480 "," 1,348 ", 79 
서울,강동구,여,30~39세," 181,070,120 "," 2,639 ", 146 ," 173,313,530 "," 2,305 ", 152 ," 210,247,190 "," 2,433 ", 136 ," 154,805,720 "," 1,733 ", 127 ," 136,067,930 "," 1,177 ", 122 
서울,강동구,여,40~49세," 209,859,480 "," 2,827 ", 174 ," 225,804,630 "," 3,044 ", 197 ," 243,121,380 "," 2,875 ", 191 ," 237,511,640 "," 2,577 ", 173 ," 201,740,410 "," 1,931 ", 173 
서울,강동구,여,50~59세," 177,664,960 "," 2,507 ", 143 ," 184,399,380 "," 2,252 ", 150 ," 195,973,970 "," 2,244 ", 142 ," 197,023,410 "," 2,271 ", 143 ," 242,813,730 "," 2,449 ", 155 
서울,강동구,여,60~69세," 182,408,820 "," 2,308 ", 124 ," 293,637,250 "," 3,715 ", 122 ," 303,599,920 "," 3,634 ", 132 ," 282,553,440 "," 2,996 ", 140 ," 258,437,680 "," 2,170 ", 125 
서울,강동구,여,70~79세," 63,744,680 ", 816 , 40 ," 85,627,270 "," 1,203 ", 52 ," 124,360,480 "," 1,200 ", 48 ," 93,283,520 "," 1,136 ", 55 ," 31,366,200 ", 410 , 48 
서울,강동구,여,80~89세," 16,274,310 ", 246 , 13 ," 21,609,640 ", 289 , 24 ," 63,433,530 ", 745 , 14 ," 48,630,530 ", 604 , 12 ," 20,466,700 ", 235 , 17 
서울,강동구,여,90~99세, - , - , - , - , - , - , - , - , - , - , - , - , - , - , - 
서울,강동구,여,100세 이상, - , - , - , - , - , - , - , - , - , - , - , - , - , - , - 
서울,강서구,남,0~9세, - , - , - , - , - , - , - , - , - , - , - , - , - , - , - 
서울,강서구,남,10~19세, - , - , - , - , - , - ," 6,141,680 ", 67 , 10 ," 7,230,340 ", 81 , 10 , - , - , - 
서울,강서구,남,20~29세," 91,922,500 "," 1,203 ", 50 ," 118,484,110 "," 1,341 ", 65 ," 134,046,680 "," 1,319 ", 59 ," 100,507,770 "," 1,034 ", 58 ," 108,547,130 ", 965 , 52 
서울,강서구,남,30~39세," 120,856,730 "," 1,677 ", 80 ," 121,189,240 "," 1,344 ", 85 ," 109,876,280 "," 1,317 ", 89 ," 98,407,800 "," 1,012 ", 82 ," 100,707,130 "," 1,070 ", 80 
서울,강서구,남,40~49세," 135,539,070 "," 1,867 ", 90 ," 116,137,810 "," 1,416 ", 97 ," 89,532,170 "," 1,115 ", 87 ," 91,248,180 "," 1,087 ", 86 ," 121,277,050 "," 1,354 ", 80 
서울,강서구,남,50~59세," 185,368,590 "," 2,590 ", 53 ," 261,561,310 "," 2,890 ", 67 ," 381,575,300 "," 3,914 ", 70 ," 240,912,880 "," 2,840 ", 70 ," 210,481,430 "," 2,134 ", 80 
서울,강서구,남,60~69세," 120,047,300 "," 1,656 ", 37 ," 151,868,650 "," 1,623 ", 36 ," 139,331,020 "," 1,482 ", 39 ," 90,115,060 "," 1,035 ", 35 ," 136,926,420 "," 1,522 ", 37 
서울,강서구,남,70~79세," 28,289,910 ", 366 , 11 ," 9,674,800 ", 146 , 18 ," 17,612,210 ", 213 , 15 ," 22,436,300 ", 251 , 16 ," 15,379,590 ", 182 , 15 
서울,강서구,남,80~89세, - , - , - , - , - , - , - , - , - , - , - , - , - , - , - 
서울,강서구,남,90~99세, - , - , - , - , - , - , - , - , - , - , - , - , - , - , - 
서울,강서구,남,100세 이상, - , - , - , - , - , - , - , - , - , - , - , - , - , - , - 
서울,강서구,여,0~9세, - , - , - , - , - , - , - , - , - , - , - , - , - , - , - 
서울,강서구,여,10~19세, - , - , - , - , - , - ," 3,064,210 ", 40 , 10 , - , - , - ," 6,022,580 ", 75 , 10 
서울,강서구,여,20~29세," 125,214,070 "," 1,714 ", 65 ," 117,578,210 "," 1,388 ", 69 ," 93,940,040 "," 1,071 ", 59 ," 76,768,320 ", 875 , 62 ," 127,124,920 "," 1,232 ", 62 
서울,강서구,여,30~39세," 148,679,920 "," 2,030 ", 95 ," 152,067,160 "," 1,718 ", 98 ," 229,568,450 "," 2,415 ", 92 ," 176,174,620 "," 1,990 ", 92 ," 134,524,530 "," 1,526 ", 96 
서울,강서구,여,40~49세," 107,795,830 "," 1,441 ", 98 ," 99,549,430 "," 1,237 ", 117 ," 178,346,630 "," 2,069 ", 111 ," 203,201,250 "," 2,409 ", 111 ," 283,114,070 "," 2,771 ", 125 
서울,강서구,여,50~59세," 232,138,400 "," 3,239 ", 88 ," 320,184,070 "," 3,390 ", 89 ," 324,216,510 "," 3,420 ", 98 ," 311,012,800 "," 3,330 ", 94 ," 257,008,770 "," 2,682 ", 101 
서울,강서구,여,60~69세," 203,542,390 "," 2,757 ", 71 ," 251,124,780 "," 2,745 ", 86 ," 369,874,970 "," 3,763 ", 81 ," 243,875,250 "," 2,687 ", 94 ," 333,682,080 "," 3,147 ", 98 
서울,강서구,여,70~79세," 158,150,980 "," 2,229 ", 35 ," 178,100,110 "," 1,930 ", 32 ," 206,092,930 "," 2,073 ", 28 ," 109,975,590 "," 1,355 ", 33 ," 107,206,870 "," 1,160 ", 38 
서울,강서구,여,80~89세," 572,340 ", 65 , 25 ," 1,146,280 ", 81 , 14 ," 644,550 ", 60 , 17 ," 915,930 ", 48 , 12 ," 1,033,480 ", 45 , 16 
서울,강서구,여,90~99세," 308,070 ", 101 , 15 ," 342,010 ", 109 , 12 , - , - , - , - , - , - , - , - , - 
서울,강서구,여,100세 이상, - , - , - , - , - , - , - , - , - , - , - , - , - , - , - 
서울,관악구,남,0~9세, - , - , - , - , - , - , - , - , - , - , - , - , - , - , - 
서울,관악구,남,10~19세, - , - , - , - , - , - , - , - , - , - , - , - , - , - , - 
서울,관악구,남,20~29세," 18,284,390 ", 387 , 39 ," 29,843,760 ", 496 , 44 ," 37,327,020 ", 593 , 48 ," 29,835,930 ", 484 , 48 ," 27,619,830 ", 378 , 47 
서울,관악구,남,30~39세," 41,093,620 ", 725 , 59 ," 37,716,110 ", 669 , 67 ," 46,405,550 ", 792 , 68 ," 55,437,860 ", 864 , 69 ," 52,099,240 ", 757 , 66 
서울,관악구,남,40~49세," 56,783,670 "," 1,108 ", 88 ," 58,876,240 "," 1,031 ", 86 ," 59,368,620 ", 967 , 84 ," 59,362,860 ", 888 , 76 ," 60,598,330 ", 906 , 75 
서울,관악구,남,50~59세," 37,167,920 ", 819 , 63 ," 43,054,020 ", 902 , 63 ," 48,437,050 ", 939 , 69 ," 52,354,730 ", 959 , 69 ," 51,720,140 ", 939 , 76 
서울,관악구,남,60~69세," 14,830,060 ", 392 , 29 ," 31,485,430 ", 580 , 31 ," 13,035,750 ", 303 , 30 ," 18,192,530 ", 349 , 28 ," 20,502,810 ", 370 , 34 
서울,관악구,남,70~79세, - , - , - , - , - , - ," 5,802,380 ", 139 , 15 ," 6,970,880 ", 189 , 11 ," 6,185,070 ", 169 , 10 
서울,관악구,남,80~89세, - , - , - , - , - , - , - , - , - , - , - , - , - , - , - 
서울,관악구,남,90~99세, - , - , - , - , - , - , - , - , - , - , - , - , - , - , - 
서울,관악구,남,100세 이상, - , - , - , - , - , - , - , - , - , - , - , - , - , - , - 
서울,관악구,여,0~9세, - , - , - , - , - , - , - , - , - , - , - , - , - , - , - 
서울,관악구,여,10~19세, - , - , - , - , - , - , - , - , - , - , - , - , - , - , - 
서울,관악구,여,20~29세," 32,360,050 ", 565 , 41 ," 32,251,740 ", 502 , 39 ," 42,596,890 ", 554 , 55 ," 49,175,520 ", 630 , 59 ," 48,369,360 ", 524 , 48 
서울,관악구,여,30~39세," 37,397,060 ", 683 , 50 ," 36,059,000 ", 582 , 63 ," 50,688,760 ", 760 , 75 ," 67,053,170 ", 911 , 75 ," 67,530,020 ", 851 , 79 
서울,관악구,여,40~49세," 68,650,270 "," 1,146 ", 80 ," 69,343,810 "," 1,115 ", 71 ," 60,690,750 ", 993 , 80 ," 66,864,530 ", 978 , 79 ," 62,207,200 ", 815 , 72 
서울,관악구,여,50~59세," 92,832,850 "," 1,720 ", 96 ," 64,014,180 "," 1,208 ", 82 ," 65,862,340 "," 1,194 ", 82 ," 66,582,120 "," 1,172 ", 91 ," 69,492,850 "," 1,214 ", 80 
서울,관악구,여,60~69세," 78,520,800 "," 1,172 ", 60 ," 69,849,520 "," 1,058 ", 59 ," 56,342,830 ", 905 , 56 ," 40,485,380 ", 790 , 61 ," 42,206,070 ", 820 , 56 
서울,관악구,여,70~79세," 73,870,700 "," 1,035 ", 32 ," 48,904,410 ", 702 , 27 ," 45,844,910 ", 605 , 25 ," 28,882,320 ", 405 , 26 ," 14,579,580 ", 245 , 26 
서울,관악구,여,80~89세, - , - , - ," 31,261,370 ", 457 , 18 ," 31,646,710 ", 448 , 14 ," 10,658,660 ", 193 , 14 ," 2,024,770 ", 117 , 18 
서울,관악구,여,90~99세, - , - , - ," 293,080 ", 57 , 10 , - , - , - , - , - , - , - , - , - 
서울,관악구,여,100세 이상, - , - , - , - , - , - , - , - , - , - , - , - , - , - , - 
서울,구로구,남,0~9세, - , - , - , - , - , - , - , - , - , - , - , - , - , - , - 
서울,구로구,남,10~19세," 20,198,770 ", 175 , 12 , - , - , - , - , - , - , - , - , - ," 41,800,610 ", 201 , 11 
서울,구로구,남,20~29세," 217,127,250 "," 2,014 ", 114 ," 204,226,500 "," 1,502 ", 109 ," 198,772,810 "," 1,480 ", 91 ," 215,579,380 "," 1,694 ", 98 ," 168,861,780 "," 1,153 ", 92 
서울,구로구,남,30~39세," 263,499,440 "," 2,373 ", 146 ," 267,931,480 "," 2,191 ", 143 ," 264,067,090 "," 2,347 ", 157 ," 310,728,720 "," 2,839 ", 161 ," 324,787,250 "," 2,697 ", 150 
서울,구로구,남,40~49세," 274,794,750 "," 2,702 ", 133 ," 198,234,280 "," 1,969 ", 123 ," 166,600,820 "," 1,491 ", 123 ," 209,462,220 "," 1,836 ", 133 ," 278,551,480 "," 2,366 ", 122 
서울,구로구,남,50~59세," 215,097,850 "," 2,520 ", 97 ," 230,095,550 "," 2,637 ", 100 ," 238,499,860 "," 2,572 ", 95 ," 184,909,530 "," 2,122 ", 101 ," 164,522,940 "," 1,747 ", 102 
서울,구로구,남,60~69세," 113,945,400 "," 1,458 ", 37 ," 129,760,870 "," 1,236 ", 41 ," 110,497,860 "," 1,148 ", 44 ," 101,518,430 "," 1,139 ", 42 ," 140,680,820 "," 1,174 ", 44 
서울,구로구,남,70~79세," 4,708,430 ", 75 , 14 ," 17,217,520 ", 240 , 13 ," 60,234,000 ", 772 , 19 ," 51,549,060 ", 727 , 19 ," 54,280,790 ", 586 , 24 
서울,구로구,남,80~89세, - , - , - , - , - , - , - , - , - , - , - , - , - , - , - 
서울,구로구,남,90~99세, - , - , - , - , - , - , - , - , - , - , - , - , - , - , - 
서울,구로구,남,100세 이상, - , - , - , - , - , - , - , - , - , - , - , - , - , - , - 
서울,구로구,여,0~9세, - , - , - , - , - , - , - , - , - , - , - , - , - , - , - 
서울,구로구,여,10~19세," 36,208,810 ", 226 , 17 ," 28,005,480 ", 147 , 13 ," 36,366,030 ", 146 , 11 ," 21,292,130 ", 140 , 11 , - , - , - 
서울,구로구,여,20~29세," 199,644,890 "," 1,458 ", 104 ," 246,180,570 "," 1,758 ", 115 ," 276,472,420 "," 1,806 ", 99 ," 246,536,950 "," 1,723 ", 101 ," 343,928,460 "," 2,518 ", 104 
서울,구로구,여,30~39세," 290,366,790 "," 2,502 ", 161 ," 354,255,160 "," 2,729 ", 165 ," 354,962,760 "," 2,703 ", 170 ," 323,403,210 "," 2,654 ", 161 ," 441,016,270 "," 3,310 ", 157 
서울,구로구,여,40~49세," 337,103,790 "," 3,390 ", 189 ," 277,237,030 "," 2,857 ", 163 ," 335,297,370 "," 3,473 ", 151 ," 390,387,140 "," 4,045 ", 149 ," 413,420,720 "," 3,756 ", 146 
서울,구로구,여,50~59세," 389,738,990 "," 4,457 ", 180 ," 294,205,150 "," 3,055 ", 178 ," 294,264,020 "," 2,985 ", 168 ," 300,141,100 "," 3,428 ", 174 ," 359,422,560 "," 3,340 ", 171 
서울,구로구,여,60~69세," 171,871,150 "," 1,687 ", 91 ," 202,952,800 "," 1,945 ", 105 ," 308,316,860 "," 2,843 ", 125 ," 316,954,340 "," 2,967 ", 131 ," 264,645,440 "," 2,415 ", 137 
서울,구로구,여,70~79세," 45,331,890 ", 586 , 32 ," 34,922,440 ", 249 , 30 ," 43,331,920 ", 268 , 31 ," 79,205,510 ", 865 , 34 ," 167,150,620 "," 1,344 ", 38 
서울,구로구,여,80~89세," 10,208,950 ", 165 , 11 , - , - , - , - , - , - , - , - , - , - , - , - 
서울,구로구,여,90~99세, - , - , - , - , - , - , - , - , - , - , - , - , - , - , - 
서울,구로구,여,100세 이상, - , - , - , - , - , - , - , - , - , - , - , - , - , - , - 
서울,도봉구,남,0~9세, - , - , - , - , - , - , - , - , - , - , - , - , - , - , - 
서울,도봉구,남,10~19세, - , - , - , - , - , - , - , - , - , - , - , - , - , - , - 
서울,도봉구,남,20~29세," 294,245,560 "," 3,994 ", 64 ," 412,322,950 "," 5,035 ", 64 ," 321,274,460 "," 3,735 ", 52 ," 235,381,170 "," 2,646 ", 45 ," 248,648,170 "," 2,420 ", 38 
서울,도봉구,남,30~39세," 151,861,350 "," 1,947 ", 61 ," 161,525,830 "," 2,027 ", 60 ," 145,598,740 "," 1,743 ", 65 ," 159,248,860 "," 1,783 ", 63 ," 182,425,070 "," 1,793 ", 60 
서울,도봉구,남,40~49세," 368,021,510 "," 4,943 ", 73 ," 324,302,940 "," 4,089 ", 86 ," 403,728,820 "," 4,835 ", 84 ," 245,856,310 "," 2,772 ", 82 ," 187,316,000 "," 1,920 ", 82 
서울,도봉구,남,50~59세," 321,586,460 "," 4,252 ", 73 ," 266,592,870 "," 3,477 ", 64 ," 315,060,490 "," 4,156 ", 59 ," 261,398,230 "," 3,487 ", 64 ," 381,127,430 "," 3,967 ", 62 
서울,도봉구,남,60~69세," 225,801,520 "," 2,998 ", 32 ," 204,538,540 "," 2,721 ", 32 ," 155,954,670 "," 1,951 ", 33 ," 144,354,700 "," 1,810 ", 35 ," 226,982,360 "," 2,296 ", 32 
서울,도봉구,남,70~79세," 132,677,250 "," 1,748 ", 19 ," 116,076,890 "," 1,490 ", 13 ," 116,888,470 "," 1,412 ", 11 ," 67,709,800 ", 931 , 16 ," 52,998,490 ", 585 , 12 
서울,도봉구,남,80~89세, - , - , - , - , - , - , - , - , - , - , - , - , - , - , - 
서울,도봉구,남,90~99세, - , - , - , - , - , - , - , - , - , - , - , - , - , - , - 
서울,도봉구,남,100세 이상, - , - , - , - , - , - , - , - , - , - , - , - , - , - , - 
서울,도봉구,여,0~9세, - , - , - , - , - , - , - , - , - , - , - , - , - , - , - 
서울,도봉구,여,10~19세," 38,749,530 ", 544 , 11 , - , - , - , - , - , - , - , - , - , - , - , - 
서울,도봉구,여,20~29세," 177,962,760 "," 2,483 ", 56 ," 198,899,970 "," 2,620 ", 59 ," 154,531,020 "," 1,942 ", 62 ," 128,815,030 "," 1,558 ", 65 ," 95,215,050 "," 1,090 ", 49 
서울,도봉구,여,30~39세," 238,938,230 "," 3,270 ", 79 ," 179,813,370 "," 2,250 ", 82 ," 185,556,780 "," 2,231 ", 66 ," 144,005,350 "," 1,752 ", 68 ," 170,879,290 "," 1,847 ", 68 
서울,도봉구,여,40~49세," 377,108,360 "," 4,946 ", 99 ," 303,145,930 "," 3,908 ", 84 ," 285,106,920 "," 3,570 ", 92 ," 170,787,140 "," 1,991 ", 80 ," 163,388,740 "," 1,632 ", 73 
서울,도봉구,여,50~59세," 367,273,830 "," 4,866 ", 108 ," 348,225,870 "," 4,345 ", 97 ," 325,930,400 "," 3,941 ", 97 ," 281,630,390 "," 3,339 ", 91 ," 329,967,390 "," 3,384 ", 95 
서울,도봉구,여,60~69세," 660,359,750 "," 8,903 ", 96 ," 615,732,800 "," 7,717 ", 95 ," 605,113,200 "," 7,273 ", 94 ," 480,870,970 "," 5,883 ", 92 ," 589,089,850 "," 6,045 ", 94 
서울,도봉구,여,70~79세," 341,616,350 "," 4,471 ", 40 ," 316,896,200 "," 3,985 ", 38 ," 303,192,890 "," 3,607 ", 29 ," 186,101,540 "," 2,243 ", 33 ," 211,018,050 "," 2,195 ", 32 
서울,도봉구,여,80~89세, - , - , - , - , - , - ," 9,601,070 ", 166 , 10 , - , - , - , - , - , - 
서울,도봉구,여,90~99세, - , - , - , - , - , - , - , - , - , - , - , - , - , - , - 
서울,도봉구,여,100세 이상, - , - , - , - , - , - , - , - , - , - , - , - , - , - , - 
서울,동대문구,남,0~9세, - , - , - , - , - , - , - , - , - , - , - , - , - , - , - 
서울,동대문구,남,10~19세," 108,730,300 ", 873 , 16 ," 65,632,980 ", 490 , 14 , - , - , - ," 28,618,050 ", 182 , 12 ," 38,501,640 ", 324 , 11 
서울,동대문구,남,20~29세," 567,369,690 "," 4,862 ", 135 ," 432,715,600 "," 3,339 ", 118 ," 345,412,040 "," 2,420 ", 105 ," 343,929,040 "," 2,595 ", 96 ," 528,699,150 "," 3,653 ", 112 
서울,동대문구,남,30~39세," 512,139,100 "," 4,929 ", 160 ," 485,370,240 "," 4,787 ", 175 ," 613,083,330 "," 5,645 ", 149 ," 667,411,780 "," 5,407 ", 154 ," 664,129,350 "," 4,804 ", 150 
서울,동대문구,남,40~49세," 718,395,020 "," 7,852 ", 254 ," 691,825,730 "," 7,447 ", 254 ," 686,562,990 "," 6,346 ", 218 ," 773,032,870 "," 6,920 ", 216 ," 912,047,980 "," 7,897 ", 210 
서울,동대문구,남,50~59세," 730,519,310 "," 8,200 ", 239 ," 838,761,730 "," 8,600 ", 247 ," 709,091,970 "," 7,315 ", 217 ," 699,632,280 "," 7,077 ", 227 ," 816,550,240 "," 7,634 ", 241 
서울,동대문구,남,60~69세," 638,976,770 "," 7,208 ", 106 ," 636,355,120 "," 7,028 ", 120 ," 783,620,030 "," 7,878 ", 117 ," 747,290,330 "," 7,561 ", 117 ," 711,523,660 "," 6,861 ", 126 
서울,동대문구,남,70~79세," 114,408,820 "," 1,393 ", 28 ," 160,234,370 "," 1,804 ", 31 ," 173,881,790 "," 1,870 ", 30 ," 269,922,700 "," 2,511 ", 35 ," 257,914,870 "," 2,486 ", 34 
서울,동대문구,남,80~89세, - , - , - , - , - , - , - , - , - ," 42,138,120 ", 405 , 11 ," 9,884,930 ", 104 , 10 
서울,동대문구,남,90~99세, - , - , - , - , - , - , - , - , - , - , - , - , - , - , - 
서울,동대문구,남,100세 이상, - , - , - , - , - , - , - , - , - , - , - , - , - , - , - 
서울,동대문구,여,0~9세, - , - , - , - , - , - , - , - , - , - , - , - , - , - , - 
서울,동대문구,여,10~19세," 58,430,850 ", 434 , 17 ," 19,070,790 ", 98 , 13 , - , - , - , - , - , - , - , - , - 
서울,동대문구,여,20~29세," 285,420,240 "," 2,674 ", 119 ," 321,582,730 "," 2,543 ", 108 ," 371,818,220 "," 2,974 ", 115 ," 424,036,400 "," 3,040 ", 112 ," 318,057,110 "," 2,112 ", 108 
서울,동대문구,여,30~39세," 509,162,730 "," 4,805 ", 203 ," 507,163,220 "," 4,316 ", 199 ," 643,328,670 "," 5,387 ", 183 ," 539,208,290 "," 4,366 ", 194 ," 665,111,830 "," 5,253 ", 207 
서울,동대문구,여,40~49세," 984,807,080 "," 9,841 ", 251 ," 764,096,050 "," 7,364 ", 252 ," 828,934,940 "," 7,364 ", 202 ," 870,821,140 "," 7,737 ", 221 ," 1,047,869,540 "," 8,490 ", 218 
서울,동대문구,여,50~59세," 686,988,280 "," 8,024 ", 292 ," 885,542,020 "," 9,055 ", 306 ," 961,670,590 "," 9,441 ", 279 ," 1,065,559,880 "," 10,098 ", 286 ," 1,079,033,450 "," 9,703 ", 293 
서울,동대문구,여,60~69세," 657,872,890 "," 7,568 ", 204 ," 654,290,440 "," 7,252 ", 220 ," 742,202,640 "," 7,285 ", 228 ," 586,210,160 "," 5,591 ", 214 ," 586,530,460 "," 5,416 ", 206 
서울,동대문구,여,70~79세," 255,921,370 "," 2,681 ", 72 ," 246,490,770 "," 2,308 ", 66 ," 231,941,320 "," 2,328 ", 75 ," 227,627,840 "," 2,337 ", 92 ," 237,549,990 "," 2,171 ", 88 
서울,동대문구,여,80~89세," 11,159,610 ", 197 , 12 ," 10,982,270 ", 186 , 24 ," 12,467,160 ", 170 , 16 ," 35,637,030 ", 320 , 16 ," 25,445,550 ", 284 , 17 
서울,동대문구,여,90~99세, - , - , - , - , - , - , - , - , - , - , - , - , - , - , - 
서울,동대문구,여,100세 이상, - , - , - , - , - , - , - , - , - , - , - , - , - , - , - 
서울,동작구,남,0~9세, - , - , - , - , - , - , - , - , - , - , - , - , - , - , - 
서울,동작구,남,10~19세, - , - , - ," 33,699,750 ", 130 , 10 ," 13,166,690 ", 81 , 10 ," 49,931,930 ", 281 , 19 ," 49,935,630 ", 309 , 26 
서울,동작구,남,20~29세," 176,915,930 "," 1,333 ", 111 ," 93,147,710 ", 878 , 97 ," 113,427,420 ", 927 , 83 ," 91,904,570 ", 726 , 81 ," 153,964,800 ", 987 , 94 
서울,동작구,남,30~39세," 213,761,260 "," 1,576 ", 127 ," 172,859,130 "," 1,206 ", 129 ," 149,399,040 "," 1,003 ", 101 ," 156,928,980 "," 1,082 ", 111 ," 153,964,270 "," 1,043 ", 110 
서울,동작구,남,40~49세," 125,305,220 "," 1,190 ", 142 ," 172,221,790 "," 1,354 ", 154 ," 188,664,380 "," 1,328 ", 142 ," 166,234,340 "," 1,227 ", 152 ," 162,005,630 "," 1,175 ", 135 
서울,동작구,남,50~59세," 123,068,910 "," 1,070 ", 100 ," 109,231,440 ", 938 , 112 ," 77,949,920 ", 792 , 105 ," 86,298,560 ", 891 , 112 ," 105,780,740 ", 931 , 123 
서울,동작구,남,60~69세," 24,014,050 ", 293 , 37 ," 22,527,230 ", 317 , 43 ," 32,148,370 ", 358 , 45 ," 29,910,180 ", 265 , 39 ," 59,217,440 ", 381 , 41 
서울,동작구,남,70~79세," 10,001,500 ", 50 , 10 ," 10,842,580 ", 75 , 14 ," 12,432,600 ", 91 , 14 ," 18,926,470 ", 137 , 19 ," 35,952,710 ", 214 , 19 
서울,동작구,남,80~89세, - , - , - , - , - , - , - , - , - , - , - , - , - , - , - 
서울,동작구,남,90~99세, - , - , - , - , - , - , - , - , - , - , - , - , - , - , - 
서울,동작구,남,100세 이상, - , - , - , - , - , - , - , - , - , - , - , - , - , - , - 
서울,동작구,여,0~9세, - , - , - , - , - , - , - , - , - , - , - , - , - , - , - 
서울,동작구,여,10~19세," 11,636,150 ", 104 , 13 ," 30,255,880 ", 183 , 12 ," 22,706,560 ", 125 , 16 ," 37,513,200 ", 203 , 13 ," 39,686,030 ", 184 , 15 
서울,동작구,여,20~29세," 127,578,630 "," 1,010 ", 89 ," 147,046,490 ", 982 , 80 ," 111,422,890 ", 694 , 89 ," 155,458,790 ", 804 , 77 ," 171,146,410 ", 800 , 77 
서울,동작구,여,30~39세," 237,026,490 "," 1,862 ", 158 ," 171,759,410 "," 1,441 ", 149 ," 166,902,620 "," 1,413 ", 146 ," 204,256,520 "," 1,586 ", 137 ," 250,004,670 "," 1,602 ", 144 
서울,동작구,여,40~49세," 221,988,080 "," 1,855 ", 157 ," 187,452,210 "," 1,663 ", 158 ," 158,524,620 "," 1,387 ", 149 ," 163,135,920 "," 1,251 ", 144 ," 196,381,150 "," 1,363 ", 148 
서울,동작구,여,50~59세," 139,882,850 "," 1,245 ", 143 ," 111,527,930 "," 1,117 ", 145 ," 126,629,580 "," 1,239 ", 160 ," 136,585,150 "," 1,277 ", 153 ," 155,270,010 "," 1,355 ", 163 
서울,동작구,여,60~69세," 50,076,600 ", 558 , 81 ," 56,556,230 ", 560 , 82 ," 42,343,130 ", 529 , 85 ," 41,708,160 ", 527 , 82 ," 78,227,570 ", 719 , 98 
서울,동작구,여,70~79세," 35,616,730 ", 440 , 42 ," 26,434,170 ", 384 , 40 ," 19,954,020 ", 301 , 38 ," 19,591,650 ", 277 , 44 ," 23,832,420 ", 366 , 48 
서울,동작구,여,80~89세, - , - , - ," 5,231,630 ", 61 , 12 ," 6,699,700 ", 91 , 19 ," 10,399,880 ", 122 , 21 ," 17,190,980 ", 116 , 17 
서울,동작구,여,90~99세, - , - , - , - , - , - , - , - , - , - , - , - , - , - , - 
서울,동작구,여,100세 이상, - , - , - , - , - , - , - , - , - , - , - , - , - , - , - 
서울,마포구,남,0~9세, - , - , - , - , - , - , - , - , - , - , - , - , - , - , - 
서울,마포구,남,10~19세, - , - , - , - , - , - , - , - , - , - , - , - , - , - , - 
서울,마포구,남,20~29세," 41,563,380 ", 667 , 47 ," 54,436,640 ", 809 , 47 ," 64,496,130 ", 935 , 47 ," 59,112,260 ", 905 , 51 ," 67,375,980 ", 899 , 44 
서울,마포구,남,30~39세," 58,589,150 "," 1,052 ", 71 ," 57,983,020 ", 993 , 55 ," 52,074,530 ", 860 , 58 ," 54,665,380 ", 771 , 54 ," 63,094,310 ", 861 , 43 
서울,마포구,남,40~49세," 64,771,350 "," 1,449 ", 101 ," 47,228,320 "," 1,052 ", 84 ," 42,011,710 ", 927 , 85 ," 53,097,550 ", 997 , 83 ," 54,325,980 ", 989 , 73 
서울,마포구,남,50~59세," 39,711,350 ", 785 , 57 ," 40,647,320 ", 805 , 68 ," 51,507,470 ", 909 , 84 ," 52,352,350 ", 915 , 71 ," 50,697,560 ", 887 , 73 
서울,마포구,남,60~69세," 12,558,460 ", 281 , 19 ," 11,988,130 ", 236 , 20 ," 15,260,590 ", 301 , 23 ," 11,498,310 ", 254 , 24 ," 18,734,640 ", 373 , 25 
서울,마포구,남,70~79세, - , - , - ," 3,928,900 ", 70 , 10 , - , - , - , - , - , - , - , - , - 
서울,마포구,남,80~89세, - , - , - , - , - , - , - , - , - , - , - , - , - , - , - 
서울,마포구,남,90~99세, - , - , - , - , - , - , - , - , - , - , - , - , - , - , - 
서울,마포구,남,100세 이상, - , - , - , - , - , - , - , - , - , - , - , - , - , - , - 
서울,마포구,여,0~9세, - , - , - , - , - , - , - , - , - , - , - , - , - , - , - 
서울,마포구,여,10~19세, - , - , - , - , - , - , - , - , - , - , - , - , - , - , - 
서울,마포구,여,20~29세," 54,834,900 ", 947 , 63 ," 62,131,020 "," 1,005 ", 60 ," 67,571,990 "," 1,076 ", 61 ," 53,083,160 ", 773 , 39 ," 46,097,100 ", 606 , 33 
서울,마포구,여,30~39세," 59,660,250 "," 1,034 ", 77 ," 64,734,390 "," 1,084 ", 80 ," 64,831,430 "," 1,158 ", 79 ," 79,278,300 "," 1,129 ", 74 ," 74,341,110 "," 1,095 ", 63 
서울,마포구,여,40~49세," 81,599,210 "," 1,496 ", 98 ," 104,562,350 "," 1,712 ", 83 ," 108,291,050 "," 1,834 ", 77 ," 75,794,740 "," 1,371 ", 75 ," 62,807,490 "," 1,036 ", 62 
서울,마포구,여,50~59세," 50,177,120 ", 993 , 84 ," 64,527,310 "," 1,207 ", 79 ," 45,425,630 ", 859 , 68 ," 65,200,250 "," 1,157 ", 78 ," 75,003,440 "," 1,223 ", 83 
서울,마포구,여,60~69세," 17,770,400 ", 414 , 40 ," 26,189,570 ", 505 , 33 ," 26,103,240 ", 538 , 41 ," 21,971,440 ", 424 , 38 ," 26,248,840 ", 446 , 38 
서울,마포구,여,70~79세," 3,383,690 ", 93 , 16 ," 4,461,240 ", 107 , 15 ," 5,137,090 ", 103 , 17 ," 5,522,140 ", 105 , 15 ," 5,473,730 ", 132 , 15 
서울,마포구,여,80~89세, - , - , - , - , - , - , - , - , - , - , - , - , - , - , - 
서울,마포구,여,90~99세, - , - , - , - , - , - , - , - , - , - , - , - , - , - , - 
서울,마포구,여,100세 이상, - , - , - , - , - , - , - , - , - , - , - , - , - , - , - 
서울,서대문구,남,0~9세, - , - , - , - , - , - , - , - , - , - , - , - , - , - , - 
서울,서대문구,남,10~19세," 15,027,040 ", 108 , 15 ," 26,985,980 ", 141 , 15 ," 23,386,810 ", 152 , 18 ," 53,309,370 ", 318 , 25 ," 35,582,080 ", 213 , 20 
서울,서대문구,남,20~29세," 317,756,590 "," 2,974 ", 171 ," 278,099,720 "," 2,386 ", 161 ," 192,150,690 "," 2,020 ", 161 ," 172,473,390 "," 1,936 ", 147 ," 220,003,550 "," 2,036 ", 139 
서울,서대문구,남,30~39세," 238,589,190 "," 2,999 ", 200 ," 201,694,590 "," 2,473 ", 199 ," 218,143,050 "," 2,491 ", 205 ," 201,984,560 "," 2,277 ", 187 ," 190,404,920 "," 1,900 ", 184 
서울,서대문구,남,40~49세," 396,554,260 "," 5,381 ", 231 ," 382,914,540 "," 4,829 ", 233 ," 301,014,830 "," 3,962 ", 217 ," 255,275,750 "," 3,098 ", 208 ," 241,791,720 "," 2,886 ", 203 
서울,서대문구,남,50~59세," 232,701,070 "," 3,309 ", 128 ," 231,817,880 "," 3,132 ", 135 ," 254,871,800 "," 3,589 ", 149 ," 308,195,590 "," 4,241 ", 152 ," 311,620,660 "," 4,042 ", 162 
서울,서대문구,남,60~69세," 144,049,140 "," 1,985 ", 39 ," 148,074,340 "," 2,108 ", 39 ," 143,924,480 "," 1,950 ", 51 ," 146,921,360 "," 1,981 ", 59 ," 159,803,360 "," 2,217 ", 59 
서울,서대문구,남,70~79세," 11,990,230 ", 149 , 20 ," 7,003,190 ", 110 , 17 ," 7,909,060 ", 123 , 15 ," 4,041,310 ", 73 , 16 ," 8,070,900 ", 54 , 11 
서울,서대문구,남,80~89세, - , - , - , - , - , - , - , - , - , - , - , - , - , - , - 
서울,서대문구,남,90~99세, - , - , - , - , - , - , - , - , - , - , - , - , - , - , - 
서울,서대문구,남,100세 이상, - , - , - , - , - , - , - , - , - , - , - , - , - , - , - 
서울,서대문구,여,0~9세, - , - , - , - , - , - , - , - , - , - , - , - , - , - , - 
서울,서대문구,여,10~19세," 19,642,670 ", 199 , 21 ," 40,071,580 ", 286 , 20 ," 33,395,730 ", 232 , 20 ," 16,719,150 ", 190 , 13 ," 33,946,850 ", 260 , 23 
서울,서대문구,여,20~29세," 204,771,300 "," 1,721 ", 167 ," 204,598,700 "," 1,713 ", 180 ," 221,494,240 "," 1,781 ", 185 ," 227,015,120 "," 1,819 ", 194 ," 186,120,540 "," 1,718 ", 180 
서울,서대문구,여,30~39세," 384,615,240 "," 3,920 ", 267 ," 344,683,170 "," 3,779 ", 283 ," 374,613,240 "," 4,245 ", 293 ," 325,244,820 "," 3,633 ", 282 ," 316,465,050 "," 3,229 ", 262 
서울,서대문구,여,40~49세," 385,372,960 "," 4,580 ", 267 ," 326,854,300 "," 3,817 ", 270 ," 311,075,050 "," 3,647 ", 249 ," 205,313,050 "," 2,427 ", 244 ," 216,235,500 "," 2,573 ", 246 
서울,서대문구,여,50~59세," 255,297,520 "," 3,290 ", 209 ," 273,573,600 "," 3,324 ", 214 ," 317,591,360 "," 3,791 ", 219 ," 321,491,980 "," 4,250 ", 224 ," 356,452,010 "," 4,310 ", 224 
서울,서대문구,여,60~69세," 153,794,890 "," 2,035 ", 123 ," 162,973,730 "," 2,343 ", 134 ," 195,071,620 "," 2,659 ", 137 ," 220,450,430 "," 2,501 ", 135 ," 149,198,270 "," 1,980 ", 131 
서울,서대문구,여,70~79세," 29,980,610 ", 272 , 43 ," 90,399,220 ", 506 , 50 ," 35,829,720 ", 357 , 53 ," 24,794,200 ", 304 , 55 ," 34,151,690 ", 363 , 51 
서울,서대문구,여,80~89세," 10,130,370 ", 108 , 11 ," 5,234,120 ", 119 , 19 ," 5,021,880 ", 110 , 21 ," 7,234,490 ", 115 , 17 ," 7,915,560 ", 128 , 17 
서울,서대문구,여,90~99세, - , - , - , - , - , - , - , - , - , - , - , - , - , - , - 
서울,서대문구,여,100세 이상, - , - , - , - , - , - , - , - , - , - , - , - , - , - , - 
서울,성동구,남,0~9세, - , - , - , - , - , - , - , - , - , - , - , - , - , - , - 
서울,성동구,남,10~19세," 21,233,170 ", 148 , 10 ," 55,644,190 ", 309 , 12 , - , - , - , - , - , - , - , - , - 
서울,성동구,남,20~29세," 75,860,320 ", 579 , 55 ," 92,540,560 ", 617 , 62 ," 151,251,440 ", 865 , 62 ," 104,469,790 ", 651 , 57 ," 84,013,070 ", 516 , 48 
서울,성동구,남,30~39세," 75,947,560 ", 594 , 59 ," 109,245,690 ", 822 , 74 ," 130,450,190 "," 1,030 ", 82 ," 120,663,040 ", 909 , 80 ," 150,275,600 ", 941 , 88 
서울,성동구,남,40~49세," 147,138,400 "," 1,045 ", 80 ," 149,848,550 "," 1,074 ", 89 ," 106,018,860 ", 900 , 81 ," 104,282,410 ", 775 , 78 ," 68,184,300 ", 584 , 67 
서울,성동구,남,50~59세," 94,888,290 ", 666 , 63 ," 135,623,170 ", 873 , 70 ," 73,832,950 ", 590 , 70 ," 109,124,550 ", 725 , 72 ," 137,297,840 ", 886 , 75 
서울,성동구,남,60~69세," 23,938,240 ", 189 , 25 ," 32,835,180 ", 243 , 28 ," 25,773,990 ", 249 , 30 ," 31,444,790 ", 239 , 30 ," 39,132,870 ", 237 , 31 
서울,성동구,남,70~79세, - , - , - , - , - , - ," 14,513,200 ", 140 , 11 ," 46,551,970 ", 222 , 11 ," 19,071,320 ", 159 , 14 
서울,성동구,남,80~89세, - , - , - , - , - , - , - , - , - , - , - , - , - , - , - 
서울,성동구,남,90~99세, - , - , - , - , - , - , - , - , - , - , - , - , - , - , - 
서울,성동구,남,100세 이상, - , - , - , - , - , - , - , - , - , - , - , - , - , - , - 
서울,성동구,여,0~9세, - , - , - , - , - , - , - , - , - , - , - , - , - , - , - 
서울,성동구,여,10~19세, - , - , - , - , - , - , - , - , - , - , - , - , - , - , - 
서울,성동구,여,20~29세," 83,134,320 ", 629 , 47 ," 197,678,360 "," 1,070 ", 50 ," 121,941,150 ", 726 , 53 ," 184,156,530 ", 921 , 49 ," 76,531,970 ", 586 , 51 
서울,성동구,여,30~39세," 155,884,380 "," 1,135 ", 87 ," 117,547,440 ", 883 , 89 ," 131,834,980 ", 997 , 94 ," 115,402,850 ", 913 , 97 ," 127,467,230 ", 901 , 88 
서울,성동구,여,40~49세," 154,189,100 "," 1,210 ", 97 ," 141,981,530 "," 1,157 ", 106 ," 190,372,990 "," 1,426 ", 107 ," 168,718,410 "," 1,166 ", 100 ," 121,309,920 "," 1,007 ", 92 
서울,성동구,여,50~59세," 110,765,440 ", 877 , 101 ," 99,685,620 ", 874 , 111 ," 111,234,030 ", 901 , 111 ," 167,439,400 "," 1,058 ", 119 ," 127,187,610 ", 905 , 117 
서울,성동구,여,60~69세," 94,931,270 ", 759 , 70 ," 115,084,410 ", 915 , 90 ," 100,555,990 ", 849 , 88 ," 151,170,220 "," 1,022 ", 92 ," 130,545,260 ", 925 , 105 
서울,성동구,여,70~79세," 27,319,770 ", 305 , 27 ," 29,955,040 ", 260 , 27 ," 24,878,500 ", 220 , 26 ," 52,062,280 ", 348 , 33 ," 57,462,130 ", 372 , 39 
서울,성동구,여,80~89세, - , - , - ," 2,850,950 ", 36 , 10 , - , - , - ," 2,823,350 ", 45 , 10 ," 3,770,720 ", 50 , 11 
서울,성동구,여,90~99세, - , - , - , - , - , - , - , - , - , - , - , - , - , - , - 
서울,성동구,여,100세 이상, - , - , - , - , - , - , - , - , - , - , - , - , - , - , - 
서울,성북구,남,0~9세, - , - , - , - , - , - , - , - , - , - , - , - , - , - , - 
서울,성북구,남,10~19세, - , - , - , - , - , - , - , - , - , - , - , - , - , - , - 
서울,성북구,남,20~29세," 115,977,740 ", 882 , 72 ," 181,890,600 "," 1,045 ", 69 ," 82,213,160 ", 679 , 62 ," 71,949,180 ", 596 , 50 ," 75,946,720 ", 591 , 52 
서울,성북구,남,30~39세," 109,745,890 ", 821 , 83 ," 85,801,870 ", 661 , 71 ," 108,356,480 ", 748 , 76 ," 102,771,420 ", 820 , 72 ," 89,859,160 ", 678 , 64 
서울,성북구,남,40~49세," 120,052,610 ", 981 , 97 ," 132,354,950 ", 971 , 95 ," 90,444,190 ", 718 , 74 ," 79,950,720 ", 584 , 71 ," 72,647,870 ", 470 , 67 
서울,성북구,남,50~59세," 106,516,430 ", 898 , 80 ," 73,882,450 ", 642 , 71 ," 72,460,450 ", 629 , 70 ," 93,161,210 ", 839 , 71 ," 120,469,070 ", 743 , 78 
서울,성북구,남,60~69세," 17,551,100 ", 229 , 37 ," 38,782,500 ", 324 , 34 ," 30,669,970 ", 282 , 40 ," 21,843,090 ", 243 , 40 ," 28,893,990 ", 306 , 42 
서울,성북구,남,70~79세," 17,039,080 ", 168 , 16 ," 7,849,920 ", 112 , 16 ," 6,668,100 ", 87 , 15 ," 12,143,520 ", 117 , 11 ," 4,601,060 ", 46 , 11 
서울,성북구,남,80~89세, - , - , - , - , - , - , - , - , - , - , - , - ," 2,135,990 ", 45 , 12 
서울,성북구,남,90~99세, - , - , - , - , - , - , - , - , - , - , - , - , - , - , - 
서울,성북구,남,100세 이상, - , - , - , - , - , - , - , - , - , - , - , - , - , - , - 
서울,성북구,여,0~9세, - , - , - , - , - , - , - , - , - , - , - , - , - , - , - 
서울,성북구,여,10~19세, - , - , - , - , - , - , - , - , - , - , - , - , - , - , - 
서울,성북구,여,20~29세," 89,382,100 ", 732 , 51 ," 113,229,420 ", 780 , 51 ," 98,255,350 ", 809 , 48 ," 55,123,860 ", 397 , 45 ," 72,698,750 ", 482 , 43 
서울,성북구,여,30~39세," 91,899,120 ", 872 , 77 ," 120,393,920 ", 946 , 71 ," 109,151,820 ", 823 , 67 ," 100,449,420 ", 747 , 65 ," 57,894,820 ", 442 , 56 
서울,성북구,여,40~49세," 152,141,130 "," 1,078 ", 93 ," 96,679,840 ", 735 , 84 ," 127,272,260 ", 815 , 77 ," 91,829,270 ", 721 , 74 ," 154,951,910 ", 888 , 87 
서울,성북구,여,50~59세," 74,293,290 ", 665 , 78 ," 87,459,630 ", 643 , 77 ," 79,875,860 ", 665 , 79 ," 122,911,090 ", 805 , 80 ," 82,775,230 ", 572 , 75 
서울,성북구,여,60~69세," 69,767,700 ", 595 , 55 ," 37,469,890 ", 353 , 51 ," 55,845,200 ", 459 , 49 ," 67,262,390 ", 461 , 46 ," 86,338,590 ", 559 , 47 
서울,성북구,여,70~79세," 32,154,360 ", 259 , 31 ," 24,522,570 ", 214 , 27 ," 25,488,440 ", 242 , 29 ," 42,075,610 ", 349 , 35 ," 22,188,100 ", 183 , 30 
서울,성북구,여,80~89세," 735,500 ", 45 , 17 , - , - , - , - , - , - , - , - , - , - , - , - 
서울,성북구,여,90~99세, - , - , - , - , - , - , - , - , - , - , - , - , - , - , - 
서울,성북구,여,100세 이상, - , - , - , - , - , - , - , - , - , - , - , - , - , - , - 
서울,영등포구,남,0~9세, - , - , - , - , - , - , - , - , - , - , - , - , - , - , - 
서울,영등포구,남,10~19세, - , - , - , - , - , - , - , - , - ," 6,080,640 ", 47 , 10 , - , - , - 
서울,영등포구,남,20~29세," 186,484,600 "," 2,154 ", 100 ," 226,490,200 "," 2,380 ", 96 ," 296,798,250 "," 2,772 ", 108 ," 250,473,510 "," 2,398 ", 109 ," 214,892,250 "," 2,094 ", 90 
서울,영등포구,남,30~39세," 210,562,080 "," 2,236 ", 153 ," 228,847,620 "," 2,169 ", 146 ," 346,801,920 "," 3,431 ", 150 ," 329,418,970 "," 3,132 ", 146 ," 419,369,110 "," 3,950 ", 146 
서울,영등포구,남,40~49세," 472,726,090 "," 5,264 ", 240 ," 479,689,880 "," 4,829 ", 221 ," 546,485,090 "," 5,112 ", 224 ," 638,558,010 "," 6,175 ", 213 ," 630,196,380 "," 5,909 ", 189 
서울,영등포구,남,50~59세," 426,657,120 "," 5,078 ", 163 ," 503,227,300 "," 5,264 ", 158 ," 538,258,710 "," 5,292 ", 175 ," 612,197,040 "," 6,060 ", 193 ," 449,455,430 "," 4,390 ", 198 
서울,영등포구,남,60~69세," 135,443,940 "," 1,522 ", 66 ," 279,816,620 "," 2,876 ", 66 ," 348,463,590 "," 3,597 ", 79 ," 359,886,990 "," 3,752 ", 84 ," 330,861,010 "," 3,304 ", 88 
서울,영등포구,남,70~79세," 21,408,720 ", 273 , 33 ," 25,785,050 ", 284 , 29 ," 27,166,460 ", 272 , 33 ," 45,369,850 ", 462 , 35 ," 44,388,990 ", 462 , 29 
서울,영등포구,남,80~89세, - , - , - , - , - , - , - , - , - , - , - , - , - , - , - 
서울,영등포구,남,90~99세, - , - , - , - , - , - , - , - , - , - , - , - , - , - , - 
서울,영등포구,남,100세 이상, - , - , - , - , - , - , - , - , - , - , - , - , - , - , - 
서울,영등포구,여,0~9세, - , - , - , - , - , - , - , - , - , - , - , - , - , - , - 
서울,영등포구,여,10~19세, - , - , - , - , - , - , - , - , - , - , - , - , - , - , - 
서울,영등포구,여,20~29세," 126,063,970 "," 1,174 ", 73 ," 131,046,780 "," 1,225 ", 79 ," 227,646,010 "," 2,154 ", 77 ," 212,775,810 "," 2,094 ", 75 ," 235,605,900 "," 2,174 ", 66 
서울,영등포구,여,30~39세," 249,654,770 "," 2,609 ", 156 ," 269,660,650 "," 2,731 ", 141 ," 240,655,560 "," 2,283 ", 141 ," 276,405,150 "," 2,674 ", 135 ," 320,516,610 "," 2,812 ", 128 
서울,영등포구,여,40~49세," 326,659,540 "," 3,532 ", 212 ," 335,565,320 "," 3,356 ", 198 ," 341,411,760 "," 3,157 ", 199 ," 358,494,060 "," 3,391 ", 190 ," 433,068,170 "," 4,055 ", 183 
서울,영등포구,여,50~59세," 281,567,870 "," 3,439 ", 234 ," 321,269,200 "," 3,415 ", 230 ," 454,854,270 "," 4,809 ", 243 ," 437,005,910 "," 4,531 ", 237 ," 575,636,200 "," 5,541 ", 240 
서울,영등포구,여,60~69세," 212,962,740 "," 2,335 ", 167 ," 237,794,240 "," 2,383 ", 173 ," 280,247,330 "," 2,795 ", 184 ," 283,219,500 "," 2,818 ", 191 ," 392,521,380 "," 3,758 ", 192 
서울,영등포구,여,70~79세," 69,310,140 ", 753 , 63 ," 52,988,720 ", 541 , 67 ," 50,752,400 ", 523 , 77 ," 75,092,980 ", 721 , 75 ," 96,289,400 ", 880 , 72 
서울,영등포구,여,80~89세," 3,803,220 ", 95 , 19 ," 2,879,720 ", 59 , 13 ," 5,624,500 ", 79 , 20 ," 7,736,100 ", 74 , 22 ," 12,271,480 ", 121 , 25 
서울,영등포구,여,90~99세, - , - , - , - , - , - , - , - , - , - , - , - , - , - , - 
서울,영등포구,여,100세 이상, - , - , - , - , - , - , - , - , - , - , - , - , - , - , - 
서울,용산구,남,0~9세, - , - , - , - , - , - , - , - , - , - , - , - , - , - , - 
서울,용산구,남,10~19세, - , - , - , - , - , - , - , - , - , - , - , - , - , - , - 
서울,용산구,남,20~29세," 31,977,460 ", 178 , 11 ," 48,167,250 ", 249 , 17 ," 31,988,450 ", 208 , 20 ," 40,937,980 ", 263 , 27 ," 52,530,760 ", 324 , 33 
서울,용산구,남,30~39세," 43,438,460 ", 274 , 25 ," 74,017,680 ", 417 , 29 ," 44,269,060 ", 267 , 21 ," 41,110,020 ", 284 , 30 ," 45,235,630 ", 323 , 33 
서울,용산구,남,40~49세," 89,248,330 ", 513 , 27 ," 46,886,320 ", 314 , 29 ," 48,580,340 ", 315 , 30 ," 49,538,900 ", 328 , 27 ," 71,565,880 ", 407 , 23 
서울,용산구,남,50~59세," 16,491,830 ", 160 , 15 ," 38,471,290 ", 264 , 23 ," 41,309,490 ", 253 , 24 ," 51,597,130 ", 261 , 22 ," 34,260,590 ", 188 , 23 
서울,용산구,남,60~69세, - , - , - , - , - , - , - , - , - ," 9,162,430 ", 74 , 14 ," 10,854,410 ", 96 , 12 
서울,용산구,남,70~79세, - , - , - , - , - , - , - , - , - , - , - , - , - , - , - 
서울,용산구,남,80~89세, - , - , - , - , - , - , - , - , - , - , - , - , - , - , - 
서울,용산구,남,90~99세, - , - , - , - , - , - , - , - , - , - , - , - , - , - , - 
서울,용산구,남,100세 이상, - , - , - , - , - , - , - , - , - , - , - , - , - , - , - 
서울,용산구,여,0~9세, - , - , - , - , - , - , - , - , - , - , - , - , - , - , - 
서울,용산구,여,10~19세, - , - , - , - , - , - , - , - , - , - , - , - , - , - , - 
서울,용산구,여,20~29세," 65,139,850 ", 314 , 15 ," 103,661,980 ", 467 , 16 ," 44,119,160 ", 277 , 25 ," 80,592,090 ", 402 , 27 ," 39,447,600 ", 246 , 29 
서울,용산구,여,30~39세," 56,634,110 ", 282 , 23 ," 38,910,560 ", 241 , 24 ," 22,837,160 ", 178 , 21 ," 42,367,370 ", 228 , 26 ," 36,596,330 ", 230 , 25 
서울,용산구,여,40~49세," 76,989,980 ", 488 , 28 ," 49,384,900 ", 360 , 31 ," 80,020,230 ", 452 , 29 ," 30,721,230 ", 243 , 31 ," 65,684,210 ", 373 , 29 
서울,용산구,여,50~59세," 49,247,020 ", 317 , 29 ," 25,630,340 ", 220 , 28 ," 34,808,160 ", 236 , 28 ," 122,849,040 ", 637 , 35 ," 33,908,100 ", 227 , 31 
서울,용산구,여,60~69세," 15,426,020 ", 157 , 19 ," 26,485,410 ", 213 , 24 ," 21,633,600 ", 221 , 24 ," 87,934,840 ", 460 , 31 ," 43,242,420 ", 282 , 28 
서울,용산구,여,70~79세, - , - , - , - , - , - , - , - , - , - , - , - ," 11,358,540 ", 78 , 11 
서울,용산구,여,80~89세," 3,001,490 ", 48 , 11 , - , - , - , - , - , - , - , - , - , - , - , - 
서울,용산구,여,90~99세, - , - , - , - , - , - , - , - , - , - , - , - , - , - , - 
서울,용산구,여,100세 이상, - , - , - , - , - , - , - , - , - , - , - , - , - , - , - 
서울,은평구,남,0~9세, - , - , - , - , - , - , - , - , - , - , - , - , - , - , - 
서울,은평구,남,10~19세, - , - , - , - , - , - , - , - , - , - , - , - , - , - , - 
서울,은평구,남,20~29세," 136,526,970 "," 1,418 ", 82 ," 104,728,490 "," 1,010 ", 72 ," 90,305,960 ", 811 , 69 ," 117,954,270 "," 1,086 ", 58 ," 96,147,910 "," 1,056 ", 53 
서울,은평구,남,30~39세," 252,742,110 "," 2,696 ", 174 ," 187,226,640 "," 1,880 ", 149 ," 201,696,450 "," 1,940 ", 139 ," 177,271,540 "," 1,764 ", 120 ," 195,290,350 "," 1,833 ", 107 
서울,은평구,남,40~49세," 314,586,890 "," 3,606 ", 242 ," 277,907,740 "," 2,920 ", 212 ," 208,153,950 "," 2,260 ", 190 ," 204,508,020 "," 2,153 ", 177 ," 166,635,660 "," 1,807 ", 168 
서울,은평구,남,50~59세," 179,142,000 "," 2,111 ", 166 ," 163,683,920 "," 1,876 ", 152 ," 192,666,020 "," 2,108 ", 166 ," 206,926,710 "," 2,294 ", 163 ," 138,051,820 "," 1,585 ", 159 
서울,은평구,남,60~69세," 129,997,460 "," 1,560 ", 86 ," 83,213,370 ", 982 , 82 ," 37,933,930 ", 553 , 76 ," 62,621,900 ", 794 , 75 ," 45,365,470 ", 567 , 69 
서울,은평구,남,70~79세," 47,928,720 ", 571 , 27 ," 9,863,060 ", 184 , 26 ," 9,542,020 ", 147 , 27 ," 9,026,990 ", 120 , 25 ," 8,977,720 ", 125 , 27 
서울,은평구,남,80~89세," 2,891,520 ", 56 , 14 ," 4,624,650 ", 53 , 14 ," 4,357,340 ", 39 , 13 ," 6,750,340 ", 57 , 16 ," 4,329,090 ", 53 , 14 
서울,은평구,남,90~99세, - , - , - , - , - , - , - , - , - , - , - , - , - , - , - 
서울,은평구,남,100세 이상, - , - , - , - , - , - , - , - , - , - , - , - , - , - , - 
서울,은평구,여,0~9세, - , - , - , - , - , - , - , - , - , - , - , - , - , - , - 
서울,은평구,여,10~19세, - , - , - , - , - , - , - , - , - , - , - , - , - , - , - 
서울,은평구,여,20~29세," 146,204,330 "," 1,350 ", 91 ," 183,133,010 "," 1,830 ", 82 ," 119,612,720 "," 1,134 ", 69 ," 115,935,850 "," 1,060 ", 64 ," 74,126,740 ", 634 , 51 
서울,은평구,여,30~39세," 294,113,940 "," 2,975 ", 181 ," 192,356,210 "," 1,904 ", 158 ," 197,442,360 "," 2,082 ", 149 ," 197,295,280 "," 1,860 ", 137 ," 168,896,890 "," 1,616 ", 109 
서울,은평구,여,40~49세," 334,763,420 "," 3,506 ", 247 ," 249,234,440 "," 2,524 ", 212 ," 206,803,430 "," 2,086 ", 203 ," 243,551,820 "," 2,333 ", 199 ," 311,799,790 "," 2,959 ", 197 
서울,은평구,여,50~59세," 307,017,720 "," 3,559 ", 234 ," 251,528,330 "," 2,799 ", 215 ," 314,769,840 "," 3,425 ", 228 ," 223,221,340 "," 2,446 ", 219 ," 264,414,890 "," 2,767 ", 213 
서울,은평구,여,60~69세," 183,557,820 "," 2,219 ", 156 ," 196,312,520 "," 2,135 ", 161 ," 243,762,550 "," 2,772 ", 167 ," 254,904,110 "," 3,011 ", 168 ," 142,523,550 "," 1,635 ", 162 
서울,은평구,여,70~79세," 67,734,650 ", 784 , 56 ," 50,032,310 ", 565 , 66 ," 44,753,910 ", 499 , 62 ," 59,447,510 ", 644 , 60 ," 37,551,150 ", 475 , 59 
서울,은평구,여,80~89세," 1,101,900 ", 26 , 11 ," 7,972,220 ", 114 , 20 ," 3,796,550 ", 85 , 21 ," 7,259,330 ", 92 , 18 ," 7,879,420 ", 110 , 22 
서울,은평구,여,90~99세, - , - , - , - , - , - , - , - , - , - , - , - , - , - , - 
서울,은평구,여,100세 이상, - , - , - , - , - , - , - , - , - , - , - , - , - , - , - 
서울,종로구,남,0~9세, - , - , - , - , - , - , - , - , - , - , - , - , - , - , - 
서울,종로구,남,10~19세," 126,191,850 ", 683 , 55 ," 96,937,180 ", 595 , 38 ," 110,365,820 ", 566 , 33 ," 131,107,780 ", 584 , 36 ," 206,005,030 ", 861 , 46 
서울,종로구,남,20~29세," 714,950,560 "," 5,292 ", 409 ," 794,617,860 "," 5,010 ", 388 ," 785,635,370 "," 5,072 ", 378 ," 803,890,220 "," 4,904 ", 356 ," 788,171,010 "," 4,408 ", 358 
서울,종로구,남,30~39세," 693,692,440 "," 5,063 ", 465 ," 621,510,610 "," 4,606 ", 478 ," 750,826,400 "," 4,998 ", 488 ," 818,835,950 "," 5,183 ", 513 ," 730,626,740 "," 4,880 ", 527 
서울,종로구,남,40~49세," 487,892,180 "," 4,250 ", 472 ," 442,862,640 "," 3,736 ", 459 ," 554,306,920 "," 3,773 ", 430 ," 481,407,350 "," 3,250 ", 428 ," 473,488,510 "," 3,272 ", 429 
서울,종로구,남,50~59세," 221,227,830 "," 2,245 ", 268 ," 239,020,120 "," 2,250 ", 288 ," 273,038,570 "," 2,290 ", 309 ," 269,540,550 "," 2,452 ", 319 ," 294,760,670 "," 2,434 ", 328 
서울,종로구,남,60~69세," 56,842,990 ", 755 , 94 ," 84,942,310 ", 698 , 96 ," 308,801,520 ", 986 , 108 ," 109,867,190 ", 837 , 110 ," 59,935,210 ", 670 , 102 
서울,종로구,남,70~79세," 19,397,650 ", 210 , 29 ," 22,090,800 ", 244 , 32 ," 21,448,240 ", 263 , 31 ," 27,496,220 ", 275 , 37 ," 27,056,860 ", 269 , 39 
서울,종로구,남,80~89세, - , - , - , - , - , - , - , - , - , - , - , - , - , - , - 
서울,종로구,남,90~99세, - , - , - , - , - , - , - , - , - , - , - , - , - , - , - 
서울,종로구,남,100세 이상, - , - , - , - , - , - , - , - , - , - , - , - , - , - , - 
서울,종로구,여,0~9세, - , - , - , - , - , - , - , - , - , - , - , - , - , - , - 
서울,종로구,여,10~19세," 196,196,550 ", 920 , 51 ," 92,006,790 ", 492 , 43 ," 64,682,760 ", 347 , 30 ," 122,707,640 ", 744 , 29 ," 119,796,470 ", 555 , 36 
서울,종로구,여,20~29세," 893,038,910 "," 5,666 ", 346 ," 697,426,720 "," 4,388 ", 342 ," 751,589,680 "," 4,609 ", 334 ," 784,864,520 "," 4,681 ", 359 ," 811,671,530 "," 4,664 ", 357 
서울,종로구,여,30~39세," 808,701,530 "," 5,362 ", 462 ," 784,800,950 "," 5,453 ", 495 ," 901,096,190 "," 5,867 ", 514 ," 856,359,830 "," 5,425 ", 511 ," 824,736,190 "," 5,220 ", 536 
서울,종로구,여,40~49세," 527,191,370 "," 3,812 ", 400 ," 400,287,220 "," 3,240 ", 396 ," 418,392,160 "," 3,194 ", 398 ," 509,945,370 "," 3,530 ", 398 ," 562,792,500 "," 3,565 ", 401 
서울,종로구,여,50~59세," 401,917,990 "," 2,967 ", 338 ," 368,993,160 "," 2,835 ", 348 ," 391,221,100 "," 2,906 ", 363 ," 448,848,660 "," 3,085 ", 376 ," 471,669,540 "," 3,016 ", 389 
서울,종로구,여,60~69세," 145,145,620 "," 1,454 ", 183 ," 193,278,930 "," 1,631 ", 195 ," 299,337,410 "," 1,929 ", 205 ," 274,896,790 "," 1,935 ", 219 ," 248,529,140 "," 1,825 ", 224 
서울,종로구,여,70~79세," 53,035,900 ", 542 , 66 ," 94,494,320 ", 621 , 74 ," 54,185,870 ", 457 , 77 ," 79,787,900 ", 581 , 84 ," 123,434,250 ", 722 , 88 
서울,종로구,여,80~89세," 12,904,590 ", 82 , 11 ," 17,076,720 ", 110 , 15 ," 27,755,220 ", 151 , 19 ," 21,900,290 ", 154 , 23 ," 21,740,760 ", 143 , 23 
서울,종로구,여,90~99세, - , - , - , - , - , - , - , - , - , - , - , - , - , - , - 
서울,종로구,여,100세 이상, - , - , - , - , - , - , - , - , - , - , - , - , - , - , - 
서울,중구,남,0~9세, - , - , - , - , - , - , - , - , - , - , - , - , - , - , - 
서울,중구,남,10~19세, - , - , - , - , - , - , - , - , - , - , - , - , - , - , - 
서울,중구,남,20~29세," 37,602,920 ", 248 , 39 ," 13,871,140 ", 120 , 24 ," 14,633,850 ", 135 , 18 ," 11,758,780 ", 124 , 23 ," 11,652,520 ", 112 , 22 
서울,중구,남,30~39세," 48,439,830 ", 449 , 46 ," 38,653,440 ", 289 , 47 ," 30,806,990 ", 292 , 37 ," 30,791,110 ", 282 , 39 ," 23,295,390 ", 207 , 33 
서울,중구,남,40~49세," 51,784,390 ", 527 , 57 ," 46,122,450 ", 434 , 53 ," 41,128,830 ", 457 , 46 ," 42,856,380 ", 498 , 49 ," 51,171,760 ", 457 , 48 
서울,중구,남,50~59세," 56,729,890 ", 501 , 60 ," 67,770,590 ", 627 , 58 ," 59,071,560 ", 492 , 61 ," 56,031,790 ", 459 , 56 ," 57,257,160 ", 484 , 54 
서울,중구,남,60~69세," 9,275,970 ", 111 , 16 ," 9,662,120 ", 92 , 21 ," 12,707,520 ", 163 , 25 ," 23,729,420 ", 224 , 27 ," 16,550,960 ", 203 , 27 
서울,중구,남,70~79세, - , - , - , - , - , - , - , - , - , - , - , - , - , - , - 
서울,중구,남,80~89세, - , - , - , - , - , - , - , - , - , - , - , - , - , - , - 
서울,중구,남,90~99세, - , - , - , - , - , - , - , - , - , - , - , - , - , - , - 
서울,중구,남,100세 이상, - , - , - , - , - , - , - , - , - , - , - , - , - , - , - 
서울,중구,여,0~9세, - , - , - , - , - , - , - , - , - , - , - , - , - , - , - 
서울,중구,여,10~19세, - , - , - , - , - , - , - , - , - , - , - , - , - , - , - 
서울,중구,여,20~29세," 28,044,930 ", 208 , 19 ," 9,798,870 ", 79 , 15 ," 9,747,220 ", 123 , 17 ," 27,175,430 ", 205 , 27 ," 19,443,340 ", 183 , 23 
서울,중구,여,30~39세," 17,362,440 ", 217 , 37 ," 15,876,810 ", 194 , 35 ," 29,965,180 ", 298 , 31 ," 27,922,760 ", 305 , 44 ," 23,364,500 ", 255 , 42 
서울,중구,여,40~49세," 64,043,600 ", 401 , 53 ," 46,937,640 ", 341 , 48 ," 36,320,330 ", 294 , 41 ," 53,039,180 ", 276 , 38 ," 36,289,710 ", 212 , 36 
서울,중구,여,50~59세," 56,367,650 ", 481 , 59 ," 39,867,260 ", 349 , 46 ," 47,270,830 ", 329 , 48 ," 67,494,270 ", 414 , 47 ," 48,959,340 ", 275 , 48 
서울,중구,여,60~69세," 28,352,650 ", 260 , 41 ," 23,910,580 ", 247 , 39 ," 33,940,500 ", 282 , 41 ," 26,225,760 ", 251 , 41 ," 27,322,810 ", 234 , 38 
서울,중구,여,70~79세," 13,395,120 ", 91 , 21 ," 11,772,210 ", 70 , 13 ," 7,140,210 ", 69 , 16 ," 12,913,350 ", 125 , 24 ," 9,980,860 ", 119 , 24 
서울,중구,여,80~89세, - , - , - , - , - , - , - , - , - , - , - , - , - , - , - 
서울,중구,여,90~99세, - , - , - , - , - , - , - , - , - , - , - , - , - , - , - 
서울,중구,여,100세 이상, - , - , - , - , - , - , - , - , - , - , - , - , - , - , - 
서울,송파구,남,0~9세, - , - , - , - , - , - , - , - , - , - , - , - , - , - , - 
서울,송파구,남,10~19세," 27,563,810 ", 325 , 24 ," 32,772,180 ", 271 , 23 ," 53,595,490 ", 474 , 32 ," 39,108,860 ", 368 , 26 ," 85,359,080 ", 399 , 33 
서울,송파구,남,20~29세," 216,227,900 "," 2,688 ", 135 ," 355,339,200 "," 3,557 ", 121 ," 354,895,960 "," 3,429 ", 132 ," 421,641,890 "," 3,747 ", 153 ," 498,156,730 "," 3,710 ", 161 
서울,송파구,남,30~39세," 313,456,970 "," 3,200 ", 185 ," 339,657,370 "," 3,724 ", 195 ," 401,938,180 "," 4,236 ", 180 ," 303,781,690 "," 2,777 ", 189 ," 553,680,530 "," 4,595 ", 213 
서울,송파구,남,40~49세," 339,131,980 "," 4,300 ", 217 ," 401,501,420 "," 5,041 ", 210 ," 286,954,970 "," 3,809 ", 212 ," 388,601,600 "," 4,037 ", 234 ," 424,161,030 "," 3,852 ", 222 
서울,송파구,남,50~59세," 204,661,350 "," 2,717 ", 127 ," 218,102,990 "," 2,849 ", 135 ," 282,272,130 "," 3,234 ", 133 ," 261,860,300 "," 2,757 ", 154 ," 345,065,800 "," 3,345 ", 142 
서울,송파구,남,60~69세," 63,181,940 ", 932 , 46 ," 40,487,470 ", 574 , 61 ," 99,225,880 "," 1,311 ", 71 ," 177,308,290 "," 1,962 ", 75 ," 135,997,000 "," 1,459 ", 72 
서울,송파구,남,70~79세," 85,059,670 "," 1,294 ", 25 ," 97,982,360 "," 1,453 ", 28 ," 56,705,540 ", 810 , 28 ," 27,025,300 ", 370 , 23 ," 29,157,070 ", 187 , 14 
서울,송파구,남,80~89세," 1,763,670 ", 51 , 10 ," 5,338,970 ", 76 , 14 ," 2,982,740 ", 56 , 15 ," 1,168,370 ", 35 , 14 , - , - , - 
서울,송파구,남,90~99세, - , - , - , - , - , - , - , - , - , - , - , - , - , - , - 
서울,송파구,남,100세 이상, - , - , - , - , - , - , - , - , - , - , - , - , - , - , - 
서울,송파구,여,0~9세, - , - , - , - , - , - , - , - , - , - , - , - , - , - , - 
서울,송파구,여,10~19세," 29,340,160 ", 357 , 26 ," 33,582,270 ", 374 , 22 ," 59,128,300 ", 387 , 22 ," 86,198,910 ", 424 , 26 ," 77,379,470 ", 367 , 20 
서울,송파구,여,20~29세," 269,608,090 "," 2,952 ", 155 ," 241,444,920 "," 2,747 ", 132 ," 304,158,570 "," 2,793 ", 134 ," 300,331,900 "," 2,601 ", 130 ," 454,777,460 "," 3,006 ", 150 
서울,송파구,여,30~39세," 300,964,990 "," 3,365 ", 218 ," 283,884,950 "," 3,210 ", 198 ," 369,242,600 "," 3,409 ", 188 ," 487,285,480 "," 4,147 ", 208 ," 505,984,370 "," 4,502 ", 214 
서울,송파구,여,40~49세," 396,926,980 "," 4,579 ", 252 ," 478,656,950 "," 5,392 ", 258 ," 508,056,180 "," 5,716 ", 272 ," 498,468,920 "," 4,951 ", 282 ," 708,715,930 "," 5,422 ", 257 
서울,송파구,여,50~59세," 243,352,220 "," 3,018 ", 191 ," 418,739,280 "," 5,294 ", 188 ," 476,302,940 "," 5,060 ", 204 ," 506,151,050 "," 4,889 ", 211 ," 537,723,940 "," 4,695 ", 247 
서울,송파구,여,60~69세," 303,891,590 "," 3,956 ", 136 ," 284,063,730 "," 3,235 ", 140 ," 347,856,210 "," 3,729 ", 163 ," 347,929,990 "," 3,676 ", 168 ," 492,673,190 "," 3,962 ", 162 
서울,송파구,여,70~79세," 89,623,660 "," 1,248 ", 53 ," 117,990,340 "," 1,508 ", 54 ," 178,431,360 "," 2,159 ", 70 ," 140,953,640 "," 1,583 ", 74 ," 164,153,800 "," 1,441 ", 63 
서울,송파구,여,80~89세," 3,376,890 ", 265 , 49 ," 3,691,500 ", 369 , 54 ," 29,706,040 ", 535 , 43 ," 33,214,360 ", 582 , 28 ," 8,329,390 ", 161 , 20 
서울,송파구,여,90~99세," 714,520 ", 147 , 29 ," 488,860 ", 105 , 18 ," 975,680 ", 139 , 22 ," 875,240 ", 97 , 14 , - , - , - 
서울,송파구,여,100세 이상, - , - , - , - , - , - , - , - , - , - , - , - , - , - , - 
서울,중랑구,남,0~9세, - , - , - , - , - , - , - , - , - , - , - , - , - , - , - 
서울,중랑구,남,10~19세," 11,236,440 ", 168 , 11 ," 7,729,430 ", 128 , 10 ," 31,532,750 ", 450 , 15 ," 80,677,610 ", 907 , 13 ," 93,395,890 ", 929 , 15 
서울,중랑구,남,20~29세," 173,226,810 "," 1,799 ", 75 ," 147,879,990 "," 1,754 ", 89 ," 226,562,200 "," 2,065 ", 99 ," 247,671,890 "," 2,301 ", 124 ," 250,692,430 "," 2,161 ", 123 
서울,중랑구,남,30~39세," 275,814,450 "," 2,720 ", 121 ," 232,742,300 "," 2,786 ", 135 ," 265,822,850 "," 2,928 ", 143 ," 266,721,300 "," 2,471 ", 144 ," 455,465,200 "," 3,801 ", 150 
서울,중랑구,남,40~49세," 276,774,490 "," 2,944 ", 103 ," 177,832,700 "," 2,019 ", 120 ," 308,646,070 "," 3,126 ", 127 ," 472,187,720 "," 4,709 ", 151 ," 584,886,690 "," 5,945 ", 144 
서울,중랑구,남,50~59세," 192,633,540 "," 2,547 ", 70 ," 188,302,010 "," 2,476 ", 86 ," 261,816,610 "," 3,092 ", 101 ," 376,117,670 "," 4,237 ", 105 ," 495,057,270 "," 4,976 ", 127 
서울,중랑구,남,60~69세," 66,721,300 ", 924 , 21 ," 92,579,200 "," 1,192 ", 37 ," 176,947,530 "," 1,995 ", 35 ," 261,705,570 "," 2,746 ", 47 ," 275,020,220 "," 2,836 ", 57 
서울,중랑구,남,70~79세," 64,862,940 ", 857 , 11 ," 49,719,100 ", 660 , 15 ," 65,451,200 ", 810 , 17 ," 86,246,310 "," 1,036 ", 19 ," 124,159,910 "," 1,311 ", 27 
서울,중랑구,남,80~89세, - , - , - , - , - , - , - , - , - , - , - , - , - , - , - 
서울,중랑구,남,90~99세, - , - , - , - , - , - , - , - , - , - , - , - , - , - , - 
서울,중랑구,남,100세 이상, - , - , - , - , - , - , - , - , - , - , - , - , - , - , - 
서울,중랑구,여,0~9세, - , - , - , - , - , - , - , - , - , - , - , - , - , - , - 
서울,중랑구,여,10~19세," 33,335,280 ", 366 , 11 , - , - , - ," 24,982,130 ", 238 , 13 ," 19,407,400 ", 153 , 15 ," 29,429,410 ", 288 , 13 
서울,중랑구,여,20~29세," 103,274,170 "," 1,273 ", 65 ," 142,065,050 "," 1,671 ", 85 ," 147,729,870 "," 1,469 ", 85 ," 203,191,200 "," 1,609 ", 104 ," 231,107,300 "," 1,925 ", 106 
서울,중랑구,여,30~39세," 200,274,270 "," 2,221 ", 117 ," 198,987,680 "," 2,173 ", 137 ," 282,915,830 "," 2,562 ", 141 ," 471,394,000 "," 3,760 ", 150 ," 465,228,280 "," 4,252 ", 155 
서울,중랑구,여,40~49세," 274,490,870 "," 2,957 ", 129 ," 309,431,200 "," 3,800 ", 150 ," 226,829,130 "," 2,540 ", 162 ," 356,310,670 "," 3,079 ", 149 ," 339,018,120 "," 2,837 ", 159 
서울,중랑구,여,50~59세," 211,365,100 "," 2,887 ", 106 ," 206,414,260 "," 2,534 ", 129 ," 174,970,530 "," 1,917 ", 127 ," 297,284,720 "," 2,973 ", 135 ," 376,062,940 "," 3,128 ", 147 
서울,중랑구,여,60~69세," 187,728,970 "," 2,012 ", 75 ," 178,991,710 "," 2,172 ", 85 ," 152,923,810 "," 1,595 ", 78 ," 198,614,410 "," 2,079 ", 90 ," 417,035,430 "," 3,932 ", 106 
서울,중랑구,여,70~79세," 55,212,690 ", 690 , 30 ," 70,945,790 ", 961 , 31 ," 87,179,700 "," 1,157 ", 35 ," 62,048,140 ", 799 , 35 ," 65,162,570 ", 601 , 42 
서울,중랑구,여,80~89세, - , - , - , - , - , - , - , - , - ," 2,744,800 ", 58 , 10 ," 7,148,340 ", 64 , 12 
서울,중랑구,여,90~99세, - , - , - , - , - , - , - , - , - , - , - , - , - , - , - 
서울,중랑구,여,100세 이상, - , - , - , - , - , - , - , - , - , - , - , - , - , - , - 
서울,양천구,남,0~9세, - , - , - , - , - , - , - , - , - , - , - , - , - , - , - 
서울,양천구,남,10~19세," 8,447,130 ", 56 , 11 , - , - , - , - , - , - , - , - , - , - , - , - 
서울,양천구,남,20~29세," 38,605,990 ", 428 , 58 ," 76,576,210 ", 557 , 49 ," 73,862,120 ", 540 , 53 ," 45,551,190 ", 443 , 52 ," 34,640,610 ", 297 , 41 
서울,양천구,남,30~39세," 53,830,750 ", 607 , 68 ," 53,557,810 ", 610 , 64 ," 103,626,250 ", 790 , 68 ," 113,852,190 ", 822 , 71 ," 101,835,680 ", 661 , 71 
서울,양천구,남,40~49세," 86,013,360 ", 847 , 85 ," 81,146,170 ", 875 , 86 ," 60,989,960 ", 738 , 83 ," 56,073,850 ", 763 , 82 ," 71,796,940 ", 698 , 80 
서울,양천구,남,50~59세," 27,473,970 ", 443 , 51 ," 41,249,650 ", 442 , 52 ," 37,414,080 ", 392 , 45 ," 42,292,400 ", 441 , 50 ," 41,238,780 ", 460 , 56 
서울,양천구,남,60~69세," 40,299,290 ", 306 , 31 ," 9,354,160 ", 203 , 24 ," 37,770,590 ", 208 , 24 ," 13,981,690 ", 190 , 23 ," 9,386,090 ", 159 , 19 
서울,양천구,남,70~79세," 7,181,560 ", 66 , 11 ," 9,767,500 ", 111 , 11 ," 6,002,580 ", 92 , 15 ," 6,620,850 ", 101 , 13 ," 8,444,460 ", 124 , 16 
서울,양천구,남,80~89세, - , - , - , - , - , - , - , - , - , - , - , - , - , - , - 
서울,양천구,남,90~99세, - , - , - , - , - , - , - , - , - , - , - , - , - , - , - 
서울,양천구,남,100세 이상, - , - , - , - , - , - , - , - , - , - , - , - , - , - , - 
서울,양천구,여,0~9세, - , - , - , - , - , - , - , - , - , - , - , - , - , - , - 
서울,양천구,여,10~19세, - , - , - , - , - , - , - , - , - , - , - , - , - , - , - 
서울,양천구,여,20~29세," 60,116,620 ", 520 , 57 ," 45,805,690 ", 437 , 52 ," 78,825,310 ", 527 , 45 ," 61,031,640 ", 465 , 57 ," 73,405,090 ", 377 , 44 
서울,양천구,여,30~39세," 115,695,080 ", 979 , 97 ," 90,598,100 ", 836 , 88 ," 70,174,980 ", 755 , 83 ," 86,482,740 ", 878 , 87 ," 96,659,330 ", 827 , 91 
서울,양천구,여,40~49세," 97,947,120 "," 1,008 ", 112 ," 101,236,320 ", 890 , 97 ," 127,659,190 ", 946 , 93 ," 147,035,540 "," 1,051 ", 96 ," 77,029,070 ", 660 , 84 
서울,양천구,여,50~59세," 79,612,940 ", 767 , 91 ," 73,537,060 ", 722 , 85 ," 108,693,720 ", 832 , 90 ," 83,983,440 ", 716 , 96 ," 88,537,080 ", 740 , 98 
서울,양천구,여,60~69세," 60,100,790 ", 707 , 72 ," 53,258,940 ", 681 , 75 ," 80,055,650 ", 761 , 81 ," 52,770,550 ", 619 , 77 ," 95,121,360 ", 742 , 88 
서울,양천구,여,70~79세," 29,736,750 ", 284 , 24 ," 32,907,020 ", 310 , 28 ," 11,258,410 ", 198 , 30 ," 10,941,570 ", 183 , 31 ," 28,264,030 ", 244 , 34 
서울,양천구,여,80~89세, - , - , - , - , - , - , - , - , - , - , - , - ," 4,062,790 ", 75 , 12 
서울,양천구,여,90~99세, - , - , - , - , - , - , - , - , - , - , - , - , - , - , - 
서울,양천구,여,100세 이상, - , - , - , - , - , - , - , - , - , - , - , - , - , - , - 
서울,서초구,남,0~9세, - , - , - , - , - , - , - , - , - , - , - , - , - , - , - 
서울,서초구,남,10~19세," 46,559,060 ", 278 , 23 ," 18,756,560 ", 175 , 23 ," 42,700,160 ", 259 , 21 ," 34,234,220 ", 146 , 16 ," 15,542,020 ", 135 , 15 
서울,서초구,남,20~29세," 200,504,210 "," 1,489 ", 156 ," 172,545,420 "," 1,165 ", 131 ," 221,584,560 "," 1,232 ", 133 ," 162,315,940 "," 1,015 ", 109 ," 210,191,700 "," 1,006 ", 102 
서울,서초구,남,30~39세," 259,371,520 "," 2,123 ", 220 ," 227,453,090 "," 1,877 ", 189 ," 254,924,440 "," 1,937 ", 192 ," 277,856,070 "," 1,816 ", 184 ," 243,335,070 "," 1,562 ", 165 
서울,서초구,남,40~49세," 258,492,310 "," 2,628 ", 265 ," 295,841,900 "," 2,469 ", 261 ," 259,729,150 "," 2,156 ", 248 ," 271,785,650 "," 2,023 ", 233 ," 245,540,080 "," 1,864 ", 215 
서울,서초구,남,50~59세," 147,797,260 "," 1,917 ", 169 ," 164,297,700 "," 2,012 ", 185 ," 164,133,850 "," 1,856 ", 184 ," 169,814,330 "," 1,909 ", 177 ," 185,716,140 "," 1,844 ", 195 
서울,서초구,남,60~69세," 88,089,640 ", 991 , 88 ," 58,915,820 ", 866 , 84 ," 76,601,160 "," 1,015 ", 100 ," 76,195,600 ", 968 , 93 ," 80,551,710 ", 956 , 96 
서울,서초구,남,70~79세," 43,003,970 ", 435 , 38 ," 24,411,450 ", 369 , 34 ," 24,910,870 ", 384 , 37 ," 24,330,680 ", 376 , 40 ," 28,447,310 ", 388 , 37 
서울,서초구,남,80~89세," 3,087,810 ", 60 , 10 , - , - , - ," 4,332,390 ", 72 , 10 ," 4,086,240 ", 67 , 10 , - , - , - 
서울,서초구,남,90~99세, - , - , - , - , - , - , - , - , - , - , - , - , - , - , - 
서울,서초구,남,100세 이상, - , - , - , - , - , - , - , - , - , - , - , - , - , - , - 
서울,서초구,여,0~9세, - , - , - , - , - , - , - , - , - , - , - , - , - , - , - 
서울,서초구,여,10~19세," 18,522,240 ", 94 , 11 , - , - , - ," 42,115,410 ", 197 , 13 ," 8,245,330 ", 69 , 14 ," 13,504,090 ", 124 , 16 
서울,서초구,여,20~29세," 289,018,050 "," 2,002 ", 154 ," 295,270,630 "," 1,658 ", 130 ," 214,643,580 "," 1,308 ", 131 ," 216,951,250 "," 1,300 ", 130 ," 229,575,830 "," 1,292 ", 115 
서울,서초구,여,30~39세," 281,495,980 "," 2,393 ", 224 ," 260,465,890 "," 1,981 ", 208 ," 321,415,840 "," 2,202 ", 230 ," 244,133,840 "," 1,767 ", 219 ," 355,370,370 "," 2,113 ", 214 
서울,서초구,여,40~49세," 445,616,010 "," 3,543 ", 306 ," 319,703,790 "," 2,715 ", 288 ," 298,715,660 "," 2,367 ", 286 ," 364,492,670 "," 2,575 ", 280 ," 267,436,850 "," 2,082 ", 258 
서울,서초구,여,50~59세," 321,152,280 "," 3,322 ", 277 ," 249,620,280 "," 2,534 ", 263 ," 292,200,380 "," 2,417 ", 261 ," 297,643,360 "," 2,344 ", 246 ," 291,107,460 "," 2,410 ", 260 
서울,서초구,여,60~69세," 162,304,920 "," 1,788 ", 187 ," 145,449,030 "," 1,619 ", 175 ," 170,886,670 "," 1,699 ", 196 ," 201,883,380 "," 1,800 ", 203 ," 195,760,620 "," 1,756 ", 208 
서울,서초구,여,70~79세," 61,940,780 ", 708 , 81 ," 69,264,420 ", 798 , 88 ," 87,345,610 ", 886 , 88 ," 65,290,310 ", 818 , 91 ," 80,291,630 ", 868 , 88 
서울,서초구,여,80~89세," 20,017,080 ", 111 , 19 ," 4,396,390 ", 62 , 11 ," 4,581,990 ", 57 , 10 ," 8,507,130 ", 102 , 16 ," 6,689,330 ", 101 , 17 
서울,서초구,여,90~99세, - , - , - , - , - , - , - , - , - , - , - , - , - , - , - 
서울,서초구,여,100세 이상, - , - , - , - , - , - , - , - , - , - , - , - , - , - , - 
서울,노원구,남,0~9세, - , - , - , - , - , - , - , - , - , - , - , - , - , - , - 
서울,노원구,남,10~19세," 5,842,080 ", 92 , 14 ," 31,660,980 ", 201 , 11 , - , - , - , - , - , - , - , - , - 
서울,노원구,남,20~29세," 263,898,470 "," 1,811 ", 121 ," 288,773,610 "," 1,811 ", 119 ," 202,521,620 "," 1,363 ", 110 ," 168,716,850 "," 1,056 ", 105 ," 200,156,990 "," 1,013 ", 95 
서울,노원구,남,30~39세," 208,409,720 "," 1,496 ", 159 ," 263,870,610 "," 1,631 ", 157 ," 270,277,230 "," 1,618 ", 142 ," 174,900,790 "," 1,056 ", 126 ," 223,262,510 "," 1,174 ", 122 
서울,노원구,남,40~49세," 182,043,720 "," 1,599 ", 162 ," 219,689,720 "," 1,755 ", 162 ," 224,108,580 "," 1,652 ", 162 ," 215,825,110 "," 1,616 ", 152 ," 200,187,840 "," 1,423 ", 143 
서울,노원구,남,50~59세," 107,063,810 "," 1,101 ", 110 ," 111,687,540 "," 1,041 ", 107 ," 153,986,030 "," 1,275 ", 119 ," 198,324,600 "," 1,548 ", 121 ," 149,526,490 "," 1,101 ", 110 
서울,노원구,남,60~69세," 51,080,090 ", 591 , 45 ," 36,410,990 ", 507 , 45 ," 90,521,400 ", 750 , 51 ," 56,283,680 ", 529 , 58 ," 99,189,140 ", 687 , 57 
서울,노원구,남,70~79세," 31,236,920 ", 497 , 17 ," 11,119,310 ", 155 , 16 ," 11,044,490 ", 137 , 16 ," 17,081,520 ", 178 , 20 ," 10,999,530 ", 129 , 14 
서울,노원구,남,80~89세, - , - , - , - , - , - , - , - , - , - , - , - , - , - , - 
서울,노원구,남,90~99세, - , - , - , - , - , - , - , - , - , - , - , - , - , - , - 
서울,노원구,남,100세 이상, - , - , - , - , - , - , - , - , - , - , - , - , - , - , - 
서울,노원구,여,0~9세, - , - , - , - , - , - , - , - , - , - , - , - , - , - , - 
서울,노원구,여,10~19세," 52,117,470 ", 320 , 16 ," 65,646,750 ", 320 , 11 ," 67,312,870 ", 322 , 10 , - , - , - , - , - , - 
서울,노원구,여,20~29세," 208,493,540 "," 1,371 ", 94 ," 291,831,940 "," 1,565 ", 96 ," 225,072,030 "," 1,185 ", 86 ," 279,343,850 "," 1,344 ", 85 ," 204,202,820 ", 960 , 77 
서울,노원구,여,30~39세," 292,691,500 "," 2,067 ", 171 ," 387,745,840 "," 2,271 ", 170 ," 361,262,600 "," 2,211 ", 171 ," 263,571,640 "," 1,600 ", 158 ," 197,496,640 "," 1,079 ", 142 
서울,노원구,여,40~49세," 293,883,360 "," 2,219 ", 192 ," 348,458,730 "," 2,224 ", 185 ," 362,113,480 "," 2,267 ", 183 ," 314,695,130 "," 1,841 ", 173 ," 311,609,790 "," 1,734 ", 161 
서울,노원구,여,50~59세," 194,488,200 "," 1,669 ", 170 ," 318,539,000 "," 2,015 ", 162 ," 251,298,200 "," 1,681 ", 160 ," 210,358,060 "," 1,533 ", 162 ," 199,948,110 "," 1,520 ", 171 
서울,노원구,여,60~69세," 161,310,180 "," 1,325 ", 139 ," 169,198,050 "," 1,197 ", 134 ," 149,233,050 "," 1,139 ", 138 ," 162,732,270 "," 1,449 ", 146 ," 195,240,540 "," 1,424 ", 149 
서울,노원구,여,70~79세," 41,921,700 ", 397 , 40 ," 25,641,720 ", 278 , 41 ," 27,844,910 ", 325 , 40 ," 74,147,550 ", 555 , 48 ," 55,623,560 ", 365 , 45 
서울,노원구,여,80~89세," 10,043,650 ", 237 , 24 ," 10,961,770 ", 158 , 22 ," 19,234,420 ", 140 , 16 ," 9,231,670 ", 98 , 18 ," 6,740,460 ", 53 , 13 
서울,노원구,여,90~99세, - , - , - , - , - , - , - , - , - , - , - , - , - , - , - 
서울,노원구,여,100세 이상, - , - , - , - , - , - , - , - , - , - , - , - , - , - , - 
서울,광진구,남,0~9세, - , - , - , - , - , - , - , - , - , - , - , - , - , - , - 
서울,광진구,남,10~19세," 82,702,610 ", 875 , 40 ," 35,763,390 ", 310 , 23 ," 49,325,290 ", 468 , 22 ," 52,502,070 ", 510 , 13 ," 52,396,620 ", 285 , 18 
서울,광진구,남,20~29세," 516,174,940 "," 5,101 ", 199 ," 344,753,750 "," 3,300 ", 195 ," 354,975,850 "," 3,050 ", 165 ," 259,501,660 "," 2,172 ", 137 ," 371,917,810 "," 2,987 ", 143 
서울,광진구,남,30~39세," 657,748,400 "," 6,017 ", 327 ," 587,493,410 "," 5,116 ", 301 ," 387,501,090 "," 3,228 ", 229 ," 467,566,500 "," 3,677 ", 193 ," 461,225,420 "," 3,415 ", 202 
서울,광진구,남,40~49세," 755,150,690 "," 9,172 ", 508 ," 634,769,320 "," 7,082 ", 439 ," 540,610,910 "," 5,822 ", 358 ," 472,924,240 "," 4,386 ", 294 ," 388,790,370 "," 3,344 ", 272 
서울,광진구,남,50~59세," 730,817,160 "," 10,155 ", 416 ," 587,229,110 "," 7,851 ", 407 ," 683,549,430 "," 8,651 ", 369 ," 769,552,560 "," 9,066 ", 340 ," 876,288,890 "," 9,664 ", 315 
서울,광진구,남,60~69세," 359,653,160 "," 5,055 ", 184 ," 390,597,170 "," 5,411 ", 186 ," 401,778,350 "," 5,320 ", 194 ," 424,681,890 "," 4,895 ", 199 ," 421,178,240 "," 4,419 ", 191 
서울,광진구,남,70~79세," 139,521,290 "," 1,949 ", 88 ," 141,672,880 "," 1,832 ", 85 ," 133,356,950 "," 1,531 ", 75 ," 97,274,620 "," 1,246 ", 77 ," 116,806,230 "," 1,388 ", 87 
서울,광진구,남,80~89세," 5,934,380 ", 79 , 12 ," 28,382,250 ", 484 , 15 ," 49,609,470 ", 801 , 20 ," 43,571,530 ", 569 , 25 ," 36,701,610 ", 448 , 20 
서울,광진구,남,90~99세, - , - , - , - , - , - , - , - , - , - , - , - , - , - , - 
서울,광진구,남,100세 이상, - , - , - , - , - , - , - , - , - , - , - , - , - , - , - 
서울,광진구,여,0~9세, - , - , - , - , - , - , - , - , - , - , - , - , - , - , - 
서울,광진구,여,10~19세," 75,711,530 ", 669 , 38 ," 23,906,640 ", 170 , 20 ," 32,789,510 ", 206 , 14 , - , - , - ," 30,205,960 ", 241 , 15 
서울,광진구,여,20~29세," 463,682,470 "," 3,925 ", 198 ," 269,868,130 "," 2,123 ", 175 ," 233,833,380 "," 1,905 ", 161 ," 352,866,310 "," 2,380 ", 147 ," 329,074,020 "," 2,354 ", 142 
서울,광진구,여,30~39세," 653,992,880 "," 6,591 ", 348 ," 487,267,210 "," 4,433 ", 301 ," 462,888,870 "," 3,709 ", 269 ," 499,022,210 "," 3,649 ", 221 ," 466,900,260 "," 3,740 ", 220 
서울,광진구,여,40~49세," 781,480,800 "," 9,026 ", 477 ," 632,806,590 "," 6,941 ", 434 ," 531,050,530 "," 5,487 ", 387 ," 514,213,740 "," 4,906 ", 330 ," 522,350,310 "," 5,017 ", 294 
서울,광진구,여,50~59세," 928,746,070 "," 11,456 ", 500 ," 801,651,960 "," 9,365 ", 451 ," 717,547,910 "," 8,259 ", 421 ," 782,361,810 "," 8,039 ", 375 ," 872,530,840 "," 8,978 ", 364 
서울,광진구,여,60~69세," 499,147,670 "," 5,508 ", 345 ," 459,499,620 "," 4,974 ", 351 ," 546,759,570 "," 5,102 ", 342 ," 606,080,990 "," 5,466 ", 334 ," 676,331,970 "," 6,029 ", 325 
서울,광진구,여,70~79세," 264,704,190 "," 2,619 ", 146 ," 231,630,070 "," 2,460 ", 147 ," 222,218,040 "," 2,403 ", 141 ," 280,081,700 "," 2,711 ", 144 ," 274,059,270 "," 2,546 ", 155 
서울,광진구,여,80~89세," 73,285,450 ", 948 , 29 ," 65,925,290 ", 863 , 30 ," 43,557,530 ", 515 , 38 ," 23,066,680 ", 157 , 33 ," 23,671,380 ", 171 , 38 
서울,광진구,여,90~99세, - , - , - , - , - , - , - , - , - , - , - , - , - , - , - 
서울,광진구,여,100세 이상, - , - , - , - , - , - , - , - , - , - , - , - , - , - , - 
서울,강북구,남,0~9세, - , - , - , - , - , - , - , - , - , - , - , - , - , - , - 
서울,강북구,남,10~19세, - , - , - , - , - , - , - , - , - , - , - , - , - , - , - 
서울,강북구,남,20~29세," 7,675,450 ", 174 , 28 ," 8,943,060 ", 192 , 29 ," 18,866,490 ", 346 , 34 ," 15,307,990 ", 278 , 23 ," 9,374,730 ", 171 , 19 
서울,강북구,남,30~39세," 12,441,830 ", 289 , 35 ," 13,195,890 ", 302 , 36 ," 16,230,410 ", 345 , 29 ," 16,863,980 ", 333 , 30 ," 16,299,730 ", 293 , 24 
서울,강북구,남,40~49세," 39,506,600 ", 900 , 62 ," 41,525,710 ", 883 , 65 ," 40,360,970 ", 811 , 62 ," 36,775,970 ", 684 , 65 ," 27,493,160 ", 503 , 45 
서울,강북구,남,50~59세," 20,216,800 ", 518 , 40 ," 27,046,750 ", 602 , 53 ," 29,956,860 ", 678 , 55 ," 38,623,710 ", 822 , 51 ," 43,253,120 ", 880 , 53 
서울,강북구,남,60~69세," 10,387,340 ", 231 , 20 ," 11,220,580 ", 243 , 25 ," 13,412,950 ", 292 , 27 ," 16,156,590 ", 362 , 26 ," 16,741,620 ", 365 , 24 
서울,강북구,남,70~79세," 2,137,840 ", 59 , 10 ," 1,138,470 ", 30 , 11 , - , - , - , - , - , - , - , - , - 
서울,강북구,남,80~89세, - , - , - , - , - , - , - , - , - , - , - , - , - , - , - 
서울,강북구,남,90~99세, - , - , - , - , - , - , - , - , - , - , - , - , - , - , - 
서울,강북구,남,100세 이상, - , - , - , - , - , - , - , - , - , - , - , - , - , - , - 
서울,강북구,여,0~9세, - , - , - , - , - , - , - , - , - , - , - , - , - , - , - 
서울,강북구,여,10~19세, - , - , - , - , - , - , - , - , - , - , - , - , - , - , - 
서울,강북구,여,20~29세," 10,988,550 ", 261 , 26 ," 8,961,460 ", 193 , 19 ," 13,579,730 ", 184 , 24 ," 10,391,440 ", 150 , 15 ," 8,456,840 ", 113 , 16 
서울,강북구,여,30~39세," 17,953,140 ", 431 , 34 ," 19,111,930 ", 438 , 40 ," 20,936,320 ", 469 , 40 ," 19,501,620 ", 393 , 34 ," 23,408,450 ", 436 , 28 
서울,강북구,여,40~49세," 22,218,690 ", 551 , 48 ," 23,259,890 ", 543 , 54 ," 23,088,110 ", 496 , 47 ," 29,626,890 ", 597 , 49 ," 29,764,800 ", 587 , 43 
서울,강북구,여,50~59세," 21,288,410 ", 502 , 57 ," 30,110,210 ", 656 , 54 ," 30,935,860 ", 657 , 49 ," 41,818,090 ", 820 , 50 ," 45,700,190 ", 867 , 51 
서울,강북구,여,60~69세," 22,101,730 ", 511 , 55 ," 21,042,920 ", 490 , 59 ," 21,632,480 ", 477 , 51 ," 29,935,240 ", 622 , 48 ," 30,931,270 ", 586 , 49 
서울,강북구,여,70~79세," 5,136,270 ", 159 , 19 ," 7,251,210 ", 201 , 24 ," 7,934,220 ", 190 , 18 ," 8,917,850 ", 205 , 27 ," 10,580,990 ", 257 , 27 
서울,강북구,여,80~89세," 1,741,330 ", 54 , 11 ," 1,134,750 ", 40 , 12 , - , - , - , - , - , - , - , - , - 
서울,강북구,여,90~99세, - , - , - , - , - , - , - , - , - , - , - , - , - , - , - 
서울,강북구,여,100세 이상, - , - , - , - , - , - , - , - , - , - , - , - , - , - , - 
서울,금천구,남,0~9세, - , - , - , - , - , - , - , - , - , - , - , - , - , - , - 
서울,금천구,남,10~19세, - , - , - , - , - , - , - , - , - , - , - , - , - , - , - 
서울,금천구,남,20~29세," 91,462,820 ", 946 , 25 ," 48,936,670 ", 392 , 17 ," 52,443,580 ", 455 , 19 ," 72,083,070 ", 796 , 21 ," 83,902,430 ", 810 , 24 
서울,금천구,남,30~39세," 132,446,130 "," 1,393 ", 51 ," 150,507,900 "," 1,520 ", 42 ," 165,748,450 "," 1,525 ", 38 ," 112,180,020 "," 1,108 ", 37 ," 98,489,340 ", 812 , 34 
서울,금천구,남,40~49세," 203,885,030 "," 2,169 ", 70 ," 214,313,220 "," 2,094 ", 69 ," 100,011,650 ", 936 , 62 ," 177,308,200 "," 1,835 ", 54 ," 124,001,690 "," 1,125 ", 45 
서울,금천구,남,50~59세," 258,388,510 "," 2,746 ", 44 ," 262,532,250 "," 2,663 ", 39 ," 224,809,150 "," 2,204 ", 47 ," 174,059,760 "," 1,766 ", 48 ," 166,679,820 "," 1,587 ", 48 
서울,금천구,남,60~69세," 94,847,650 "," 1,050 ", 25 ," 163,234,440 "," 1,706 ", 21 ," 196,431,950 "," 1,948 ", 27 ," 228,877,760 "," 2,326 ", 25 ," 248,506,200 "," 2,391 ", 31 
서울,금천구,남,70~79세," 27,798,140 ", 360 , 12 , - , - , - , - , - , - , - , - , - ," 67,873,240 ", 661 , 10 
서울,금천구,남,80~89세, - , - , - , - , - , - , - , - , - , - , - , - , - , - , - 
서울,금천구,남,90~99세, - , - , - , - , - , - , - , - , - , - , - , - , - , - , - 
서울,금천구,남,100세 이상, - , - , - , - , - , - , - , - , - , - , - , - , - , - , - 
서울,금천구,여,0~9세, - , - , - , - , - , - , - , - , - , - , - , - , - , - , - 
서울,금천구,여,10~19세, - , - , - , - , - , - , - , - , - , - , - , - , - , - , - 
서울,금천구,여,20~29세," 25,385,340 ", 309 , 16 ," 70,338,760 ", 726 , 23 ," 77,274,680 ", 763 , 21 ," 67,071,320 ", 666 , 23 ," 52,822,360 ", 474 , 23 
서울,금천구,여,30~39세," 231,643,380 "," 2,380 ", 51 ," 143,290,950 "," 1,302 ", 48 ," 172,093,970 "," 1,620 ", 50 ," 266,387,660 "," 2,765 ", 47 ," 209,427,560 "," 1,862 ", 54 
서울,금천구,여,40~49세," 215,737,840 "," 2,314 ", 75 ," 173,552,790 "," 1,753 ", 66 ," 73,394,890 ", 832 , 58 ," 87,195,860 ", 954 , 54 ," 154,171,010 "," 1,379 ", 59 
서울,금천구,여,50~59세," 133,391,720 "," 1,551 ", 68 ," 177,522,510 "," 1,840 ", 64 ," 208,451,870 "," 1,887 ", 59 ," 174,041,500 "," 1,904 ", 61 ," 150,541,680 "," 1,576 ", 62 
서울,금천구,여,60~69세," 191,326,400 "," 2,077 ", 50 ," 130,121,240 "," 1,399 ", 43 ," 152,363,930 "," 1,483 ", 46 ," 128,777,450 "," 1,354 ", 41 ," 104,089,900 "," 1,037 ", 42 
서울,금천구,여,70~79세," 17,002,830 ", 225 , 16 ," 9,278,900 ", 142 , 10 ," 11,220,340 ", 157 , 11 ," 33,948,290 ", 413 , 14 ," 45,863,510 ", 512 , 20 
서울,금천구,여,80~89세, - , - , - , - , - , - , - , - , - , - , - , - , - , - , - 
서울,금천구,여,90~99세, - , - , - , - , - , - , - , - , - , - , - , - , - , - , - 
서울,금천구,여,100세 이상, - , - , - , - , - , - , - , - , - , - , - , - , - , - , - 