[시군구별 및 성별 및 연령별 불안장애 진료현황],,,,,,,,,,,,,,,,,,
,,,,,,,,,,,,,,,,,,
,,,,,,,,,,,,,,,,,"(단위: 원, 일, 명)",
시도,시군구,성별,연령구분, 2019년 ,,, 2020년 ,,, 2021년 ,,, 2022년 ,,, 2023년 ,,
,,,,요양급여비용,입내원일수,환자수,요양급여비용,입내원일수,환자수,요양급여비용,입내원일수,환자수,요양급여비용,입내원일수,환자수,요양급여비용,입내원일수,환자수
서울,강남구,남,0~9세," 2,323,520 ", 26 , 18 ," 2,018,600 ", 15 , 10 ," 3,212,430 ", 27 , 20 ," 13,254,680 ", 87 , 32 ," 36,334,330 ", 304 , 61 
서울,강남구,남,10~19세," 130,272,810 "," 1,777 ", 267 ," 129,909,380 "," 1,688 ", 278 ," 164,375,350 "," 2,069 ", 293 ," 222,660,870 "," 2,429 ", 381 ," 269,910,360 "," 2,686 ", 456 
서울,강남구,남,20~29세," 507,747,720 "," 7,097 "," 1,170 "," 666,502,920 "," 8,465 "," 1,313 "," 752,869,510 "," 8,787 "," 1,450 "," 767,399,120 "," 8,374 "," 1,470 "," 816,631,470 "," 8,012 "," 1,383 "
서울,강남구,남,30~39세," 535,674,530 "," 8,128 "," 1,442 "," 646,763,530 "," 8,945 "," 1,500 "," 789,575,820 "," 9,873 "," 1,524 "," 924,949,490 "," 10,465 "," 1,700 "," 971,094,630 "," 9,858 "," 1,796 "
서울,강남구,남,40~49세," 444,702,010 "," 7,252 "," 1,444 "," 505,369,470 "," 7,779 "," 1,472 "," 622,733,310 "," 8,540 "," 1,518 "," 747,521,010 "," 9,284 "," 1,666 "," 898,149,200 "," 10,036 "," 1,799 "
서울,강남구,남,50~59세," 290,853,680 "," 4,997 "," 1,148 "," 301,660,240 "," 5,028 "," 1,116 "," 376,946,350 "," 5,614 "," 1,160 "," 469,501,420 "," 6,542 "," 1,300 "," 499,815,990 "," 6,407 "," 1,309 "
서울,강남구,남,60~69세," 145,033,670 "," 2,584 ", 653 ," 155,858,780 "," 2,894 ", 667 ," 195,810,290 "," 3,228 ", 723 ," 209,899,340 "," 3,249 ", 721 ," 238,679,120 "," 3,395 ", 753 
서울,강남구,남,70~79세," 73,399,260 "," 1,460 ", 436 ," 67,178,370 "," 1,489 ", 388 ," 84,054,480 "," 1,782 ", 416 ," 88,907,340 "," 1,712 ", 417 ," 84,920,290 "," 1,631 ", 433 
서울,강남구,남,80~89세," 13,443,680 ", 458 , 128 ," 17,693,380 ", 506 , 136 ," 20,393,280 ", 551 , 155 ," 43,833,720 ", 845 , 173 ," 31,416,980 ", 724 , 196 
서울,강남구,남,90~99세," 1,286,540 ", 41 , 14 ," 2,473,270 ", 64 , 20 ," 2,440,240 ", 62 , 16 ," 1,778,950 ", 66 , 17 ," 3,475,080 ", 115 , 23 
서울,강남구,남,100세 이상, - , - , - , - , - , - , - , - , - , - , - , - , - , - , - 
서울,강남구,여,0~9세," 4,392,480 ", 34 , 15 ," 1,946,600 ", 19 , 11 ," 5,550,960 ", 76 , 22 ," 9,055,180 ", 70 , 22 ," 26,893,360 ", 185 , 59 
서울,강남구,여,10~19세," 138,539,490 "," 1,934 ", 337 ," 149,051,150 "," 2,211 ", 344 ," 206,299,870 "," 2,555 ", 485 ," 276,314,160 "," 2,976 ", 555 ," 333,788,920 "," 3,290 ", 626 
서울,강남구,여,20~29세," 680,925,040 "," 9,659 "," 1,830 "," 925,323,790 "," 11,863 "," 2,120 "," 1,187,382,290 "," 13,841 "," 2,291 "," 1,234,128,780 "," 12,999 "," 2,470 "," 1,379,023,420 "," 12,924 "," 2,525 "
서울,강남구,여,30~39세," 740,395,470 "," 11,459 "," 2,057 "," 899,312,430 "," 12,759 "," 2,105 "," 1,152,565,550 "," 14,528 "," 2,359 "," 1,346,949,740 "," 15,458 "," 2,552 "," 1,546,500,220 "," 15,669 "," 2,724 "
서울,강남구,여,40~49세," 591,907,310 "," 9,546 "," 1,807 "," 653,684,440 "," 10,035 "," 1,737 "," 862,781,640 "," 11,764 "," 2,008 "," 982,453,120 "," 12,625 "," 2,175 "," 1,153,524,390 "," 13,577 "," 2,399 "
서울,강남구,여,50~59세," 381,104,250 "," 6,342 "," 1,532 "," 393,709,840 "," 6,481 "," 1,375 "," 524,303,330 "," 8,090 "," 1,564 "," 608,057,160 "," 8,719 "," 1,659 "," 654,761,130 "," 8,577 "," 1,723 "
서울,강남구,여,60~69세," 250,463,180 "," 4,531 "," 1,262 "," 264,040,870 "," 4,565 "," 1,130 "," 343,354,920 "," 5,566 "," 1,280 "," 379,337,580 "," 5,784 "," 1,364 "," 390,204,310 "," 5,604 "," 1,340 "
서울,강남구,여,70~79세," 122,422,350 "," 2,561 ", 714 ," 119,320,840 "," 2,504 ", 691 ," 157,073,780 "," 3,003 ", 760 ," 194,713,750 "," 3,165 ", 796 ," 191,505,760 "," 3,279 ", 819 
서울,강남구,여,80~89세," 40,134,610 ", 825 , 245 ," 32,315,360 ", 931 , 277 ," 55,950,430 "," 1,421 ", 314 ," 78,216,060 "," 1,570 ", 334 ," 62,377,340 "," 1,389 ", 340 
서울,강남구,여,90~99세," 1,746,860 ", 73 , 25 ," 1,875,330 ", 101 , 35 ," 2,880,170 ", 182 , 39 ," 4,726,890 ", 269 , 58 ," 4,974,360 ", 216 , 58 
서울,강남구,여,100세 이상, - , - , - , - , - , - , - , - , - , - , - , - , - , - , - 
서울,강동구,남,0~9세," 2,130,210 ", 49 , 10 ," 3,356,310 ", 73 , 12 ," 6,440,480 ", 108 , 26 ," 4,670,860 ", 59 , 25 ," 9,768,350 ", 146 , 38 
서울,강동구,남,10~19세," 30,125,530 ", 569 , 115 ," 36,424,830 ", 638 , 113 ," 54,522,470 ", 957 , 175 ," 72,082,950 "," 1,162 ", 178 ," 79,265,720 "," 1,169 ", 176 
서울,강동구,남,20~29세," 131,409,430 "," 2,586 ", 406 ," 134,543,090 "," 2,542 ", 396 ," 186,340,080 "," 3,358 ", 508 ," 188,475,730 "," 3,046 ", 521 ," 205,773,160 "," 3,083 ", 522 
서울,강동구,남,30~39세," 138,574,700 "," 2,687 ", 468 ," 153,021,480 "," 2,852 ", 460 ," 213,574,390 "," 3,660 ", 591 ," 225,776,140 "," 3,720 ", 700 ," 216,245,840 "," 3,504 ", 617 
서울,강동구,남,40~49세," 151,187,980 "," 3,172 ", 560 ," 166,669,740 "," 3,455 ", 575 ," 214,237,840 "," 3,946 ", 668 ," 244,885,490 "," 4,344 ", 757 ," 277,645,130 "," 4,459 ", 727 
서울,강동구,남,50~59세," 135,610,480 "," 2,739 ", 512 ," 134,060,800 "," 2,863 ", 547 ," 144,331,150 "," 2,903 ", 564 ," 163,683,810 "," 3,170 ", 597 ," 186,226,980 "," 3,412 ", 624 
서울,강동구,남,60~69세," 118,151,670 "," 2,521 ", 517 ," 107,679,410 "," 2,591 ", 538 ," 133,712,720 "," 2,858 ", 566 ," 138,716,630 "," 2,919 ", 603 ," 157,064,180 "," 3,072 ", 610 
서울,강동구,남,70~79세," 153,165,540 "," 3,075 ", 617 ," 181,766,490 "," 3,342 ", 672 ," 175,901,070 "," 3,177 ", 678 ," 141,869,140 "," 2,714 ", 594 ," 146,658,330 "," 2,773 ", 614 
서울,강동구,남,80~89세," 37,664,250 ", 787 , 170 ," 43,393,340 ", 867 , 179 ," 36,955,550 ", 842 , 187 ," 72,600,060 "," 1,022 ", 190 ," 35,865,830 ", 854 , 213 
서울,강동구,남,90~99세," 2,591,730 ", 74 , 13 ," 2,135,480 ", 72 , 19 ," 2,228,980 ", 60 , 17 ," 2,283,780 ", 46 , 18 ," 3,992,370 ", 55 , 23 
서울,강동구,남,100세 이상, - , - , - , - , - , - , - , - , - , - , - , - , - , - , - 
서울,강동구,여,0~9세," 3,394,240 ", 80 , 10 ," 5,858,890 ", 146 , 20 ," 5,784,910 ", 125 , 19 ," 6,475,450 ", 88 , 23 ," 8,309,810 ", 123 , 33 
서울,강동구,여,10~19세," 30,469,130 ", 608 , 120 ," 30,564,670 ", 585 , 115 ," 80,923,880 "," 1,380 ", 185 ," 110,672,660 "," 1,658 ", 275 ," 96,229,360 "," 1,371 ", 249 
서울,강동구,여,20~29세," 134,904,760 "," 2,616 ", 494 ," 179,675,850 "," 3,078 ", 563 ," 306,454,780 "," 4,904 ", 800 ," 392,854,600 "," 6,050 ", 939 ," 348,792,810 "," 5,174 ", 848 
서울,강동구,여,30~39세," 183,212,520 "," 3,704 ", 623 ," 222,658,790 "," 4,234 ", 668 ," 298,174,960 "," 5,264 ", 820 ," 367,180,510 "," 6,059 ", 945 ," 386,706,340 "," 5,925 ", 969 
서울,강동구,여,40~49세," 218,616,210 "," 4,576 ", 736 ," 214,680,350 "," 4,485 ", 764 ," 273,227,580 "," 5,183 ", 857 ," 323,275,710 "," 5,835 ", 969 ," 372,076,060 "," 6,231 "," 1,031 "
서울,강동구,여,50~59세," 218,415,240 "," 5,033 ", 910 ," 199,893,380 "," 4,472 ", 873 ," 234,001,630 "," 4,774 ", 895 ," 250,799,360 "," 4,986 ", 960 ," 271,934,570 "," 5,159 ", 969 
서울,강동구,여,60~69세," 207,610,140 "," 4,875 ", 961 ," 225,050,060 "," 5,494 "," 1,007 "," 298,062,050 "," 6,160 "," 1,183 "," 316,644,640 "," 6,516 "," 1,216 "," 316,454,680 "," 5,957 "," 1,191 "
서울,강동구,여,70~79세," 113,689,230 "," 2,706 ", 605 ," 134,952,070 "," 3,142 ", 665 ," 149,644,050 "," 3,322 ", 715 ," 160,442,670 "," 3,615 ", 753 ," 167,806,470 "," 3,634 ", 747 
서울,강동구,여,80~89세," 55,836,340 "," 1,269 ", 287 ," 47,781,210 "," 1,337 ", 282 ," 53,964,060 "," 1,267 ", 295 ," 50,155,680 "," 1,180 ", 285 ," 66,269,370 "," 1,446 ", 294 
서울,강동구,여,90~99세," 4,768,290 ", 160 , 36 ," 3,656,750 ", 118 , 34 ," 4,248,600 ", 131 , 36 ," 6,973,620 ", 207 , 46 ," 11,215,060 ", 222 , 43 
서울,강동구,여,100세 이상, - , - , - , - , - , - , - , - , - , - , - , - , - , - , - 
서울,강서구,남,0~9세, - , - , - , - , - , - ," 2,640,090 ", 24 , 13 ," 2,976,900 ", 41 , 13 ," 6,387,200 ", 66 , 22 
서울,강서구,남,10~19세," 19,566,730 ", 344 , 64 ," 42,488,590 ", 560 , 103 ," 57,145,780 ", 790 , 127 ," 61,043,880 ", 814 , 130 ," 69,868,980 ", 881 , 152 
서울,강서구,남,20~29세," 90,543,590 "," 1,556 ", 302 ," 127,360,960 "," 2,005 ", 336 ," 196,131,810 "," 2,934 ", 484 ," 245,856,490 "," 3,449 ", 571 ," 244,833,350 "," 3,123 ", 552 
서울,강서구,남,30~39세," 147,050,220 "," 2,505 ", 452 ," 186,040,180 "," 3,041 ", 508 ," 244,261,000 "," 3,690 ", 592 ," 318,188,670 "," 4,479 ", 708 ," 367,079,190 "," 4,659 ", 797 
서울,강서구,남,40~49세," 148,326,550 "," 2,712 ", 487 ," 175,261,930 "," 3,038 ", 518 ," 272,513,350 "," 4,217 ", 648 ," 294,514,110 "," 4,411 ", 750 ," 328,674,290 "," 4,549 ", 792 
서울,강서구,남,50~59세," 93,704,370 "," 2,181 ", 412 ," 108,573,940 "," 2,332 ", 407 ," 138,946,270 "," 2,647 ", 465 ," 179,268,650 "," 3,136 ", 539 ," 196,902,840 "," 3,200 ", 595 
서울,강서구,남,60~69세," 51,611,940 "," 1,301 ", 309 ," 63,011,930 "," 1,518 ", 326 ," 85,761,510 "," 1,942 ", 400 ," 102,953,090 "," 2,121 ", 432 ," 128,536,250 "," 2,394 ", 472 
서울,강서구,남,70~79세," 31,163,030 "," 1,046 ", 231 ," 41,158,510 "," 1,187 ", 264 ," 46,572,450 "," 1,354 ", 271 ," 55,241,530 "," 1,433 ", 302 ," 66,641,550 "," 1,536 ", 303 
서울,강서구,남,80~89세," 13,590,760 ", 465 , 100 ," 11,099,750 ", 470 , 105 ," 12,466,950 ", 522 , 104 ," 18,452,680 ", 648 , 136 ," 23,252,870 ", 722 , 146 
서울,강서구,남,90~99세," 1,114,810 ", 39 , 13 ," 795,180 ", 39 , 12 ," 647,160 ", 34 , 11 ," 534,840 ", 25 , 12 ," 1,290,260 ", 91 , 10 
서울,강서구,남,100세 이상, - , - , - , - , - , - , - , - , - , - , - , - , - , - , - 
서울,강서구,여,0~9세, - , - , - , - , - , - ," 3,170,750 ", 30 , 11 ," 4,125,810 ", 43 , 19 ," 4,639,840 ", 55 , 17 
서울,강서구,여,10~19세," 25,857,410 ", 400 , 98 ," 48,741,540 ", 668 , 130 ," 63,446,340 ", 852 , 158 ," 105,395,900 "," 1,252 ", 241 ," 119,292,790 "," 1,423 ", 245 
서울,강서구,여,20~29세," 163,245,280 "," 2,684 ", 539 ," 243,923,650 "," 3,789 ", 681 ," 361,909,980 "," 5,256 ", 866 ," 453,778,730 "," 6,058 "," 1,019 "," 461,754,500 "," 5,605 "," 1,061 "
서울,강서구,여,30~39세," 217,126,570 "," 3,808 ", 592 ," 288,540,640 "," 4,551 ", 726 ," 412,925,230 "," 6,065 ", 889 ," 495,043,510 "," 6,808 "," 1,113 "," 554,951,870 "," 7,052 "," 1,238 "
서울,강서구,여,40~49세," 162,242,810 "," 3,248 ", 559 ," 202,208,810 "," 3,800 ", 650 ," 262,500,990 "," 4,549 ", 777 ," 351,743,690 "," 5,452 ", 910 ," 398,671,860 "," 5,774 ", 954 
서울,강서구,여,50~59세," 115,532,040 "," 2,697 ", 583 ," 152,042,070 "," 3,194 ", 616 ," 190,274,840 "," 3,679 ", 676 ," 239,375,380 "," 4,204 ", 773 ," 274,883,410 "," 4,356 ", 838 
서울,강서구,여,60~69세," 89,429,770 "," 2,585 ", 626 ," 124,694,580 "," 2,998 ", 716 ," 164,746,140 "," 3,621 ", 798 ," 208,849,810 "," 4,350 ", 882 ," 230,924,210 "," 4,362 ", 882 
서울,강서구,여,70~79세," 44,695,230 "," 1,471 ", 415 ," 60,232,770 "," 1,764 ", 460 ," 83,055,750 "," 2,085 ", 500 ," 110,123,330 "," 2,461 ", 564 ," 116,525,030 "," 2,520 ", 584 
서울,강서구,여,80~89세," 22,234,750 ", 841 , 236 ," 19,016,550 ", 787 , 214 ," 65,234,480 "," 1,063 ", 256 ," 26,456,630 ", 824 , 236 ," 36,803,920 "," 1,089 ", 281 
서울,강서구,여,90~99세," 3,595,280 ", 133 , 35 ," 5,168,350 ", 223 , 39 ," 3,941,180 ", 182 , 43 ," 4,555,000 ", 160 , 37 ," 5,428,070 ", 181 , 46 
서울,강서구,여,100세 이상, - , - , - , - , - , - , - , - , - , - , - , - , - , - , - 
서울,관악구,남,0~9세, - , - , - ," 2,501,660 ", 28 , 11 , - , - , - ," 9,670,400 ", 110 , 13 ," 8,751,630 ", 85 , 14 
서울,관악구,남,10~19세," 43,041,240 ", 567 , 100 ," 36,115,920 ", 444 , 84 ," 54,746,980 ", 660 , 103 ," 61,361,820 ", 760 , 118 ," 59,797,850 ", 723 , 117 
서울,관악구,남,20~29세," 156,067,360 "," 3,024 ", 581 ," 169,334,240 "," 3,149 ", 624 ," 230,915,490 "," 3,998 ", 715 ," 276,242,700 "," 4,471 ", 816 ," 299,196,640 "," 4,466 ", 806 
서울,관악구,남,30~39세," 142,798,130 "," 2,984 ", 516 ," 179,345,420 "," 3,481 ", 558 ," 241,963,730 "," 4,317 ", 680 ," 271,332,740 "," 4,536 ", 746 ," 328,407,630 "," 5,003 ", 779 
서울,관악구,남,40~49세," 94,125,170 "," 2,104 ", 412 ," 107,184,200 "," 2,294 ", 412 ," 129,894,100 "," 2,609 ", 432 ," 166,703,010 "," 3,061 ", 501 ," 190,294,860 "," 3,298 ", 507 
서울,관악구,남,50~59세," 56,927,620 "," 1,461 ", 306 ," 67,165,200 "," 1,624 ", 336 ," 87,088,390 "," 1,995 ", 379 ," 113,540,650 "," 2,244 ", 431 ," 128,946,770 "," 2,429 ", 449 
서울,관악구,남,60~69세," 42,416,420 "," 1,317 ", 276 ," 55,019,090 "," 1,520 ", 315 ," 69,326,910 "," 1,729 ", 362 ," 79,052,660 "," 1,925 ", 373 ," 102,037,290 "," 2,126 ", 405 
서울,관악구,남,70~79세," 36,361,050 "," 1,198 ", 283 ," 37,375,750 "," 1,189 ", 281 ," 49,838,440 "," 1,451 ", 335 ," 52,044,020 "," 1,591 ", 325 ," 53,771,460 "," 1,510 ", 295 
서울,관악구,남,80~89세," 18,923,330 ", 555 , 110 ," 19,957,720 ", 608 , 129 ," 23,573,480 ", 747 , 149 ," 25,132,840 ", 837 , 174 ," 27,389,760 ", 852 , 187 
서울,관악구,남,90~99세, - , - , - , - , - , - , - , - , - , - , - , - , - , - , - 
서울,관악구,남,100세 이상, - , - , - , - , - , - , - , - , - , - , - , - , - , - , - 
서울,관악구,여,0~9세, - , - , - , - , - , - , - , - , - ," 6,186,050 ", 78 , 13 ," 7,034,520 ", 84 , 20 
서울,관악구,여,10~19세," 26,615,940 ", 402 , 98 ," 28,305,950 ", 424 , 89 ," 61,511,690 ", 908 , 145 ," 56,183,250 ", 789 , 158 ," 62,859,300 ", 733 , 152 
서울,관악구,여,20~29세," 236,295,950 "," 4,675 ", 926 ," 290,742,730 "," 5,294 ", 979 ," 434,109,950 "," 7,029 "," 1,231 "," 534,764,740 "," 8,144 "," 1,381 "," 528,460,180 "," 7,533 "," 1,309 "
서울,관악구,여,30~39세," 155,300,690 "," 3,235 ", 589 ," 216,131,530 "," 4,087 ", 630 ," 301,895,790 "," 5,111 ", 765 ," 350,959,760 "," 5,536 ", 876 ," 403,454,560 "," 5,924 ", 890 
서울,관악구,여,40~49세," 100,185,320 "," 2,194 ", 455 ," 115,888,500 "," 2,462 ", 429 ," 151,850,440 "," 2,953 ", 500 ," 199,117,230 "," 3,578 ", 596 ," 217,305,150 "," 3,633 ", 641 
서울,관악구,여,50~59세," 94,235,810 "," 2,361 ", 551 ," 103,265,390 "," 2,552 ", 595 ," 132,241,070 "," 3,018 ", 679 ," 151,059,970 "," 3,257 ", 664 ," 170,181,180 "," 3,333 ", 625 
서울,관악구,여,60~69세," 87,501,710 "," 2,454 ", 575 ," 98,420,000 "," 2,734 ", 620 ," 137,568,500 "," 3,717 ", 828 ," 161,450,760 "," 4,051 ", 847 ," 178,386,950 "," 3,991 ", 813 
서울,관악구,여,70~79세," 60,049,380 "," 1,912 ", 500 ," 77,827,680 "," 2,199 ", 542 ," 91,226,250 "," 2,768 ", 636 ," 95,651,390 "," 2,836 ", 610 ," 111,316,410 "," 2,885 ", 617 
서울,관악구,여,80~89세," 23,363,760 ", 744 , 182 ," 26,103,990 ", 800 , 204 ," 32,599,760 ", 925 , 220 ," 35,195,300 "," 1,011 ", 240 ," 33,538,680 "," 1,011 ", 255 
서울,관악구,여,90~99세," 26,949,260 ", 409 , 18 ," 27,824,290 ", 414 , 19 ," 18,610,250 ", 317 , 28 ," 4,698,550 ", 132 , 33 ," 3,026,360 ", 104 , 24 
서울,관악구,여,100세 이상, - , - , - , - , - , - , - , - , - , - , - , - , - , - , - 
서울,구로구,남,0~9세," 3,106,580 ", 39 , 19 ," 3,771,910 ", 39 , 10 ," 3,343,090 ", 60 , 13 ," 4,174,790 ", 53 , 15 ," 2,986,460 ", 44 , 17 
서울,구로구,남,10~19세," 33,841,600 ", 499 , 84 ," 29,311,680 ", 446 , 68 ," 24,770,290 ", 366 , 86 ," 32,289,710 ", 478 , 81 ," 27,681,030 ", 410 , 79 
서울,구로구,남,20~29세," 103,084,400 "," 1,747 ", 337 ," 124,528,000 "," 2,166 ", 389 ," 139,423,120 "," 2,343 ", 423 ," 177,392,120 "," 2,591 ", 456 ," 170,858,630 "," 2,455 ", 431 
서울,구로구,남,30~39세," 126,266,770 "," 2,398 ", 530 ," 140,584,660 "," 2,660 ", 524 ," 170,002,280 "," 3,020 ", 578 ," 214,404,270 "," 3,370 ", 606 ," 204,770,750 "," 3,016 ", 573 
서울,구로구,남,40~49세," 127,999,370 "," 2,620 ", 466 ," 132,433,970 "," 2,733 ", 511 ," 167,614,990 "," 3,292 ", 587 ," 193,476,340 "," 3,488 ", 643 ," 216,287,870 "," 3,483 ", 622 
서울,구로구,남,50~59세," 91,477,040 "," 1,850 ", 388 ," 98,755,630 "," 2,051 ", 396 ," 126,429,550 "," 2,398 ", 445 ," 131,522,120 "," 2,646 ", 529 ," 141,498,240 "," 2,712 ", 501 
서울,구로구,남,60~69세," 76,022,300 "," 1,709 ", 386 ," 73,232,260 "," 1,759 ", 400 ," 78,722,000 "," 1,900 ", 442 ," 95,144,780 "," 2,118 ", 412 ," 101,437,060 "," 2,143 ", 442 
서울,구로구,남,70~79세," 39,633,910 "," 1,025 ", 253 ," 32,696,600 "," 1,004 ", 252 ," 51,336,840 "," 1,369 ", 281 ," 56,640,220 "," 1,452 ", 302 ," 54,390,650 "," 1,387 ", 284 
서울,구로구,남,80~89세," 15,796,880 ", 403 , 82 ," 14,977,850 ", 418 , 94 ," 14,009,060 ", 455 , 85 ," 17,666,600 ", 511 , 104 ," 17,060,510 ", 504 , 108 
서울,구로구,남,90~99세, - , - , - , - , - , - , - , - , - , - , - , - , - , - , - 
서울,구로구,남,100세 이상, - , - , - , - , - , - , - , - , - , - , - , - , - , - , - 
서울,구로구,여,0~9세," 3,986,660 ", 32 , 21 , - , - , - ," 4,878,640 ", 38 , 15 , - , - , - ," 3,109,730 ", 28 , 13 
서울,구로구,여,10~19세," 28,738,790 ", 389 , 101 ," 19,989,240 ", 329 , 79 ," 26,018,670 ", 420 , 110 ," 41,776,220 ", 532 , 114 ," 26,498,470 ", 400 , 101 
서울,구로구,여,20~29세," 159,065,160 "," 2,734 ", 533 ," 190,926,100 "," 3,202 ", 611 ," 234,058,790 "," 3,655 ", 728 ," 316,489,190 "," 4,204 ", 824 ," 283,613,210 "," 3,586 ", 675 
서울,구로구,여,30~39세," 169,527,170 "," 3,045 ", 599 ," 192,461,050 "," 3,475 ", 597 ," 237,519,010 "," 4,080 ", 724 ," 311,708,980 "," 4,793 ", 788 ," 296,583,230 "," 4,273 ", 776 
서울,구로구,여,40~49세," 125,651,800 "," 2,613 ", 528 ," 126,485,970 "," 2,679 ", 528 ," 165,269,540 "," 3,169 ", 604 ," 187,357,810 "," 3,344 ", 635 ," 220,639,080 "," 3,640 ", 637 
서울,구로구,여,50~59세," 145,473,120 "," 3,285 ", 680 ," 128,755,600 "," 2,929 ", 648 ," 140,775,990 "," 3,154 ", 680 ," 154,043,520 "," 3,360 ", 671 ," 165,021,230 "," 3,295 ", 658 
서울,구로구,여,60~69세," 136,319,360 "," 3,136 ", 705 ," 161,376,110 "," 3,826 ", 818 ," 173,729,030 "," 4,145 ", 848 ," 197,421,410 "," 4,722 ", 924 ," 192,456,300 "," 4,508 ", 848 
서울,구로구,여,70~79세," 89,043,030 "," 2,042 ", 485 ," 82,665,140 "," 2,251 ", 497 ," 86,616,960 "," 2,536 ", 534 ," 101,680,810 "," 2,662 ", 579 ," 109,732,440 "," 2,834 ", 571 
서울,구로구,여,80~89세," 65,079,610 ", 855 , 181 ," 27,279,220 ", 884 , 189 ," 28,583,280 ", 986 , 221 ," 36,222,550 "," 1,142 ", 251 ," 40,449,610 "," 1,167 ", 254 
서울,구로구,여,90~99세," 2,374,320 ", 70 , 18 ," 2,255,690 ", 87 , 17 ," 1,504,010 ", 62 , 16 ," 2,813,190 ", 112 , 24 ," 2,257,800 ", 88 , 20 
서울,구로구,여,100세 이상, - , - , - , - , - , - , - , - , - , - , - , - , - , - , - 
서울,도봉구,남,0~9세, - , - , - , - , - , - , - , - , - , - , - , - , - , - , - 
서울,도봉구,남,10~19세," 6,166,640 ", 139 , 43 ," 4,951,860 ", 107 , 28 ," 7,557,840 ", 159 , 40 ," 14,658,730 ", 284 , 58 ," 16,632,610 ", 286 , 53 
서울,도봉구,남,20~29세," 59,892,190 "," 1,121 ", 202 ," 50,301,430 "," 1,031 ", 184 ," 53,575,410 "," 1,079 ", 204 ," 57,656,660 "," 1,141 ", 208 ," 66,595,170 "," 1,194 ", 224 
서울,도봉구,남,30~39세," 45,642,490 ", 921 , 174 ," 49,545,330 "," 1,090 ", 187 ," 51,402,430 "," 1,161 ", 215 ," 48,382,930 "," 1,064 ", 207 ," 45,913,610 ", 957 , 196 
서울,도봉구,남,40~49세," 49,042,260 "," 1,092 ", 215 ," 50,258,590 "," 1,112 ", 204 ," 56,536,410 "," 1,277 ", 250 ," 63,337,580 "," 1,365 ", 252 ," 66,325,250 "," 1,390 ", 275 
서울,도봉구,남,50~59세," 53,339,160 "," 1,224 ", 275 ," 54,708,050 "," 1,265 ", 255 ," 58,042,770 "," 1,389 ", 254 ," 64,888,080 "," 1,484 ", 293 ," 69,386,180 "," 1,551 ", 307 
서울,도봉구,남,60~69세," 37,669,440 "," 1,075 ", 231 ," 44,308,710 "," 1,145 ", 254 ," 49,367,570 "," 1,154 ", 274 ," 55,289,610 "," 1,224 ", 283 ," 48,730,580 "," 1,095 ", 269 
서울,도봉구,남,70~79세," 30,370,490 ", 873 , 203 ," 35,486,920 ", 963 , 232 ," 34,935,980 ", 972 , 219 ," 32,942,580 ", 892 , 212 ," 32,384,770 ", 877 , 215 
서울,도봉구,남,80~89세," 11,710,420 ", 338 , 98 ," 13,598,360 ", 310 , 85 ," 12,450,400 ", 359 , 100 ," 13,017,790 ", 379 , 93 ," 14,990,490 ", 419 , 100 
서울,도봉구,남,90~99세," 985,220 ", 35 , 10 ," 1,193,980 ", 45 , 10 ," 1,567,650 ", 65 , 14 ," 1,119,190 ", 37 , 10 , - , - , - 
서울,도봉구,남,100세 이상, - , - , - , - , - , - , - , - , - , - , - , - , - , - , - 
서울,도봉구,여,0~9세, - , - , - , - , - , - , - , - , - , - , - , - , - , - , - 
서울,도봉구,여,10~19세," 9,517,290 ", 202 , 48 ," 12,220,650 ", 295 , 54 ," 13,148,760 ", 285 , 59 ," 14,370,450 ", 284 , 68 ," 13,367,620 ", 270 , 48 
서울,도봉구,여,20~29세," 39,134,360 ", 863 , 217 ," 54,197,120 "," 1,052 ", 224 ," 62,361,970 "," 1,325 ", 271 ," 67,150,770 "," 1,389 ", 298 ," 65,624,520 "," 1,355 ", 272 
서울,도봉구,여,30~39세," 42,278,290 ", 919 , 205 ," 51,715,300 "," 1,127 ", 238 ," 52,887,660 "," 1,174 ", 263 ," 70,187,410 "," 1,558 ", 269 ," 83,935,200 "," 1,745 ", 290 
서울,도봉구,여,40~49세," 73,788,110 "," 1,687 ", 318 ," 72,613,700 "," 1,523 ", 297 ," 89,717,220 "," 1,938 ", 340 ," 87,313,900 "," 1,845 ", 349 ," 95,849,420 "," 2,007 ", 371 
서울,도봉구,여,50~59세," 85,250,400 "," 1,958 ", 466 ," 79,026,160 "," 1,898 ", 432 ," 101,691,430 "," 2,193 ", 451 ," 90,180,850 "," 2,004 ", 438 ," 97,703,160 "," 2,090 ", 440 
서울,도봉구,여,60~69세," 79,084,840 "," 2,018 ", 490 ," 80,079,000 "," 1,936 ", 503 ," 94,538,650 "," 2,387 ", 556 ," 100,072,510 "," 2,483 ", 591 ," 108,127,390 "," 2,423 ", 581 
서울,도봉구,여,70~79세," 74,035,670 "," 1,632 ", 400 ," 77,486,480 "," 1,733 ", 432 ," 63,779,310 "," 1,573 ", 438 ," 73,634,050 "," 1,775 ", 468 ," 67,680,070 "," 1,604 ", 409 
서울,도봉구,여,80~89세," 68,144,530 "," 1,209 ", 176 ," 63,620,360 "," 1,253 ", 214 ," 59,486,400 "," 1,207 ", 224 ," 34,562,550 ", 895 , 230 ," 32,478,270 ", 814 , 206 
서울,도봉구,여,90~99세," 11,996,170 ", 203 , 25 ," 2,304,340 ", 83 , 15 ," 2,471,280 ", 85 , 25 ," 3,411,330 ", 115 , 28 ," 4,290,960 ", 130 , 29 
서울,도봉구,여,100세 이상, - , - , - , - , - , - , - , - , - , - , - , - , - , - , - 
서울,동대문구,남,0~9세, - , - , - , - , - , - , - , - , - , - , - , - , - , - , - 
서울,동대문구,남,10~19세," 32,132,060 ", 388 , 67 ," 23,704,780 ", 257 , 60 ," 22,670,070 ", 288 , 59 ," 20,936,540 ", 246 , 59 ," 21,118,370 ", 210 , 69 
서울,동대문구,남,20~29세," 214,332,450 "," 2,896 ", 448 ," 140,474,210 "," 2,193 ", 419 ," 158,895,420 "," 2,290 ", 448 ," 174,795,900 "," 2,196 ", 449 ," 222,893,620 "," 2,706 ", 484 
서울,동대문구,남,30~39세," 127,994,980 "," 2,093 ", 371 ," 109,201,470 "," 1,984 ", 388 ," 127,711,840 "," 2,121 ", 403 ," 119,866,340 "," 1,930 ", 376 ," 122,466,370 "," 1,834 ", 365 
서울,동대문구,남,40~49세," 122,541,510 "," 2,046 ", 401 ," 110,106,920 "," 1,949 ", 376 ," 124,889,080 "," 2,025 ", 394 ," 126,835,280 "," 1,948 ", 373 ," 151,377,660 "," 2,338 ", 413 
서울,동대문구,남,50~59세," 125,323,210 "," 2,169 ", 431 ," 107,498,800 "," 1,911 ", 387 ," 119,883,920 "," 1,995 ", 394 ," 115,697,940 "," 1,907 ", 378 ," 121,695,510 "," 1,953 ", 391 
서울,동대문구,남,60~69세," 108,965,550 "," 2,074 ", 378 ," 92,470,810 "," 1,853 ", 380 ," 116,397,570 "," 2,056 ", 386 ," 111,726,970 "," 1,998 ", 401 ," 121,131,340 "," 2,153 ", 397 
서울,동대문구,남,70~79세," 78,576,770 "," 1,677 ", 340 ," 54,911,080 "," 1,359 ", 272 ," 57,513,150 "," 1,298 ", 264 ," 58,389,860 "," 1,260 ", 255 ," 66,341,860 "," 1,297 ", 287 
서울,동대문구,남,80~89세," 23,373,920 ", 616 , 140 ," 23,586,820 ", 656 , 124 ," 25,320,790 ", 608 , 119 ," 24,779,550 ", 657 , 131 ," 29,264,130 ", 684 , 141 
서울,동대문구,남,90~99세," 2,870,230 ", 58 , 13 , - , - , - ," 1,663,620 ", 48 , 11 , - , - , - , - , - , - 
서울,동대문구,남,100세 이상, - , - , - , - , - , - , - , - , - , - , - , - , - , - , - 
서울,동대문구,여,0~9세, - , - , - , - , - , - , - , - , - , - , - , - , - , - , - 
서울,동대문구,여,10~19세," 42,287,900 ", 584 , 99 ," 33,275,380 ", 388 , 80 ," 25,286,260 ", 347 , 81 ," 37,953,300 ", 492 , 102 ," 47,678,190 ", 546 , 111 
서울,동대문구,여,20~29세," 178,275,980 "," 2,740 ", 577 ," 181,673,480 "," 2,856 ", 546 ," 207,832,180 "," 3,412 ", 655 ," 235,395,070 "," 3,350 ", 698 ," 263,984,830 "," 3,429 ", 711 
서울,동대문구,여,30~39세," 149,021,160 "," 2,240 ", 415 ," 139,769,510 "," 2,235 ", 421 ," 146,537,150 "," 2,332 ", 439 ," 162,917,850 "," 2,311 ", 440 ," 201,025,570 "," 2,636 ", 507 
서울,동대문구,여,40~49세," 143,091,620 "," 2,265 ", 456 ," 132,395,140 "," 2,211 ", 436 ," 147,725,200 "," 2,468 ", 441 ," 159,452,960 "," 2,567 ", 477 ," 184,809,350 "," 2,746 ", 523 
서울,동대문구,여,50~59세," 187,444,530 "," 2,944 ", 625 ," 130,056,550 "," 2,224 ", 549 ," 159,479,280 "," 2,622 ", 530 ," 166,126,300 "," 2,589 ", 536 ," 172,036,040 "," 2,645 ", 552 
서울,동대문구,여,60~69세," 211,775,930 "," 3,696 ", 796 ," 167,065,060 "," 3,006 ", 705 ," 166,821,390 "," 3,097 ", 710 ," 182,708,360 "," 3,117 ", 673 ," 186,654,780 "," 3,094 ", 650 
서울,동대문구,여,70~79세," 175,090,050 "," 3,014 ", 653 ," 113,695,010 "," 2,486 ", 547 ," 121,429,780 "," 2,422 ", 520 ," 132,503,090 "," 2,440 ", 542 ," 141,693,360 "," 2,455 ", 527 
서울,동대문구,여,80~89세," 49,677,550 ", 971 , 234 ," 47,071,870 "," 1,041 ", 224 ," 50,474,700 "," 1,027 ", 229 ," 56,138,430 "," 1,140 ", 252 ," 59,908,950 "," 1,221 ", 246 
서울,동대문구,여,90~99세," 2,472,690 ", 62 , 19 ," 1,691,900 ", 79 , 17 ," 5,371,390 ", 106 , 24 ," 4,100,760 ", 106 , 28 ," 5,409,920 ", 115 , 24 
서울,동대문구,여,100세 이상, - , - , - , - , - , - , - , - , - , - , - , - , - , - , - 
서울,동작구,남,0~9세, - , - , - , - , - , - , - , - , - , - , - , - ," 3,921,220 ", 38 , 10 
서울,동작구,남,10~19세," 33,866,040 ", 395 , 91 ," 26,291,290 ", 355 , 77 ," 29,054,230 ", 375 , 82 ," 51,410,930 ", 617 , 116 ," 81,321,330 ", 875 , 122 
서울,동작구,남,20~29세," 160,469,410 "," 2,548 ", 492 ," 154,488,950 "," 2,366 ", 454 ," 164,794,030 "," 2,320 ", 443 ," 227,762,980 "," 2,949 ", 506 ," 307,396,540 "," 3,449 ", 554 
서울,동작구,남,30~39세," 131,235,610 "," 2,120 ", 388 ," 161,901,040 "," 2,387 ", 403 ," 172,856,290 "," 2,384 ", 381 ," 193,291,520 "," 2,494 ", 479 ," 268,821,250 "," 3,195 ", 542 
서울,동작구,남,40~49세," 129,866,590 "," 2,184 ", 404 ," 125,037,550 "," 2,010 ", 385 ," 141,870,600 "," 2,143 ", 424 ," 174,043,470 "," 2,462 ", 450 ," 214,863,320 "," 2,753 ", 483 
서울,동작구,남,50~59세," 80,875,900 "," 1,581 ", 391 ," 82,044,370 "," 1,546 ", 370 ," 87,853,540 "," 1,586 ", 372 ," 112,760,860 "," 1,901 ", 387 ," 128,752,890 "," 1,923 ", 403 
서울,동작구,남,60~69세," 65,651,610 "," 1,383 ", 336 ," 69,223,380 "," 1,518 ", 352 ," 75,875,750 "," 1,606 ", 359 ," 90,862,410 "," 1,729 ", 402 ," 102,681,740 "," 1,879 ", 429 
서울,동작구,남,70~79세," 43,751,790 "," 1,159 ", 314 ," 36,852,880 "," 1,162 ", 305 ," 44,786,620 "," 1,179 ", 294 ," 50,941,180 "," 1,164 ", 297 ," 52,031,280 "," 1,207 ", 290 
서울,동작구,남,80~89세," 15,548,090 ", 438 , 123 ," 21,070,050 ", 482 , 129 ," 19,145,290 ", 504 , 128 ," 25,723,060 ", 617 , 160 ," 27,527,970 ", 694 , 180 
서울,동작구,남,90~99세," 1,187,030 ", 42 , 10 ," 770,760 ", 31 , 10 ," 1,200,370 ", 45 , 11 ," 2,605,860 ", 74 , 14 ," 2,509,610 ", 65 , 16 
서울,동작구,남,100세 이상, - , - , - , - , - , - , - , - , - , - , - , - , - , - , - 
서울,동작구,여,0~9세, - , - , - , - , - , - , - , - , - ," 4,162,490 ", 50 , 14 ," 3,052,720 ", 28 , 14 
서울,동작구,여,10~19세," 31,286,660 ", 462 , 115 ," 34,404,080 ", 474 , 90 ," 56,132,700 ", 732 , 116 ," 73,120,080 ", 821 , 167 ," 103,066,820 "," 1,041 ", 200 
서울,동작구,여,20~29세," 174,364,390 "," 2,617 ", 600 ," 215,881,950 "," 3,010 ", 587 ," 249,198,920 "," 3,453 ", 658 ," 370,846,210 "," 4,542 ", 866 ," 554,520,480 "," 6,231 ", 981 
서울,동작구,여,30~39세," 176,367,630 "," 2,548 ", 494 ," 171,882,600 "," 2,436 ", 451 ," 198,889,720 "," 2,742 ", 496 ," 276,992,370 "," 3,421 ", 644 ," 419,947,290 "," 4,765 ", 788 
서울,동작구,여,40~49세," 109,505,500 "," 1,937 ", 449 ," 129,162,110 "," 2,155 ", 458 ," 176,170,840 "," 2,664 ", 494 ," 232,810,280 "," 3,147 ", 592 ," 279,336,750 "," 3,421 ", 642 
서울,동작구,여,50~59세," 119,692,130 "," 2,524 ", 663 ," 127,927,410 "," 2,488 ", 597 ," 148,114,770 "," 2,728 ", 623 ," 191,044,610 "," 3,192 ", 696 ," 221,117,550 "," 3,359 ", 693 
서울,동작구,여,60~69세," 107,413,990 "," 2,279 ", 673 ," 121,123,500 "," 2,684 ", 710 ," 154,887,410 "," 3,132 ", 745 ," 179,048,930 "," 3,375 ", 820 ," 195,915,680 "," 3,376 ", 788 
서울,동작구,여,70~79세," 84,854,870 "," 2,003 ", 541 ," 97,476,270 "," 2,163 ", 533 ," 125,350,250 "," 2,634 ", 628 ," 131,932,390 "," 2,622 ", 626 ," 115,744,570 "," 2,385 ", 614 
서울,동작구,여,80~89세," 35,061,940 ", 851 , 231 ," 32,740,410 ", 873 , 229 ," 38,319,500 ", 946 , 258 ," 54,944,270 "," 1,137 ", 300 ," 56,758,110 "," 1,208 ", 292 
서울,동작구,여,90~99세," 2,670,620 ", 81 , 24 ," 3,579,860 ", 89 , 24 ," 4,903,100 ", 138 , 33 ," 3,827,250 ", 111 , 28 ," 3,080,050 ", 82 , 25 
서울,동작구,여,100세 이상, - , - , - , - , - , - , - , - , - , - , - , - , - , - , - 
서울,마포구,남,0~9세, - , - , - ," 2,119,740 ", 51 , 13 ," 3,806,630 ", 49 , 10 ," 3,625,070 ", 79 , 15 ," 2,122,270 ", 37 , 11 
서울,마포구,남,10~19세," 25,838,270 ", 438 , 84 ," 49,828,370 ", 746 , 118 ," 62,137,280 ", 935 , 136 ," 75,993,980 ", 905 , 171 ," 92,826,520 ", 969 , 168 
서울,마포구,남,20~29세," 204,931,300 "," 3,995 ", 676 ," 246,510,240 "," 4,442 ", 748 ," 404,014,390 "," 6,217 ", 909 ," 407,803,350 "," 5,844 "," 1,012 "," 468,712,950 "," 6,056 "," 1,027 "
서울,마포구,남,30~39세," 236,787,390 "," 4,521 ", 784 ," 282,723,350 "," 5,069 ", 806 ," 372,229,410 "," 5,881 ", 936 ," 439,291,760 "," 6,237 "," 1,074 "," 524,498,480 "," 6,660 "," 1,144 "
서울,마포구,남,40~49세," 221,151,030 "," 4,676 ", 794 ," 226,538,690 "," 4,471 ", 769 ," 318,134,320 "," 5,347 ", 848 ," 404,352,180 "," 6,090 ", 969 ," 442,303,710 "," 6,119 "," 1,026 "
서울,마포구,남,50~59세," 115,335,390 "," 2,871 ", 535 ," 134,882,730 "," 3,073 ", 526 ," 184,216,730 "," 3,574 ", 615 ," 206,437,630 "," 3,775 ", 674 ," 256,606,360 "," 4,291 ", 735 
서울,마포구,남,60~69세," 50,817,170 "," 1,431 ", 318 ," 66,117,340 "," 1,660 ", 338 ," 85,021,300 "," 1,805 ", 376 ," 94,871,170 "," 1,951 ", 398 ," 98,259,240 "," 2,022 ", 412 
서울,마포구,남,70~79세," 29,465,490 ", 962 , 210 ," 30,523,330 "," 1,011 ", 237 ," 28,352,290 ", 815 , 224 ," 35,492,140 ", 863 , 224 ," 38,826,500 ", 959 , 218 
서울,마포구,남,80~89세," 13,035,150 ", 526 , 105 ," 15,547,370 ", 594 , 111 ," 20,184,970 ", 603 , 119 ," 17,575,830 ", 639 , 144 ," 17,839,890 ", 610 , 129 
서울,마포구,남,90~99세, - , - , - , - , - , - , - , - , - ," 2,357,000 ", 51 , 12 ," 1,106,500 ", 35 , 14 
서울,마포구,남,100세 이상, - , - , - , - , - , - , - , - , - , - , - , - , - , - , - 
서울,마포구,여,0~9세, - , - , - ," 2,152,780 ", 72 , 10 ," 4,127,640 ", 79 , 16 ," 3,419,460 ", 50 , 13 ," 2,429,640 ", 65 , 10 
서울,마포구,여,10~19세," 54,403,200 "," 1,094 ", 189 ," 55,817,780 "," 1,022 ", 171 ," 71,935,400 "," 1,095 ", 216 ," 96,393,930 "," 1,318 ", 256 ," 121,199,880 "," 1,506 ", 293 
서울,마포구,여,20~29세," 572,588,110 "," 10,798 "," 1,684 "," 757,486,980 "," 12,780 "," 1,840 "," 976,743,870 "," 15,034 "," 2,197 "," 933,615,930 "," 13,474 "," 2,276 "," 1,035,301,310 "," 13,428 "," 2,313 "
서울,마포구,여,30~39세," 426,483,190 "," 8,256 "," 1,252 "," 539,231,750 "," 9,241 "," 1,291 "," 726,294,050 "," 11,122 "," 1,621 "," 830,213,250 "," 11,615 "," 1,829 "," 948,685,170 "," 12,278 "," 2,014 "
서울,마포구,여,40~49세," 263,256,300 "," 5,357 ", 875 ," 290,290,400 "," 5,286 ", 805 ," 393,912,220 "," 6,590 ", 993 ," 430,094,340 "," 6,648 "," 1,102 "," 539,539,640 "," 7,576 "," 1,189 "
서울,마포구,여,50~59세," 147,934,010 "," 3,510 ", 630 ," 172,188,450 "," 3,756 ", 646 ," 244,158,070 "," 4,632 ", 800 ," 275,125,510 "," 4,622 ", 821 ," 317,865,320 "," 4,917 ", 855 
서울,마포구,여,60~69세," 86,305,570 "," 2,209 ", 488 ," 119,303,170 "," 2,881 ", 555 ," 158,220,430 "," 3,466 ", 609 ," 168,368,100 "," 3,442 ", 641 ," 182,784,960 "," 3,451 ", 638 
서울,마포구,여,70~79세," 55,768,760 "," 1,647 ", 382 ," 71,251,930 "," 1,974 ", 429 ," 79,538,700 "," 2,099 ", 430 ," 82,198,220 "," 2,011 ", 447 ," 94,173,930 "," 2,139 ", 436 
서울,마포구,여,80~89세," 21,287,530 ", 772 , 173 ," 25,758,670 ", 914 , 192 ," 29,851,150 "," 1,023 ", 203 ," 38,388,100 "," 1,149 ", 233 ," 39,308,240 "," 1,131 ", 249 
서울,마포구,여,90~99세," 762,700 ", 53 , 11 ," 1,608,420 ", 91 , 24 ," 3,315,730 ", 98 , 21 ," 2,096,370 ", 89 , 20 ," 3,030,860 ", 99 , 25 
서울,마포구,여,100세 이상, - , - , - , - , - , - , - , - , - , - , - , - , - , - , - 
서울,서대문구,남,0~9세," 27,385,510 ", 203 , 71 ," 4,130,550 ", 32 , 22 ," 2,602,390 ", 21 , 10 , - , - , - , - , - , - 
서울,서대문구,남,10~19세," 28,789,080 ", 288 , 69 ," 23,224,300 ", 316 , 58 ," 23,210,710 ", 309 , 55 ," 20,286,410 ", 271 , 63 ," 30,961,810 ", 325 , 67 
서울,서대문구,남,20~29세," 115,151,700 "," 2,163 ", 362 ," 128,015,910 "," 2,213 ", 342 ," 165,741,800 "," 2,703 ", 354 ," 149,614,590 "," 2,381 ", 403 ," 134,870,840 "," 2,058 ", 364 
서울,서대문구,남,30~39세," 82,870,680 "," 1,516 ", 305 ," 78,617,550 "," 1,610 ", 291 ," 115,357,520 "," 2,211 ", 313 ," 126,880,420 "," 2,342 ", 374 ," 124,437,900 "," 2,165 ", 350 
서울,서대문구,남,40~49세," 91,504,730 "," 2,062 ", 386 ," 112,352,290 "," 2,322 ", 374 ," 138,216,330 "," 2,746 ", 379 ," 146,350,740 "," 2,835 ", 410 ," 152,556,710 "," 2,835 ", 412 
서울,서대문구,남,50~59세," 60,355,270 "," 1,473 ", 332 ," 53,902,640 "," 1,279 ", 277 ," 73,224,520 "," 1,672 ", 297 ," 89,297,340 "," 1,919 ", 351 ," 114,052,810 "," 2,364 ", 400 
서울,서대문구,남,60~69세," 45,517,000 "," 1,169 ", 322 ," 40,304,880 "," 1,061 ", 284 ," 52,179,190 "," 1,312 ", 283 ," 53,892,280 "," 1,275 ", 300 ," 58,459,860 "," 1,303 ", 315 
서울,서대문구,남,70~79세," 29,823,630 ", 936 , 255 ," 24,755,830 ", 810 , 201 ," 19,188,070 ", 624 , 154 ," 24,295,250 ", 737 , 193 ," 25,215,590 ", 785 , 219 
서울,서대문구,남,80~89세," 18,525,650 ", 418 , 129 ," 10,416,690 ", 350 , 97 ," 9,248,930 ", 348 , 91 ," 15,452,800 ", 471 , 107 ," 12,396,230 ", 465 , 126 
서울,서대문구,남,90~99세," 2,035,370 ", 38 , 11 , - , - , - , - , - , - , - , - , - , - , - , - 
서울,서대문구,남,100세 이상, - , - , - , - , - , - , - , - , - , - , - , - , - , - , - 
서울,서대문구,여,0~9세," 10,342,630 ", 74 , 35 , - , - , - , - , - , - , - , - , - , - , - , - 
서울,서대문구,여,10~19세," 34,595,590 ", 358 , 120 ," 26,498,640 ", 363 , 79 ," 44,440,070 ", 587 , 102 ," 49,792,230 ", 621 , 132 ," 51,410,020 ", 480 , 114 
서울,서대문구,여,20~29세," 138,968,970 "," 2,254 ", 461 ," 141,121,810 "," 2,191 ", 442 ," 188,322,990 "," 2,890 ", 500 ," 217,532,550 "," 3,187 ", 609 ," 205,160,640 "," 2,790 ", 590 
서울,서대문구,여,30~39세," 114,954,180 "," 2,381 ", 408 ," 121,046,660 "," 2,414 ", 362 ," 175,092,360 "," 3,262 ", 453 ," 180,106,740 "," 3,163 ", 512 ," 168,478,660 "," 2,663 ", 456 
서울,서대문구,여,40~49세," 134,537,150 "," 2,606 ", 533 ," 115,945,230 "," 2,364 ", 450 ," 138,268,890 "," 2,924 ", 471 ," 172,815,400 "," 3,225 ", 525 ," 144,449,950 "," 2,704 ", 472 
서울,서대문구,여,50~59세," 116,943,640 "," 2,646 ", 653 ," 95,109,180 "," 2,263 ", 504 ," 136,761,730 "," 3,010 ", 557 ," 142,637,600 "," 3,014 ", 609 ," 162,648,420 "," 3,232 ", 599 
서울,서대문구,여,60~69세," 137,673,850 "," 3,023 ", 763 ," 109,499,510 "," 2,554 ", 628 ," 117,989,850 "," 2,674 ", 610 ," 123,830,120 "," 2,813 ", 610 ," 125,743,990 "," 2,912 ", 672 
서울,서대문구,여,70~79세," 106,564,790 "," 2,129 ", 610 ," 66,649,270 "," 1,816 ", 491 ," 71,445,910 "," 1,867 ", 489 ," 75,548,930 "," 1,953 ", 494 ," 82,050,330 "," 2,101 ", 520 
서울,서대문구,여,80~89세," 32,964,590 ", 906 , 268 ," 27,058,870 ", 832 , 215 ," 20,078,200 ", 715 , 211 ," 28,587,660 ", 843 , 244 ," 33,632,240 "," 1,096 ", 328 
서울,서대문구,여,90~99세," 2,611,140 ", 83 , 24 ," 1,590,350 ", 139 , 26 ," 1,305,300 ", 107 , 25 ," 1,819,260 ", 115 , 27 ," 2,053,360 ", 121 , 26 
서울,서대문구,여,100세 이상, - , - , - , - , - , - , - , - , - , - , - , - , - , - , - 
서울,성동구,남,0~9세, - , - , - , - , - , - , - , - , - , - , - , - , - , - , - 
서울,성동구,남,10~19세," 9,857,820 ", 159 , 65 ," 12,458,020 ", 192 , 42 ," 34,558,680 ", 358 , 55 ," 34,989,020 ", 450 , 79 ," 35,945,540 ", 395 , 62 
서울,성동구,남,20~29세," 98,299,810 "," 1,518 ", 298 ," 103,115,820 "," 1,605 ", 310 ," 89,847,660 "," 1,557 ", 298 ," 121,670,300 "," 1,754 ", 353 ," 128,185,960 "," 1,683 ", 322 
서울,성동구,남,30~39세," 73,675,340 "," 1,385 ", 289 ," 104,111,610 "," 1,663 ", 301 ," 133,568,400 "," 2,022 ", 365 ," 138,022,080 "," 2,066 ", 376 ," 136,847,980 "," 1,908 ", 326 
서울,성동구,남,40~49세," 77,742,320 "," 1,497 ", 278 ," 81,524,270 "," 1,574 ", 287 ," 109,519,560 "," 1,827 ", 336 ," 114,781,510 "," 1,793 ", 362 ," 122,173,170 "," 1,811 ", 346 
서울,성동구,남,50~59세," 63,679,500 "," 1,335 ", 257 ," 61,020,420 "," 1,241 ", 267 ," 73,046,240 "," 1,353 ", 261 ," 80,791,070 "," 1,382 ", 304 ," 96,978,300 "," 1,519 ", 310 
서울,성동구,남,60~69세," 32,906,700 ", 749 , 194 ," 34,018,960 ", 747 , 214 ," 50,123,870 "," 1,050 ", 231 ," 50,493,870 ", 935 , 230 ," 63,061,970 "," 1,039 ", 241 
서울,성동구,남,70~79세," 30,246,410 ", 878 , 207 ," 23,512,420 ", 711 , 177 ," 31,376,730 ", 716 , 167 ," 29,016,330 ", 721 , 169 ," 25,778,140 ", 618 , 170 
서울,성동구,남,80~89세," 7,399,730 ", 224 , 72 ," 8,650,320 ", 272 , 63 ," 8,142,160 ", 251 , 71 ," 9,357,280 ", 246 , 66 ," 6,227,370 ", 211 , 66 
서울,성동구,남,90~99세, - , - , - , - , - , - , - , - , - , - , - , - ," 1,056,930 ", 60 , 10 
서울,성동구,남,100세 이상, - , - , - , - , - , - , - , - , - , - , - , - , - , - , - 
서울,성동구,여,0~9세, - , - , - , - , - , - , - , - , - , - , - , - , - , - , - 
서울,성동구,여,10~19세," 12,261,160 ", 223 , 80 ," 13,526,470 ", 206 , 61 ," 26,155,970 ", 364 , 87 ," 38,266,520 ", 451 , 119 ," 46,028,970 ", 482 , 105 
서울,성동구,여,20~29세," 109,345,110 "," 1,899 ", 410 ," 128,505,770 "," 2,068 ", 426 ," 173,338,980 "," 2,607 ", 582 ," 240,826,230 "," 3,130 ", 605 ," 245,124,570 "," 2,919 ", 550 
서울,성동구,여,30~39세," 103,757,100 "," 1,830 ", 378 ," 108,652,640 "," 1,915 ", 423 ," 140,400,030 "," 2,226 ", 488 ," 198,816,130 "," 2,751 ", 534 ," 252,371,530 "," 3,214 ", 538 
서울,성동구,여,40~49세," 95,820,900 "," 1,936 ", 430 ," 106,130,890 "," 2,006 ", 415 ," 129,990,480 "," 2,307 ", 446 ," 143,765,570 "," 2,417 ", 468 ," 172,387,130 "," 2,472 ", 490 
서울,성동구,여,50~59세," 88,964,010 "," 2,084 ", 466 ," 90,727,590 "," 2,077 ", 444 ," 96,163,610 "," 2,134 ", 460 ," 99,399,170 "," 2,145 ", 488 ," 114,962,060 "," 2,130 ", 457 
서울,성동구,여,60~69세," 60,985,090 "," 1,749 ", 427 ," 58,078,280 "," 1,663 ", 452 ," 70,287,350 "," 1,875 ", 480 ," 81,115,840 "," 1,913 ", 452 ," 99,851,340 "," 2,034 ", 467 
서울,성동구,여,70~79세," 60,720,880 "," 1,561 ", 377 ," 60,486,580 "," 1,571 ", 382 ," 54,689,770 "," 1,549 ", 358 ," 67,851,390 "," 1,566 ", 359 ," 61,348,660 "," 1,445 ", 354 
서울,성동구,여,80~89세," 18,717,240 ", 604 , 153 ," 21,784,490 ", 678 , 151 ," 23,591,620 ", 705 , 155 ," 25,412,990 ", 776 , 185 ," 25,253,570 ", 732 , 199 
서울,성동구,여,90~99세," 1,915,020 ", 58 , 16 ," 2,290,860 ", 94 , 19 ," 3,835,260 ", 85 , 13 ," 2,405,240 ", 66 , 13 ," 2,017,810 ", 57 , 14 
서울,성동구,여,100세 이상, - , - , - , - , - , - , - , - , - , - , - , - , - , - , - 
서울,성북구,남,0~9세," 1,592,520 ", 13 , 11 ," 14,283,160 ", 96 , 85 ," 3,933,480 ", 49 , 26 ," 1,709,940 ", 20 , 12 ," 10,225,810 ", 76 , 42 
서울,성북구,남,10~19세," 13,563,580 ", 254 , 59 ," 20,364,960 ", 273 , 65 ," 29,958,860 ", 419 , 79 ," 27,787,110 ", 405 , 84 ," 24,774,560 ", 319 , 79 
서울,성북구,남,20~29세," 75,785,370 "," 1,282 ", 268 ," 87,114,930 "," 1,433 ", 289 ," 113,200,310 "," 1,682 ", 336 ," 112,871,470 "," 1,506 ", 313 ," 95,939,530 "," 1,303 ", 290 
서울,성북구,남,30~39세," 55,589,790 "," 1,039 ", 240 ," 59,420,030 "," 1,076 ", 208 ," 87,827,350 "," 1,341 ", 277 ," 92,389,480 "," 1,274 ", 256 ," 82,907,330 "," 1,140 ", 255 
서울,성북구,남,40~49세," 72,453,610 "," 1,485 ", 249 ," 73,269,800 "," 1,411 ", 269 ," 95,825,510 "," 1,678 ", 309 ," 89,008,430 "," 1,419 ", 290 ," 103,800,110 "," 1,505 ", 275 
서울,성북구,남,50~59세," 50,599,210 "," 1,218 ", 278 ," 53,736,380 "," 1,256 ", 279 ," 70,427,060 "," 1,533 ", 337 ," 77,136,570 "," 1,520 ", 321 ," 77,807,290 "," 1,471 ", 294 
서울,성북구,남,60~69세," 48,261,460 "," 1,216 ", 279 ," 41,807,060 "," 1,236 ", 246 ," 51,211,990 "," 1,468 ", 329 ," 47,022,590 "," 1,280 ", 277 ," 53,071,230 "," 1,270 ", 275 
서울,성북구,남,70~79세," 32,710,470 "," 1,116 ", 244 ," 33,760,270 "," 1,285 ", 262 ," 36,352,550 "," 1,289 ", 314 ," 33,104,680 "," 1,088 ", 274 ," 37,904,560 ", 974 , 230 
서울,성북구,남,80~89세," 10,297,980 ", 406 , 109 ," 13,677,780 ", 569 , 143 ," 15,823,050 ", 688 , 157 ," 15,251,970 ", 575 , 155 ," 31,146,650 ", 649 , 152 
서울,성북구,남,90~99세, - , - , - ," 789,710 ", 61 , 12 ," 800,850 ", 44 , 12 , - , - , - ," 435,140 ", 29 , 12 
서울,성북구,남,100세 이상, - , - , - , - , - , - , - , - , - , - , - , - , - , - , - 
서울,성북구,여,0~9세, - , - , - ," 6,187,100 ", 40 , 38 ," 1,768,320 ", 21 , 16 , - , - , - ," 6,126,370 ", 30 , 23 
서울,성북구,여,10~19세," 15,883,830 ", 306 , 78 ," 22,133,560 ", 384 , 97 ," 40,019,060 ", 591 , 127 ," 40,552,170 ", 552 , 118 ," 38,087,260 ", 481 , 107 
서울,성북구,여,20~29세," 78,010,670 "," 1,511 ", 383 ," 135,582,870 "," 2,088 ", 375 ," 198,995,890 "," 2,778 ", 576 ," 227,785,930 "," 2,811 ", 534 ," 206,677,270 "," 2,557 ", 523 
서울,성북구,여,30~39세," 61,397,680 "," 1,274 ", 311 ," 92,080,500 "," 1,687 ", 309 ," 132,242,880 "," 2,059 ", 396 ," 138,455,480 "," 1,862 ", 371 ," 146,412,020 "," 1,908 ", 385 
서울,성북구,여,40~49세," 80,438,540 "," 1,853 ", 438 ," 90,407,810 "," 1,832 ", 413 ," 129,526,450 "," 2,303 ", 525 ," 146,378,520 "," 2,451 ", 482 ," 150,262,720 "," 2,388 ", 468 
서울,성북구,여,50~59세," 96,666,520 "," 2,547 ", 649 ," 90,238,550 "," 2,249 ", 540 ," 113,064,870 "," 2,504 ", 645 ," 123,502,390 "," 2,403 ", 589 ," 142,658,440 "," 2,492 ", 553 
서울,성북구,여,60~69세," 87,022,630 "," 2,381 ", 650 ," 95,739,500 "," 2,738 ", 720 ," 112,606,370 "," 3,194 ", 903 ," 110,639,310 "," 2,652 ", 719 ," 106,821,840 "," 2,218 ", 598 
서울,성북구,여,70~79세," 66,632,850 "," 1,985 ", 526 ," 60,626,780 "," 2,303 ", 578 ," 76,726,260 "," 2,597 ", 687 ," 90,362,890 "," 2,453 ", 623 ," 89,286,880 "," 2,145 ", 523 
서울,성북구,여,80~89세," 24,692,510 ", 710 , 224 ," 27,661,920 "," 1,106 ", 272 ," 33,145,880 "," 1,259 ", 336 ," 29,413,590 "," 1,078 ", 296 ," 34,163,230 "," 1,002 ", 264 
서울,성북구,여,90~99세," 1,547,550 ", 96 , 27 ," 1,976,970 ", 102 , 27 ," 1,598,190 ", 87 , 26 ," 1,723,910 ", 70 , 25 ," 2,234,740 ", 78 , 24 
서울,성북구,여,100세 이상, - , - , - , - , - , - , - , - , - , - , - , - , - , - , - 
서울,영등포구,남,0~9세, - , - , - , - , - , - , - , - , - ," 8,253,780 ", 58 , 13 ," 6,606,950 ", 55 , 13 
서울,영등포구,남,10~19세," 11,571,970 ", 167 , 52 ," 20,718,460 ", 233 , 53 ," 29,314,630 ", 326 , 81 ," 39,499,740 ", 424 , 99 ," 55,746,390 ", 492 , 79 
서울,영등포구,남,20~29세," 147,735,600 "," 2,375 ", 374 ," 141,467,280 "," 2,059 ", 368 ," 189,375,750 "," 2,718 ", 468 ," 216,542,520 "," 2,901 ", 498 ," 226,521,410 "," 3,059 ", 445 
서울,영등포구,남,30~39세," 220,010,030 "," 3,544 ", 546 ," 240,480,180 "," 3,617 ", 548 ," 249,645,570 "," 3,956 ", 585 ," 312,320,700 "," 4,449 ", 729 ," 333,706,430 "," 4,402 ", 737 
서울,영등포구,남,40~49세," 236,703,830 "," 3,819 ", 625 ," 215,164,930 "," 3,457 ", 553 ," 226,866,650 "," 3,770 ", 627 ," 274,556,180 "," 4,038 ", 663 ," 317,422,570 "," 4,387 ", 725 
서울,영등포구,남,50~59세," 131,134,230 "," 2,586 ", 521 ," 137,130,620 "," 2,535 ", 525 ," 147,789,500 "," 2,627 ", 521 ," 186,048,540 "," 3,146 ", 606 ," 224,225,820 "," 3,494 ", 583 
서울,영등포구,남,60~69세," 99,522,070 "," 2,065 ", 458 ," 96,270,420 "," 2,072 ", 389 ," 91,990,380 "," 2,083 ", 397 ," 104,227,920 "," 2,113 ", 379 ," 121,284,630 "," 2,241 ", 422 
서울,영등포구,남,70~79세," 51,482,930 "," 1,246 ", 245 ," 39,634,870 ", 999 , 234 ," 43,936,350 "," 1,023 ", 236 ," 51,411,200 ", 988 , 229 ," 53,965,850 "," 1,082 ", 253 
서울,영등포구,남,80~89세," 14,853,380 ", 383 , 89 ," 19,364,040 ", 491 , 95 ," 22,704,910 ", 517 , 93 ," 20,248,420 ", 466 , 106 ," 22,744,780 ", 489 , 102 
서울,영등포구,남,90~99세, - , - , - , - , - , - , - , - , - , - , - , - ," 637,930 ", 22 , 11 
서울,영등포구,남,100세 이상, - , - , - , - , - , - , - , - , - , - , - , - , - , - , - 
서울,영등포구,여,0~9세, - , - , - , - , - , - , - , - , - ," 6,502,560 ", 61 , 11 ," 7,133,610 ", 69 , 13 
서울,영등포구,여,10~19세," 24,681,950 ", 367 , 81 ," 26,574,900 ", 334 , 75 ," 39,650,020 ", 438 , 92 ," 62,416,350 ", 676 , 129 ," 68,283,870 ", 636 , 136 
서울,영등포구,여,20~29세," 172,456,500 "," 2,523 ", 475 ," 211,508,960 "," 3,084 ", 531 ," 223,933,350 "," 3,321 ", 583 ," 333,547,010 "," 4,219 ", 691 ," 418,641,050 "," 4,676 ", 844 
서울,영등포구,여,30~39세," 236,811,440 "," 3,738 ", 551 ," 265,850,380 "," 4,024 ", 566 ," 282,794,990 "," 4,149 ", 653 ," 349,937,410 "," 4,464 ", 722 ," 485,585,090 "," 5,677 ", 887 
서울,영등포구,여,40~49세," 174,753,750 "," 3,070 ", 581 ," 170,111,070 "," 2,949 ", 511 ," 196,229,430 "," 3,332 ", 556 ," 235,457,140 "," 3,609 ", 620 ," 297,232,300 "," 4,142 ", 718 
서울,영등포구,여,50~59세," 147,805,400 "," 3,154 ", 720 ," 138,583,420 "," 2,816 ", 634 ," 149,889,230 "," 2,815 ", 620 ," 163,788,860 "," 2,896 ", 611 ," 202,703,850 "," 3,346 ", 612 
서울,영등포구,여,60~69세," 134,377,440 "," 2,919 ", 674 ," 130,915,920 "," 2,794 ", 623 ," 150,586,630 "," 3,140 ", 698 ," 177,637,830 "," 3,482 ", 675 ," 172,456,490 "," 3,134 ", 653 
서울,영등포구,여,70~79세," 82,549,370 "," 1,836 ", 485 ," 70,222,330 "," 1,706 ", 458 ," 78,724,650 "," 1,812 ", 458 ," 84,907,090 "," 1,785 ", 457 ," 105,556,020 "," 1,870 ", 431 
서울,영등포구,여,80~89세," 34,706,160 ", 820 , 201 ," 24,976,310 ", 674 , 179 ," 25,972,150 ", 762 , 202 ," 29,252,360 ", 717 , 219 ," 30,485,410 ", 717 , 203 
서울,영등포구,여,90~99세," 1,204,530 ", 33 , 13 ," 1,777,470 ", 88 , 22 ," 1,708,990 ", 44 , 17 ," 2,069,630 ", 51 , 13 ," 2,856,940 ", 92 , 23 
서울,영등포구,여,100세 이상, - , - , - , - , - , - , - , - , - , - , - , - , - , - , - 
서울,용산구,남,0~9세, - , - , - , - , - , - , - , - , - , - , - , - , - , - , - 
서울,용산구,남,10~19세," 10,154,390 ", 119 , 35 ," 14,371,630 ", 157 , 33 ," 13,850,510 ", 150 , 36 ," 16,551,410 ", 172 , 44 ," 19,441,380 ", 171 , 53 
서울,용산구,남,20~29세," 119,132,650 "," 1,297 ", 231 ," 100,971,360 "," 1,301 ", 227 ," 138,407,040 "," 1,626 ", 270 ," 121,420,030 "," 1,326 ", 263 ," 127,708,520 "," 1,285 ", 245 
서울,용산구,남,30~39세," 83,613,340 "," 1,395 ", 253 ," 98,274,860 "," 1,433 ", 251 ," 117,003,490 "," 1,543 ", 315 ," 127,413,810 "," 1,597 ", 375 ," 149,137,920 "," 1,710 ", 368 
서울,용산구,남,40~49세," 57,429,820 ", 915 , 223 ," 76,717,210 "," 1,154 ", 211 ," 86,756,390 "," 1,281 ", 271 ," 89,234,980 "," 1,197 ", 279 ," 95,495,860 "," 1,173 ", 296 
서울,용산구,남,50~59세," 50,016,400 ", 791 , 167 ," 50,901,780 ", 839 , 177 ," 53,965,540 ", 872 , 198 ," 55,046,650 ", 828 , 216 ," 60,467,300 ", 813 , 209 
서울,용산구,남,60~69세," 19,416,360 ", 378 , 120 ," 25,226,980 ", 526 , 139 ," 34,610,710 ", 666 , 158 ," 40,589,970 ", 651 , 159 ," 37,994,210 ", 575 , 157 
서울,용산구,남,70~79세," 14,551,600 ", 290 , 102 ," 7,680,110 ", 307 , 103 ," 11,291,730 ", 311 , 92 ," 10,840,590 ", 300 , 97 ," 15,346,530 ", 304 , 82 
서울,용산구,남,80~89세," 5,838,280 ", 137 , 59 ," 6,462,690 ", 152 , 69 ," 4,164,900 ", 193 , 66 ," 4,785,290 ", 189 , 62 ," 7,089,400 ", 154 , 55 
서울,용산구,남,90~99세, - , - , - , - , - , - , - , - , - , - , - , - , - , - , - 
서울,용산구,남,100세 이상, - , - , - , - , - , - , - , - , - , - , - , - , - , - , - 
서울,용산구,여,0~9세, - , - , - , - , - , - , - , - , - , - , - , - , - , - , - 
서울,용산구,여,10~19세," 15,468,810 ", 226 , 37 ," 16,738,290 ", 169 , 50 ," 32,683,750 ", 349 , 63 ," 24,035,110 ", 251 , 68 ," 27,744,340 ", 240 , 66 
서울,용산구,여,20~29세," 108,195,210 "," 1,713 ", 302 ," 162,929,540 "," 2,332 ", 387 ," 186,385,190 "," 2,622 ", 485 ," 189,723,990 "," 2,299 ", 522 ," 197,972,340 "," 2,184 ", 511 
서울,용산구,여,30~39세," 73,060,430 "," 1,122 ", 285 ," 108,074,820 "," 1,525 ", 314 ," 153,600,630 "," 2,121 ", 420 ," 181,578,550 "," 2,265 ", 536 ," 211,212,670 "," 2,417 ", 559 
서울,용산구,여,40~49세," 57,419,480 ", 928 , 241 ," 56,724,020 ", 880 , 229 ," 84,519,170 "," 1,266 ", 299 ," 112,691,570 "," 1,487 ", 350 ," 113,134,080 "," 1,454 ", 366 
서울,용산구,여,50~59세," 44,194,970 ", 817 , 244 ," 53,548,100 ", 877 , 260 ," 72,541,940 ", 979 , 266 ," 72,824,150 ", 874 , 278 ," 86,727,810 "," 1,097 ", 292 
서울,용산구,여,60~69세," 32,850,770 ", 642 , 227 ," 29,113,360 ", 675 , 242 ," 49,699,760 ", 932 , 296 ," 44,143,890 ", 771 , 263 ," 38,522,780 ", 699 , 235 
서울,용산구,여,70~79세," 13,772,040 ", 436 , 158 ," 17,539,560 ", 496 , 176 ," 18,681,680 ", 529 , 211 ," 16,706,560 ", 415 , 182 ," 21,577,340 ", 440 , 183 
서울,용산구,여,80~89세," 11,632,130 ", 356 , 114 ," 7,493,230 ", 294 , 108 ," 8,930,620 ", 281 , 118 ," 11,274,970 ", 295 , 115 ," 9,262,530 ", 301 , 116 
서울,용산구,여,90~99세," 565,310 ", 39 , 10 ," 561,820 ", 41 , 11 ," 318,700 ", 29 , 12 ," 390,300 ", 32 , 11 ," 835,150 ", 42 , 20 
서울,용산구,여,100세 이상, - , - , - , - , - , - , - , - , - , - , - , - , - , - , - 
서울,은평구,남,0~9세, - , - , - , - , - , - , - , - , - ," 5,034,640 ", 66 , 16 ," 6,509,840 ", 61 , 18 
서울,은평구,남,10~19세," 25,351,030 ", 505 , 94 ," 23,391,390 ", 473 , 92 ," 35,355,540 ", 568 , 107 ," 51,506,240 ", 717 , 120 ," 50,103,020 ", 687 , 116 
서울,은평구,남,20~29세," 133,226,870 "," 2,527 ", 407 ," 146,171,260 "," 2,498 ", 408 ," 136,734,240 "," 2,256 ", 412 ," 136,875,430 "," 2,104 ", 416 ," 139,541,360 "," 1,992 ", 350 
서울,은평구,남,30~39세," 132,491,650 "," 2,524 ", 420 ," 147,420,100 "," 2,554 ", 462 ," 146,506,740 "," 2,515 ", 451 ," 146,264,070 "," 2,385 ", 460 ," 138,905,780 "," 2,180 ", 427 
서울,은평구,남,40~49세," 132,099,190 "," 2,817 ", 471 ," 135,542,350 "," 2,817 ", 487 ," 138,623,440 "," 2,754 ", 511 ," 154,995,990 "," 2,879 ", 558 ," 159,560,600 "," 2,784 ", 505 
서울,은평구,남,50~59세," 96,861,710 "," 2,223 ", 418 ," 88,112,160 "," 2,096 ", 446 ," 107,135,610 "," 2,369 ", 492 ," 123,467,480 "," 2,474 ", 478 ," 128,813,270 "," 2,474 ", 486 
서울,은평구,남,60~69세," 73,889,610 "," 1,862 ", 433 ," 84,261,940 "," 2,085 ", 474 ," 90,480,750 "," 2,264 ", 535 ," 101,943,960 "," 2,395 ", 524 ," 107,631,560 "," 2,348 ", 505 
서울,은평구,남,70~79세," 66,271,480 "," 2,046 ", 442 ," 74,291,230 "," 2,128 ", 440 ," 70,918,720 "," 2,051 ", 441 ," 79,399,460 "," 2,039 ", 432 ," 89,339,720 "," 2,205 ", 428 
서울,은평구,남,80~89세," 28,605,580 ", 959 , 212 ," 30,272,350 ", 967 , 215 ," 30,384,330 ", 978 , 236 ," 32,582,360 "," 1,141 ", 267 ," 37,898,180 "," 1,149 ", 268 
서울,은평구,남,90~99세," 1,561,200 ", 32 , 13 ," 394,810 ", 29 , 13 ," 2,584,610 ", 67 , 12 ," 2,585,600 ", 77 , 17 ," 1,952,440 ", 68 , 15 
서울,은평구,남,100세 이상, - , - , - , - , - , - , - , - , - , - , - , - , - , - , - 
서울,은평구,여,0~9세, - , - , - , - , - , - , - , - , - , - , - , - ," 4,593,410 ", 68 , 10 
서울,은평구,여,10~19세," 43,159,160 ", 875 , 147 ," 47,373,560 ", 895 , 164 ," 44,430,230 ", 743 , 143 ," 55,030,010 ", 805 , 154 ," 58,418,860 ", 727 , 158 
서울,은평구,여,20~29세," 242,106,690 "," 4,857 ", 747 ," 304,234,450 "," 5,754 ", 852 ," 303,866,620 "," 5,407 ", 844 ," 308,781,840 "," 4,975 ", 894 ," 283,681,390 "," 4,207 ", 718 
서울,은평구,여,30~39세," 214,049,500 "," 4,425 ", 716 ," 226,422,990 "," 4,484 ", 703 ," 279,474,500 "," 5,117 ", 845 ," 311,474,900 "," 5,275 ", 877 ," 310,132,000 "," 4,829 ", 793 
서울,은평구,여,40~49세," 189,465,590 "," 4,076 ", 743 ," 189,756,820 "," 4,028 ", 767 ," 216,807,000 "," 4,351 ", 826 ," 229,234,090 "," 4,249 ", 835 ," 244,033,850 "," 4,331 ", 805 
서울,은평구,여,50~59세," 147,859,550 "," 3,593 ", 842 ," 173,048,190 "," 4,053 ", 881 ," 191,894,420 "," 4,204 ", 904 ," 205,644,460 "," 4,306 ", 936 ," 218,915,290 "," 4,133 ", 869 
서울,은평구,여,60~69세," 167,464,850 "," 4,206 ", 951 ," 188,360,020 "," 4,406 ", 969 ," 201,543,730 "," 4,898 "," 1,079 "," 200,680,410 "," 4,705 "," 1,054 "," 220,505,530 "," 4,551 ", 978 
서울,은평구,여,70~79세," 107,074,760 "," 3,045 ", 791 ," 127,310,440 "," 3,391 ", 792 ," 133,178,230 "," 3,664 ", 833 ," 137,796,060 "," 3,409 ", 783 ," 144,326,650 "," 3,534 ", 793 
서울,은평구,여,80~89세," 40,369,650 "," 1,342 ", 302 ," 46,440,160 "," 1,356 ", 349 ," 51,817,250 "," 1,659 ", 375 ," 59,750,860 "," 1,791 ", 404 ," 70,049,120 "," 1,871 ", 430 
서울,은평구,여,90~99세," 3,179,590 ", 136 , 44 ," 3,100,180 ", 162 , 37 ," 2,961,820 ", 149 , 40 ," 3,471,370 ", 112 , 42 ," 2,562,080 ", 100 , 34 
서울,은평구,여,100세 이상, - , - , - , - , - , - , - , - , - , - , - , - , - , - , - 
서울,종로구,남,0~9세," 12,021,670 ", 135 , 45 ," 12,678,040 ", 115 , 60 ," 36,824,230 ", 192 , 87 ," 20,762,260 ", 103 , 62 ," 13,428,570 ", 107 , 47 
서울,종로구,남,10~19세," 73,072,420 ", 691 , 112 ," 30,906,180 ", 351 , 99 ," 43,788,260 ", 390 , 107 ," 50,731,240 ", 477 , 97 ," 48,265,230 ", 501 , 74 
서울,종로구,남,20~29세," 198,248,480 "," 2,907 ", 496 ," 241,532,810 "," 2,961 ", 487 ," 220,954,610 "," 2,738 ", 475 ," 246,245,980 "," 2,526 ", 507 ," 288,688,970 "," 2,768 ", 480 
서울,종로구,남,30~39세," 233,204,090 "," 3,045 ", 593 ," 231,063,740 "," 2,869 ", 549 ," 238,207,590 "," 2,857 ", 547 ," 304,946,180 "," 3,287 ", 620 ," 289,393,940 "," 3,019 ", 610 
서울,종로구,남,40~49세," 252,162,580 "," 3,803 ", 754 ," 240,111,690 "," 3,337 ", 649 ," 253,996,210 "," 3,393 ", 633 ," 314,106,750 "," 3,773 ", 677 ," 330,026,120 "," 3,630 ", 682 
서울,종로구,남,50~59세," 218,804,240 "," 3,456 ", 717 ," 220,731,140 "," 3,287 ", 649 ," 214,695,130 "," 3,214 ", 677 ," 234,445,240 "," 3,218 ", 658 ," 253,181,660 "," 3,209 ", 628 
서울,종로구,남,60~69세," 145,836,620 "," 2,737 ", 559 ," 139,860,630 "," 2,639 ", 550 ," 152,959,800 "," 2,761 ", 523 ," 159,524,600 "," 2,557 ", 508 ," 170,015,710 "," 2,562 ", 480 
서울,종로구,남,70~79세," 179,000,660 "," 3,704 ", 638 ," 163,917,160 "," 3,289 ", 577 ," 170,350,880 "," 3,142 ", 520 ," 163,898,820 "," 2,947 ", 471 ," 157,878,660 "," 2,805 ", 452 
서울,종로구,남,80~89세," 65,836,660 "," 1,454 ", 272 ," 69,724,210 "," 1,511 ", 270 ," 69,470,820 "," 1,439 ", 265 ," 71,397,520 "," 1,429 ", 282 ," 78,341,620 "," 1,520 ", 275 
서울,종로구,남,90~99세," 5,592,990 ", 117 , 19 ," 7,208,600 ", 139 , 22 ," 5,366,180 ", 125 , 20 ," 6,100,920 ", 125 , 24 ," 8,566,840 ", 178 , 29 
서울,종로구,남,100세 이상, - , - , - , - , - , - , - , - , - , - , - , - , - , - , - 
서울,종로구,여,0~9세," 6,811,320 ", 64 , 28 ," 7,568,600 ", 66 , 34 ," 12,252,460 ", 81 , 44 ," 7,055,210 ", 52 , 31 ," 8,252,950 ", 72 , 27 
서울,종로구,여,10~19세," 59,881,260 ", 601 , 116 ," 45,820,260 ", 490 , 120 ," 49,139,970 ", 567 , 126 ," 41,292,430 ", 402 , 133 ," 83,648,480 ", 713 , 138 
서울,종로구,여,20~29세," 416,038,570 "," 4,828 ", 775 ," 451,161,170 "," 4,672 ", 761 ," 422,232,320 "," 4,377 ", 766 ," 557,155,060 "," 5,081 ", 908 ," 532,260,820 "," 4,841 ", 857 
서울,종로구,여,30~39세," 358,369,480 "," 4,819 ", 757 ," 344,608,070 "," 4,325 ", 668 ," 384,630,120 "," 4,570 ", 706 ," 474,103,930 "," 4,642 ", 804 ," 538,606,120 "," 5,064 ", 847 
서울,종로구,여,40~49세," 269,780,210 "," 3,920 ", 744 ," 255,895,490 "," 3,450 ", 650 ," 289,372,570 "," 3,809 ", 639 ," 323,733,930 "," 3,812 ", 706 ," 352,045,400 "," 3,889 ", 718 
서울,종로구,여,50~59세," 277,033,270 "," 5,086 ", 977 ," 280,882,950 "," 4,366 ", 836 ," 255,733,860 "," 4,160 ", 786 ," 287,579,790 "," 4,239 ", 773 ," 310,873,540 "," 4,161 ", 777 
서울,종로구,여,60~69세," 310,422,970 "," 6,131 "," 1,183 "," 304,781,780 "," 5,558 "," 1,098 "," 296,661,740 "," 5,371 "," 1,017 "," 286,604,280 "," 4,971 ", 927 ," 289,839,000 "," 4,790 ", 892 
서울,종로구,여,70~79세," 295,727,110 "," 6,287 "," 1,131 "," 268,683,040 "," 5,469 "," 1,013 "," 260,218,360 "," 5,063 ", 897 ," 242,383,800 "," 4,782 ", 854 ," 250,086,390 "," 4,682 ", 834 
서울,종로구,여,80~89세," 105,226,840 "," 2,387 ", 452 ," 122,856,110 "," 2,512 ", 448 ," 130,020,550 "," 2,751 ", 468 ," 132,921,930 "," 2,821 ", 481 ," 146,144,010 "," 2,989 ", 504 
서울,종로구,여,90~99세," 4,752,810 ", 130 , 30 ," 4,727,550 ", 136 , 31 ," 5,312,020 ", 132 , 29 ," 9,384,730 ", 186 , 41 ," 12,381,630 ", 279 , 48 
서울,종로구,여,100세 이상, - , - , - , - , - , - , - , - , - , - , - , - , - , - , - 
서울,중구,남,0~9세, - , - , - , - , - , - , - , - , - , - , - , - , - , - , - 
서울,중구,남,10~19세," 11,643,270 ", 148 , 30 ," 9,135,300 ", 126 , 24 ," 11,010,920 ", 117 , 30 ," 6,532,590 ", 75 , 19 ," 16,245,020 ", 132 , 24 
서울,중구,남,20~29세," 63,910,390 ", 918 , 207 ," 84,004,420 "," 1,086 ", 214 ," 112,795,570 "," 1,259 ", 244 ," 100,678,420 "," 1,170 ", 243 ," 104,543,100 "," 1,203 ", 246 
서울,중구,남,30~39세," 79,886,730 "," 1,303 ", 303 ," 115,858,650 "," 1,650 ", 312 ," 126,262,710 "," 1,732 ", 358 ," 165,260,200 "," 2,038 ", 419 ," 185,238,850 "," 2,076 ", 432 
서울,중구,남,40~49세," 95,581,760 "," 1,635 ", 346 ," 110,166,250 "," 1,682 ", 343 ," 140,538,460 "," 1,942 ", 385 ," 144,107,490 "," 2,035 ", 430 ," 165,000,760 "," 2,136 ", 461 
서울,중구,남,50~59세," 69,736,170 "," 1,210 ", 325 ," 80,518,670 "," 1,283 ", 292 ," 93,362,770 "," 1,483 ", 319 ," 93,353,250 "," 1,422 ", 308 ," 94,143,290 "," 1,394 ", 329 
서울,중구,남,60~69세," 32,102,430 ", 659 , 177 ," 40,980,070 ", 757 , 197 ," 44,923,250 ", 821 , 210 ," 37,808,090 ", 697 , 182 ," 39,721,730 ", 705 , 196 
서울,중구,남,70~79세," 16,288,930 ", 360 , 107 ," 15,404,520 ", 316 , 93 ," 32,153,630 ", 453 , 102 ," 18,356,720 ", 400 , 104 ," 18,113,840 ", 349 , 92 
서울,중구,남,80~89세," 9,094,680 ", 191 , 44 ," 6,009,170 ", 182 , 45 ," 8,563,360 ", 157 , 40 ," 4,737,440 ", 112 , 31 ," 9,354,300 ", 124 , 37 
서울,중구,남,90~99세, - , - , - , - , - , - , - , - , - , - , - , - , - , - , - 
서울,중구,남,100세 이상, - , - , - , - , - , - , - , - , - , - , - , - , - , - , - 
서울,중구,여,0~9세, - , - , - , - , - , - , - , - , - , - , - , - , - , - , - 
서울,중구,여,10~19세," 5,328,240 ", 81 , 27 ," 7,903,710 ", 119 , 31 ," 16,815,980 ", 191 , 36 ," 13,647,210 ", 155 , 44 ," 17,482,720 ", 175 , 46 
서울,중구,여,20~29세," 100,469,460 "," 1,406 ", 302 ," 197,859,510 "," 2,164 ", 332 ," 241,453,400 "," 2,586 ", 418 ," 241,283,890 "," 2,470 ", 498 ," 256,247,400 "," 2,535 ", 559 
서울,중구,여,30~39세," 111,312,340 "," 1,562 ", 355 ," 145,146,620 "," 1,640 ", 321 ," 206,507,710 "," 2,370 ", 394 ," 226,214,150 "," 2,487 ", 451 ," 253,870,860 "," 2,672 ", 577 
서울,중구,여,40~49세," 70,135,380 "," 1,199 ", 288 ," 89,528,530 "," 1,238 ", 266 ," 126,331,000 "," 1,687 ", 313 ," 130,478,610 "," 1,747 ", 347 ," 163,690,280 "," 1,837 ", 386 
서울,중구,여,50~59세," 66,688,390 "," 1,141 ", 315 ," 51,892,390 ", 888 , 241 ," 58,665,380 ", 952 , 239 ," 68,706,360 "," 1,104 ", 267 ," 77,504,490 "," 1,228 ", 292 
서울,중구,여,60~69세," 49,354,180 ", 974 , 291 ," 57,041,860 ", 954 , 246 ," 85,870,890 "," 1,171 ", 279 ," 64,461,440 "," 1,121 ", 268 ," 65,041,720 "," 1,104 ", 287 
서울,중구,여,70~79세," 36,479,220 ", 759 , 208 ," 36,820,020 ", 635 , 174 ," 30,981,800 ", 616 , 174 ," 34,461,640 ", 578 , 160 ," 35,597,390 ", 635 , 172 
서울,중구,여,80~89세," 12,863,200 ", 212 , 75 ," 20,588,040 ", 254 , 72 ," 29,297,360 ", 352 , 82 ," 14,282,950 ", 312 , 77 ," 15,013,510 ", 293 , 81 
서울,중구,여,90~99세," 1,281,230 ", 40 , 11 ," 1,217,670 ", 55 , 14 ," 1,995,210 ", 75 , 20 ," 1,184,180 ", 29 , 10 ," 1,308,640 ", 34 , 11 
서울,중구,여,100세 이상, - , - , - , - , - , - , - , - , - , - , - , - , - , - , - 
서울,송파구,남,0~9세," 10,932,790 ", 139 , 43 ," 19,199,030 ", 180 , 63 ," 34,287,140 ", 390 , 76 ," 33,933,790 ", 331 , 98 ," 42,084,500 ", 422 , 81 
서울,송파구,남,10~19세," 76,473,240 "," 1,112 ", 192 ," 92,589,850 "," 1,278 ", 210 ," 145,435,410 "," 1,886 ", 262 ," 161,323,180 "," 1,984 ", 320 ," 201,018,590 "," 2,188 ", 341 
서울,송파구,남,20~29세," 231,671,800 "," 3,832 ", 632 ," 279,915,530 "," 4,372 ", 688 ," 370,218,100 "," 5,400 ", 750 ," 392,593,450 "," 5,049 ", 766 ," 493,391,180 "," 5,662 ", 824 
서울,송파구,남,30~39세," 223,739,060 "," 3,730 ", 751 ," 279,790,340 "," 4,339 ", 753 ," 337,011,120 "," 4,959 ", 839 ," 426,037,860 "," 5,576 ", 968 ," 467,104,430 "," 5,673 "," 1,005 "
서울,송파구,남,40~49세," 258,794,460 "," 4,712 ", 898 ," 307,884,900 "," 5,212 ", 919 ," 340,000,580 "," 5,415 ", 925 ," 392,715,330 "," 5,603 ", 999 ," 449,610,580 "," 5,935 "," 1,065 "
서울,송파구,남,50~59세," 190,431,450 "," 3,954 ", 814 ," 217,584,280 "," 4,233 ", 850 ," 243,651,290 "," 4,656 ", 816 ," 313,077,270 "," 5,345 ", 935 ," 359,539,440 "," 5,581 ", 931 
서울,송파구,남,60~69세," 133,714,970 "," 3,305 ", 725 ," 136,165,180 "," 3,232 ", 712 ," 154,522,940 "," 3,513 ", 708 ," 195,323,390 "," 3,686 ", 743 ," 180,082,030 "," 3,374 ", 668 
서울,송파구,남,70~79세," 80,404,590 "," 2,191 ", 509 ," 78,300,100 "," 2,163 ", 497 ," 81,713,500 "," 2,106 ", 463 ," 110,862,530 "," 2,442 ", 547 ," 123,390,230 "," 2,542 ", 499 
서울,송파구,남,80~89세," 34,998,610 ", 985 , 200 ," 36,022,380 "," 1,036 ", 216 ," 29,052,060 ", 962 , 212 ," 33,654,260 ", 986 , 228 ," 31,399,320 ", 876 , 223 
서울,송파구,남,90~99세," 1,899,180 ", 98 , 18 ," 3,358,130 ", 131 , 26 ," 5,457,240 ", 171 , 28 ," 4,374,610 ", 142 , 25 ," 3,180,470 ", 93 , 18 
서울,송파구,남,100세 이상, - , - , - , - , - , - , - , - , - , - , - , - , - , - , - 
서울,송파구,여,0~9세," 5,363,340 ", 50 , 31 ," 30,487,510 ", 303 , 64 ," 41,216,900 ", 443 , 69 ," 45,267,910 ", 480 , 82 ," 50,042,970 ", 483 , 75 
서울,송파구,여,10~19세," 93,619,060 "," 1,459 ", 238 ," 120,850,450 "," 1,660 ", 267 ," 154,612,620 "," 1,958 ", 328 ," 180,180,500 "," 2,117 ", 390 ," 204,034,890 "," 2,262 ", 400 
서울,송파구,여,20~29세," 328,231,960 "," 5,279 ", 915 ," 451,334,240 "," 6,503 "," 1,069 "," 565,012,660 "," 7,783 "," 1,210 "," 670,486,670 "," 8,187 "," 1,332 "," 697,436,320 "," 7,965 "," 1,350 "
서울,송파구,여,30~39세," 343,802,250 "," 6,035 "," 1,069 "," 408,465,430 "," 6,450 "," 1,090 "," 477,495,120 "," 7,228 "," 1,194 "," 647,934,010 "," 8,400 "," 1,441 "," 778,419,830 "," 9,025 "," 1,562 "
서울,송파구,여,40~49세," 311,070,930 "," 5,922 "," 1,147 "," 371,676,650 "," 6,454 "," 1,171 "," 451,281,030 "," 7,678 "," 1,283 "," 578,926,710 "," 8,676 "," 1,441 "," 666,244,400 "," 9,050 "," 1,524 "
서울,송파구,여,50~59세," 263,539,450 "," 6,049 "," 1,381 "," 305,740,420 "," 6,559 "," 1,341 "," 339,422,400 "," 6,893 "," 1,280 "," 410,684,390 "," 7,205 "," 1,370 "," 422,019,490 "," 6,879 "," 1,349 "
서울,송파구,여,60~69세," 236,624,300 "," 5,907 "," 1,450 "," 247,808,220 "," 6,169 "," 1,386 "," 298,568,850 "," 7,025 "," 1,449 "," 350,551,000 "," 7,237 "," 1,483 "," 352,118,060 "," 6,963 "," 1,411 "
서울,송파구,여,70~79세," 149,761,640 "," 3,987 ", 903 ," 175,960,330 "," 4,095 ", 935 ," 161,705,620 "," 4,133 ", 857 ," 196,162,890 "," 4,251 ", 919 ," 189,752,520 "," 4,072 ", 862 
서울,송파구,여,80~89세," 73,381,040 "," 2,101 ", 438 ," 67,895,460 "," 2,191 ", 438 ," 71,475,650 "," 2,203 ", 391 ," 73,633,290 "," 2,017 ", 425 ," 69,521,910 "," 1,837 ", 396 
서울,송파구,여,90~99세," 14,109,260 ", 423 , 68 ," 8,334,910 ", 420 , 83 ," 15,728,130 ", 651 , 84 ," 10,956,970 ", 465 , 76 ," 10,336,330 ", 350 , 70 
서울,송파구,여,100세 이상, - , - , - , - , - , - , - , - , - , - , - , - , - , - , - 
서울,중랑구,남,0~9세, - , - , - , - , - , - , - , - , - , - , - , - , - , - , - 
서울,중랑구,남,10~19세," 14,138,620 ", 195 , 32 ," 20,869,130 ", 279 , 40 ," 23,902,020 ", 331 , 55 ," 30,442,170 ", 340 , 61 ," 50,842,590 ", 533 , 67 
서울,중랑구,남,20~29세," 35,023,840 ", 692 , 155 ," 54,092,360 ", 917 , 159 ," 66,128,810 "," 1,143 ", 203 ," 89,224,450 "," 1,228 ", 204 ," 89,624,540 "," 1,186 ", 223 
서울,중랑구,남,30~39세," 47,551,760 ", 960 , 192 ," 65,823,150 "," 1,171 ", 211 ," 74,282,190 "," 1,299 ", 242 ," 84,414,500 "," 1,335 ", 257 ," 123,898,740 "," 1,700 ", 312 
서울,중랑구,남,40~49세," 53,658,590 "," 1,137 ", 237 ," 55,630,710 "," 1,154 ", 213 ," 67,211,400 "," 1,400 ", 248 ," 82,974,540 "," 1,506 ", 272 ," 96,052,290 "," 1,558 ", 298 
서울,중랑구,남,50~59세," 50,343,340 "," 1,160 ", 279 ," 60,615,490 "," 1,241 ", 275 ," 66,264,440 "," 1,489 ", 289 ," 92,901,650 "," 1,617 ", 314 ," 88,096,040 "," 1,586 ", 311 
서울,중랑구,남,60~69세," 33,657,260 ", 781 , 227 ," 33,133,910 ", 844 , 210 ," 34,852,910 ", 901 , 234 ," 49,344,480 "," 1,074 ", 271 ," 56,431,820 "," 1,195 ", 281 
서울,중랑구,남,70~79세," 20,824,660 ", 666 , 213 ," 23,159,700 ", 708 , 204 ," 30,444,100 ", 888 , 222 ," 32,627,230 ", 869 , 232 ," 30,107,380 ", 767 , 214 
서울,중랑구,남,80~89세," 8,405,920 ", 270 , 76 ," 9,302,370 ", 316 , 84 ," 15,710,610 ", 431 , 117 ," 16,452,500 ", 422 , 100 ," 13,895,860 ", 438 , 127 
서울,중랑구,남,90~99세, - , - , - , - , - , - ," 8,278,120 ", 80 , 10 , - , - , - ," 694,440 ", 23 , 12 
서울,중랑구,남,100세 이상, - , - , - , - , - , - , - , - , - , - , - , - , - , - , - 
서울,중랑구,여,0~9세, - , - , - , - , - , - , - , - , - , - , - , - , - , - , - 
서울,중랑구,여,10~19세," 8,277,890 ", 132 , 36 ," 15,590,870 ", 228 , 40 ," 24,475,280 ", 366 , 48 ," 22,283,500 ", 269 , 70 ," 48,121,470 ", 528 , 92 
서울,중랑구,여,20~29세," 53,684,250 ", 908 , 175 ," 83,201,200 "," 1,362 ", 226 ," 108,400,590 "," 1,747 ", 292 ," 132,370,510 "," 1,936 ", 317 ," 158,408,090 "," 2,021 ", 310 
서울,중랑구,여,30~39세," 57,731,950 "," 1,046 ", 241 ," 87,117,840 "," 1,485 ", 221 ," 132,970,510 "," 2,251 ", 324 ," 138,661,150 "," 2,124 ", 391 ," 151,051,600 "," 2,044 ", 360 
서울,중랑구,여,40~49세," 61,411,620 "," 1,273 ", 292 ," 79,042,000 "," 1,546 ", 305 ," 106,484,180 "," 2,005 ", 365 ," 136,772,990 "," 2,423 ", 425 ," 153,946,170 "," 2,450 ", 424 
서울,중랑구,여,50~59세," 59,356,590 "," 1,491 ", 465 ," 59,172,320 "," 1,500 ", 405 ," 83,305,300 "," 1,880 ", 463 ," 99,751,130 "," 2,055 ", 485 ," 115,484,780 "," 2,200 ", 477 
서울,중랑구,여,60~69세," 101,419,500 "," 1,820 ", 426 ," 84,312,580 "," 1,918 ", 417 ," 97,979,860 "," 2,243 ", 573 ," 97,945,190 "," 2,119 ", 525 ," 103,156,840 "," 2,142 ", 553 
서울,중랑구,여,70~79세," 49,725,200 "," 1,394 ", 387 ," 42,054,640 "," 1,320 ", 403 ," 61,804,800 "," 1,487 ", 418 ," 51,995,340 "," 1,345 ", 412 ," 56,816,700 "," 1,349 ", 409 
서울,중랑구,여,80~89세," 17,882,650 ", 556 , 144 ," 18,252,470 ", 613 , 159 ," 17,634,900 ", 681 , 177 ," 21,454,600 ", 741 , 213 ," 26,183,070 ", 754 , 204 
서울,중랑구,여,90~99세," 2,326,600 ", 57 , 13 ," 2,389,370 ", 83 , 25 ," 1,061,040 ", 57 , 18 ," 1,615,320 ", 68 , 21 ," 2,020,400 ", 60 , 18 
서울,중랑구,여,100세 이상, - , - , - , - , - , - , - , - , - , - , - , - , - , - , - 
서울,양천구,남,0~9세, - , - , - , - , - , - , - , - , - ," 3,636,370 ", 28 , 11 , - , - , - 
서울,양천구,남,10~19세," 38,029,330 ", 605 , 124 ," 46,883,150 ", 684 , 141 ," 48,732,140 ", 648 , 132 ," 73,957,550 ", 781 , 139 ," 75,455,980 ", 747 , 157 
서울,양천구,남,20~29세," 113,010,280 "," 1,944 ", 351 ," 100,194,400 "," 1,788 ", 345 ," 145,063,320 "," 2,003 ", 356 ," 134,267,190 "," 1,845 ", 323 ," 147,799,530 "," 1,947 ", 320 
서울,양천구,남,30~39세," 81,363,320 "," 1,561 ", 362 ," 104,645,180 "," 1,875 ", 360 ," 111,299,650 "," 1,878 ", 374 ," 132,123,150 "," 1,933 ", 359 ," 117,743,830 "," 1,651 ", 338 
서울,양천구,남,40~49세," 122,823,870 "," 2,602 ", 497 ," 126,138,870 "," 2,639 ", 486 ," 133,445,740 "," 2,561 ", 478 ," 144,293,200 "," 2,489 ", 491 ," 146,219,930 "," 2,259 ", 414 
서울,양천구,남,50~59세," 106,921,550 "," 2,398 ", 554 ," 106,586,300 "," 2,309 ", 504 ," 113,126,120 "," 2,409 ", 520 ," 135,730,590 "," 2,395 ", 525 ," 135,411,460 "," 2,455 ", 529 
서울,양천구,남,60~69세," 65,900,240 "," 1,888 ", 459 ," 66,555,190 "," 1,812 ", 451 ," 88,402,770 "," 1,929 ", 437 ," 98,306,650 "," 1,940 ", 466 ," 92,170,210 "," 1,938 ", 452 
서울,양천구,남,70~79세," 49,948,080 "," 1,568 ", 317 ," 53,017,850 "," 1,618 ", 351 ," 57,933,850 "," 1,559 ", 326 ," 54,581,480 "," 1,518 ", 320 ," 58,388,880 "," 1,499 ", 303 
서울,양천구,남,80~89세," 12,788,510 ", 450 , 94 ," 14,731,600 ", 478 , 96 ," 19,112,530 ", 591 , 110 ," 24,417,990 ", 688 , 145 ," 33,520,270 ", 726 , 135 
서울,양천구,남,90~99세," 767,190 ", 37 , 11 ," 950,090 ", 34 , 12 , - , - , - , - , - , - ," 1,555,370 ", 64 , 14 
서울,양천구,남,100세 이상, - , - , - , - , - , - , - , - , - , - , - , - , - , - , - 
서울,양천구,여,0~9세, - , - , - , - , - , - ," 2,424,340 ", 27 , 11 ," 2,533,230 ", 25 , 10 , - , - , - 
서울,양천구,여,10~19세," 61,125,320 ", 886 , 171 ," 66,655,100 ", 973 , 178 ," 85,912,920 "," 1,137 ", 179 ," 96,656,700 ", 935 , 184 ," 103,240,490 "," 1,064 ", 184 
서울,양천구,여,20~29세," 124,781,320 "," 2,312 ", 478 ," 153,668,160 "," 2,612 ", 532 ," 192,545,070 "," 2,842 ", 544 ," 202,971,270 "," 2,697 ", 538 ," 189,415,510 "," 2,329 ", 479 
서울,양천구,여,30~39세," 155,496,750 "," 2,983 ", 538 ," 157,979,140 "," 2,773 ", 490 ," 194,067,640 "," 3,125 ", 554 ," 216,622,530 "," 3,106 ", 540 ," 224,429,220 "," 2,821 ", 498 
서울,양천구,여,40~49세," 198,208,480 "," 3,973 ", 801 ," 203,174,530 "," 3,958 ", 713 ," 216,660,240 "," 3,937 ", 777 ," 257,914,710 "," 4,166 ", 766 ," 272,231,270 "," 4,083 ", 795 
서울,양천구,여,50~59세," 162,094,020 "," 3,943 ", 942 ," 171,689,390 "," 4,005 ", 891 ," 190,017,920 "," 4,117 ", 873 ," 205,793,740 "," 4,101 ", 879 ," 230,493,470 "," 4,233 ", 836 
서울,양천구,여,60~69세," 130,905,920 "," 3,648 ", 881 ," 146,889,630 "," 4,077 ", 926 ," 181,481,380 "," 4,562 "," 1,011 "," 208,237,080 "," 4,865 "," 1,023 "," 220,785,310 "," 4,669 ", 938 
서울,양천구,여,70~79세," 70,088,040 "," 2,234 ", 535 ," 86,058,480 "," 2,634 ", 567 ," 102,722,070 "," 2,815 ", 603 ," 123,608,080 "," 2,815 ", 649 ," 114,754,980 "," 2,860 ", 617 
서울,양천구,여,80~89세," 25,939,780 ", 948 , 234 ," 27,923,330 "," 1,048 ", 249 ," 38,019,130 "," 1,206 ", 264 ," 40,857,260 "," 1,231 ", 260 ," 46,192,360 "," 1,318 ", 277 
서울,양천구,여,90~99세," 1,285,460 ", 65 , 20 ," 1,837,310 ", 95 , 31 ," 1,205,680 ", 78 , 28 ," 3,198,280 ", 96 , 26 ," 2,532,500 ", 96 , 38 
서울,양천구,여,100세 이상, - , - , - , - , - , - , - , - , - , - , - , - , - , - , - 
서울,서초구,남,0~9세," 8,227,640 ", 114 , 27 ," 5,534,110 ", 77 , 22 ," 5,959,900 ", 74 , 31 ," 11,263,660 ", 146 , 43 ," 9,514,550 ", 123 , 36 
서울,서초구,남,10~19세," 78,050,860 "," 1,184 ", 247 ," 67,068,770 "," 1,036 ", 181 ," 116,451,510 "," 1,607 ", 252 ," 154,476,980 "," 1,884 ", 311 ," 123,068,330 "," 1,377 ", 250 
서울,서초구,남,20~29세," 279,399,420 "," 4,401 ", 710 ," 283,227,060 "," 4,198 ", 668 ," 343,296,000 "," 4,487 ", 728 ," 429,013,330 "," 5,120 ", 805 ," 425,388,210 "," 4,503 ", 746 
서울,서초구,남,30~39세," 212,479,480 "," 3,249 ", 711 ," 217,709,580 "," 3,397 ", 648 ," 312,179,960 "," 4,214 ", 779 ," 414,399,830 "," 4,896 ", 922 ," 415,197,830 "," 4,607 ", 892 
서울,서초구,남,40~49세," 259,300,970 "," 4,371 ", 844 ," 227,691,090 "," 3,854 ", 742 ," 290,167,140 "," 4,346 ", 819 ," 402,685,470 "," 5,276 ", 972 ," 455,710,370 "," 5,409 ", 945 
서울,서초구,남,50~59세," 155,806,110 "," 2,860 ", 681 ," 160,701,000 "," 2,909 ", 654 ," 206,418,870 "," 3,456 ", 728 ," 261,624,190 "," 3,781 ", 794 ," 299,069,780 "," 4,098 ", 817 
서울,서초구,남,60~69세," 133,150,350 "," 2,171 ", 479 ," 134,485,030 "," 2,160 ", 439 ," 127,194,380 "," 2,155 ", 443 ," 115,547,630 "," 1,993 ", 455 ," 145,425,420 "," 2,342 ", 509 
서울,서초구,남,70~79세," 52,818,070 "," 1,203 ", 317 ," 49,093,810 "," 1,164 ", 291 ," 57,284,260 "," 1,270 ", 310 ," 59,531,650 "," 1,240 ", 309 ," 64,053,760 "," 1,267 ", 289 
서울,서초구,남,80~89세," 17,510,630 ", 464 , 131 ," 15,882,430 ", 516 , 144 ," 23,435,720 ", 578 , 155 ," 17,440,300 ", 480 , 144 ," 22,999,860 ", 556 , 156 
서울,서초구,남,90~99세, - , - , - ," 884,890 ", 22 , 10 , - , - , - , - , - , - , - , - , - 
서울,서초구,남,100세 이상, - , - , - , - , - , - , - , - , - , - , - , - , - , - , - 
서울,서초구,여,0~9세," 6,275,420 ", 94 , 20 ," 9,142,890 ", 139 , 24 ," 10,536,390 ", 137 , 34 ," 18,748,760 ", 208 , 44 ," 15,025,550 ", 149 , 32 
서울,서초구,여,10~19세," 68,616,900 "," 1,113 ", 251 ," 96,433,210 "," 1,327 ", 245 ," 149,547,320 "," 2,119 ", 374 ," 179,455,530 "," 2,320 ", 394 ," 167,698,010 "," 2,081 ", 369 
서울,서초구,여,20~29세," 318,133,000 "," 4,672 "," 1,014 "," 389,959,360 "," 5,273 ", 998 ," 572,161,300 "," 7,051 "," 1,219 "," 796,344,920 "," 8,545 "," 1,465 "," 890,377,620 "," 8,654 "," 1,395 "
서울,서초구,여,30~39세," 355,553,380 "," 5,099 "," 1,034 "," 368,900,290 "," 5,098 ", 957 ," 551,367,150 "," 6,770 "," 1,163 "," 739,679,460 "," 8,135 "," 1,425 "," 927,153,590 "," 9,270 "," 1,458 "
서울,서초구,여,40~49세," 311,686,540 "," 5,201 "," 1,034 "," 270,925,770 "," 4,468 ", 941 ," 353,147,500 "," 5,486 "," 1,095 "," 523,424,810 "," 6,685 "," 1,257 "," 571,631,570 "," 7,009 "," 1,302 "
서울,서초구,여,50~59세," 224,937,490 "," 4,400 "," 1,040 "," 222,427,780 "," 4,072 ", 913 ," 270,952,260 "," 4,672 ", 966 ," 320,977,250 "," 4,735 "," 1,011 "," 381,402,360 "," 5,164 "," 1,051 "
서울,서초구,여,60~69세," 192,918,150 "," 3,555 ", 939 ," 155,070,270 "," 3,251 ", 857 ," 196,820,660 "," 4,022 "," 1,044 "," 260,514,150 "," 4,530 "," 1,056 "," 261,854,960 "," 4,137 ", 980 
서울,서초구,여,70~79세," 102,690,920 "," 2,080 ", 573 ," 76,934,640 "," 1,770 ", 535 ," 103,036,170 "," 2,243 ", 589 ," 117,385,530 "," 2,389 ", 579 ," 128,792,020 "," 2,336 ", 591 
서울,서초구,여,80~89세," 32,996,670 ", 815 , 228 ," 25,868,010 ", 736 , 208 ," 28,650,100 ", 739 , 207 ," 36,221,920 ", 801 , 230 ," 35,124,700 ", 832 , 237 
서울,서초구,여,90~99세," 2,570,100 ", 86 , 27 ," 2,800,670 ", 82 , 28 ," 9,298,550 ", 196 , 35 ," 5,599,580 ", 139 , 33 ," 5,700,990 ", 161 , 34 
서울,서초구,여,100세 이상, - , - , - , - , - , - , - , - , - , - , - , - , - , - , - 
서울,노원구,남,0~9세," 6,886,500 ", 77 , 28 ," 7,570,220 ", 87 , 22 ," 8,971,130 ", 105 , 33 ," 12,028,180 ", 123 , 38 ," 11,931,660 ", 128 , 30 
서울,노원구,남,10~19세," 43,905,530 ", 621 , 132 ," 48,585,840 ", 654 , 150 ," 58,400,570 ", 708 , 138 ," 60,827,380 ", 745 , 179 ," 73,472,050 ", 850 , 149 
서울,노원구,남,20~29세," 112,167,000 "," 2,009 ", 348 ," 131,995,650 "," 2,299 ", 350 ," 128,862,140 "," 2,179 ", 357 ," 120,965,590 "," 2,250 ", 390 ," 142,307,940 "," 2,394 ", 348 
서울,노원구,남,30~39세," 80,398,450 "," 1,562 ", 302 ," 79,041,400 "," 1,525 ", 295 ," 89,622,430 "," 1,672 ", 336 ," 81,578,290 "," 1,638 ", 336 ," 97,971,380 "," 1,725 ", 327 
서울,노원구,남,40~49세," 110,910,050 "," 2,337 ", 418 ," 122,241,470 "," 2,326 ", 411 ," 128,885,940 "," 2,538 ", 459 ," 115,824,470 "," 2,312 ", 441 ," 111,662,370 "," 2,134 ", 388 
서울,노원구,남,50~59세," 107,440,100 "," 2,443 ", 477 ," 121,099,460 "," 2,454 ", 473 ," 120,831,500 "," 2,551 ", 476 ," 123,809,300 "," 2,608 ", 499 ," 142,249,130 "," 2,726 ", 497 
서울,노원구,남,60~69세," 92,408,000 "," 2,119 ", 403 ," 89,988,050 "," 2,086 ", 423 ," 98,217,350 "," 2,318 ", 458 ," 98,858,790 "," 2,401 ", 451 ," 122,944,380 "," 2,434 ", 460 
서울,노원구,남,70~79세," 36,620,190 ", 985 , 246 ," 42,650,660 "," 1,082 ", 241 ," 42,476,080 "," 1,126 ", 285 ," 50,488,880 "," 1,158 ", 261 ," 57,220,520 "," 1,405 ", 286 
서울,노원구,남,80~89세," 19,042,630 ", 470 , 109 ," 20,348,550 ", 590 , 117 ," 24,947,550 ", 586 , 115 ," 25,115,120 ", 592 , 127 ," 20,191,320 ", 497 , 112 
서울,노원구,남,90~99세," 1,036,970 ", 22 , 10 , - , - , - ," 1,080,360 ", 35 , 13 ," 1,549,370 ", 60 , 18 ," 2,093,250 ", 75 , 14 
서울,노원구,남,100세 이상, - , - , - , - , - , - , - , - , - , - , - , - , - , - , - 
서울,노원구,여,0~9세," 2,347,130 ", 26 , 16 ," 7,171,800 ", 77 , 27 ," 9,126,140 ", 110 , 36 ," 17,102,080 ", 195 , 34 ," 13,370,050 ", 133 , 31 
서울,노원구,여,10~19세," 52,612,520 ", 742 , 165 ," 55,692,470 ", 755 , 138 ," 77,968,120 "," 1,065 ", 175 ," 94,337,570 "," 1,085 ", 249 ," 95,919,590 "," 1,022 ", 209 
서울,노원구,여,20~29세," 118,710,610 "," 2,162 ", 405 ," 148,662,150 "," 2,585 ", 433 ," 168,821,970 "," 2,771 ", 499 ," 171,196,180 "," 2,971 ", 619 ," 226,428,630 "," 3,564 ", 590 
서울,노원구,여,30~39세," 108,258,800 "," 2,212 ", 377 ," 121,571,780 "," 2,229 ", 378 ," 134,857,910 "," 2,489 ", 452 ," 148,475,530 "," 2,703 ", 510 ," 191,811,780 "," 3,181 ", 510 
서울,노원구,여,40~49세," 158,999,600 "," 3,409 ", 629 ," 170,896,680 "," 3,442 ", 600 ," 212,420,760 "," 4,147 ", 711 ," 211,010,340 "," 4,171 ", 695 ," 231,840,270 "," 4,155 ", 707 
서울,노원구,여,50~59세," 163,777,260 "," 3,721 ", 791 ," 174,564,240 "," 3,803 ", 771 ," 186,178,680 "," 4,020 ", 790 ," 181,241,450 "," 4,025 ", 805 ," 210,144,620 "," 4,194 ", 800 
서울,노원구,여,60~69세," 157,394,490 "," 3,433 ", 701 ," 157,700,560 "," 3,522 ", 725 ," 173,135,640 "," 3,777 ", 795 ," 175,775,080 "," 3,947 ", 821 ," 189,585,720 "," 4,043 ", 821 
서울,노원구,여,70~79세," 84,486,030 "," 2,214 ", 450 ," 95,074,510 "," 2,256 ", 489 ," 94,384,870 "," 2,238 ", 481 ," 97,632,500 "," 2,270 ", 500 ," 115,435,800 "," 2,360 ", 503 
서울,노원구,여,80~89세," 34,383,240 ", 906 , 220 ," 66,123,090 "," 1,410 ", 246 ," 47,031,760 "," 1,185 ", 252 ," 49,413,850 "," 1,312 ", 267 ," 64,733,570 "," 1,453 ", 307 
서울,노원구,여,90~99세," 2,396,070 ", 62 , 19 ," 4,626,270 ", 95 , 21 ," 2,964,910 ", 85 , 24 ," 4,367,510 ", 94 , 25 ," 7,469,240 ", 167 , 30 
서울,노원구,여,100세 이상, - , - , - , - , - , - , - , - , - , - , - , - , - , - , - 
서울,광진구,남,0~9세," 5,298,230 ", 72 , 15 ," 9,273,160 ", 127 , 18 ," 3,651,130 ", 75 , 19 ," 2,417,710 ", 28 , 10 ," 3,216,010 ", 56 , 14 
서울,광진구,남,10~19세," 27,862,600 ", 448 , 81 ," 30,636,830 ", 504 , 87 ," 39,179,910 ", 598 , 103 ," 41,392,830 ", 562 , 121 ," 45,254,500 ", 504 , 87 
서울,광진구,남,20~29세," 151,988,330 "," 2,521 ", 431 ," 205,288,120 "," 2,958 ", 471 ," 250,053,710 "," 3,471 ", 546 ," 347,537,180 "," 4,041 ", 654 ," 387,347,480 "," 4,175 ", 658 
서울,광진구,남,30~39세," 139,589,380 "," 2,305 ", 434 ," 156,789,430 "," 2,370 ", 401 ," 163,462,790 "," 2,504 ", 435 ," 257,631,620 "," 3,288 ", 553 ," 279,796,450 "," 3,318 ", 583 
서울,광진구,남,40~49세," 122,379,490 "," 2,146 ", 443 ," 134,775,190 "," 2,132 ", 414 ," 154,374,100 "," 2,416 ", 412 ," 205,624,990 "," 2,863 ", 498 ," 227,089,680 "," 2,969 ", 533 
서울,광진구,남,50~59세," 111,041,340 "," 2,082 ", 433 ," 125,219,780 "," 2,222 ", 432 ," 154,833,100 "," 2,585 ", 451 ," 184,051,560 "," 2,736 ", 451 ," 175,577,800 "," 2,500 ", 447 
서울,광진구,남,60~69세," 77,384,080 "," 1,597 ", 348 ," 69,970,230 "," 1,438 ", 348 ," 81,366,400 "," 1,648 ", 388 ," 102,359,750 "," 1,859 ", 386 ," 125,550,950 "," 2,162 ", 391 
서울,광진구,남,70~79세," 47,139,050 "," 1,122 ", 286 ," 47,846,990 "," 1,282 ", 297 ," 42,477,890 "," 1,074 ", 257 ," 47,822,620 "," 1,209 ", 289 ," 56,639,380 "," 1,204 ", 278 
서울,광진구,남,80~89세," 17,174,130 ", 397 , 112 ," 15,691,270 ", 481 , 122 ," 22,267,440 ", 607 , 143 ," 27,081,620 ", 610 , 139 ," 30,322,760 ", 575 , 155 
서울,광진구,남,90~99세, - , - , - , - , - , - ," 825,040 ", 23 , 10 ," 1,690,100 ", 45 , 10 , - , - , - 
서울,광진구,남,100세 이상, - , - , - , - , - , - , - , - , - , - , - , - , - , - , - 
서울,광진구,여,0~9세," 2,259,720 ", 28 , 10 ," 4,591,100 ", 61 , 12 ," 3,281,090 ", 54 , 12 ," 6,931,580 ", 126 , 17 ," 3,756,260 ", 101 , 16 
서울,광진구,여,10~19세," 25,898,090 ", 481 , 97 ," 32,368,420 ", 447 , 121 ," 36,368,970 ", 524 , 115 ," 73,322,410 ", 904 , 177 ," 52,305,440 ", 570 , 141 
서울,광진구,여,20~29세," 203,617,320 "," 2,934 ", 634 ," 277,919,820 "," 3,946 ", 675 ," 344,043,360 "," 4,759 ", 809 ," 701,845,150 "," 7,715 "," 1,203 "," 761,233,650 "," 7,675 "," 1,247 "
서울,광진구,여,30~39세," 166,004,700 "," 2,693 ", 537 ," 187,539,430 "," 2,880 ", 526 ," 232,238,520 "," 3,347 ", 641 ," 402,298,970 "," 4,817 ", 787 ," 465,367,350 "," 5,287 ", 861 
서울,광진구,여,40~49세," 142,429,730 "," 2,586 ", 542 ," 158,569,740 "," 2,711 ", 569 ," 182,859,030 "," 3,075 ", 610 ," 248,761,870 "," 3,585 ", 639 ," 282,080,480 "," 3,771 ", 680 
서울,광진구,여,50~59세," 142,954,790 "," 2,885 ", 718 ," 146,351,420 "," 2,814 ", 742 ," 155,840,030 "," 2,998 ", 725 ," 195,312,820 "," 3,315 ", 765 ," 240,112,220 "," 3,442 ", 730 
서울,광진구,여,60~69세," 107,179,570 "," 2,332 ", 668 ," 110,076,540 "," 2,603 ", 683 ," 138,381,810 "," 3,072 ", 751 ," 172,517,140 "," 3,312 ", 847 ," 183,291,380 "," 3,375 ", 781 
서울,광진구,여,70~79세," 72,412,410 "," 1,801 ", 525 ," 62,259,290 "," 1,704 ", 496 ," 70,579,590 "," 1,906 ", 514 ," 76,338,930 "," 1,890 ", 532 ," 97,857,540 "," 1,981 ", 501 
서울,광진구,여,80~89세," 23,313,160 ", 780 , 205 ," 21,912,640 ", 743 , 209 ," 25,808,310 ", 873 , 236 ," 36,380,520 ", 976 , 245 ," 43,109,090 ", 974 , 256 
서울,광진구,여,90~99세," 4,106,990 ", 105 , 29 ," 3,524,290 ", 111 , 29 ," 1,666,060 ", 86 , 26 ," 1,545,100 ", 72 , 22 ," 2,698,950 ", 121 , 27 
서울,광진구,여,100세 이상, - , - , - , - , - , - , - , - , - , - , - , - , - , - , - 
서울,강북구,남,0~9세, - , - , - , - , - , - , - , - , - , - , - , - , - , - , - 
서울,강북구,남,10~19세," 12,128,230 ", 268 , 53 ," 14,460,200 ", 222 , 37 ," 14,128,000 ", 231 , 48 ," 11,539,950 ", 175 , 49 ," 15,003,950 ", 256 , 65 
서울,강북구,남,20~29세," 56,025,740 "," 1,459 ", 232 ," 66,870,610 "," 1,576 ", 236 ," 81,515,630 "," 1,790 ", 270 ," 81,473,200 "," 1,874 ", 284 ," 92,723,580 "," 2,227 ", 286 
서울,강북구,남,30~39세," 63,034,890 "," 1,618 ", 238 ," 80,147,370 "," 1,912 ", 243 ," 102,045,740 "," 2,303 ", 284 ," 100,617,900 "," 2,226 ", 301 ," 113,960,830 "," 2,553 ", 333 
서울,강북구,남,40~49세," 92,073,540 "," 2,511 ", 358 ," 96,445,700 "," 2,501 ", 328 ," 100,250,500 "," 2,459 ", 367 ," 108,587,480 "," 2,602 ", 368 ," 134,628,740 "," 3,099 ", 387 
서울,강북구,남,50~59세," 68,156,360 "," 2,063 ", 328 ," 66,653,110 "," 1,929 ", 338 ," 79,888,330 "," 2,212 ", 372 ," 86,873,890 "," 2,254 ", 360 ," 94,363,110 "," 2,416 ", 370 
서울,강북구,남,60~69세," 64,566,080 "," 1,987 ", 333 ," 71,194,140 "," 2,102 ", 354 ," 70,821,490 "," 2,025 ", 331 ," 78,124,680 "," 2,075 ", 371 ," 84,207,720 "," 2,214 ", 393 
서울,강북구,남,70~79세," 41,246,420 "," 1,461 ", 290 ," 41,302,720 "," 1,432 ", 293 ," 37,376,120 "," 1,283 ", 255 ," 38,462,360 "," 1,268 ", 257 ," 46,405,020 "," 1,420 ", 259 
서울,강북구,남,80~89세," 11,551,110 ", 468 , 98 ," 13,655,840 ", 550 , 118 ," 16,517,540 ", 649 , 130 ," 21,207,180 ", 787 , 161 ," 18,531,170 ", 676 , 159 
서울,강북구,남,90~99세, - , - , - , - , - , - , - , - , - , - , - , - ," 2,336,650 ", 36 , 11 
서울,강북구,남,100세 이상, - , - , - , - , - , - , - , - , - , - , - , - , - , - , - 
서울,강북구,여,0~9세, - , - , - , - , - , - , - , - , - , - , - , - , - , - , - 
서울,강북구,여,10~19세," 12,651,120 ", 294 , 83 ," 9,355,370 ", 224 , 59 ," 20,158,680 ", 363 , 65 ," 25,170,790 ", 408 , 79 ," 17,296,490 ", 312 , 85 
서울,강북구,여,20~29세," 94,768,380 "," 2,282 ", 368 ," 117,860,740 "," 2,548 ", 382 ," 156,065,400 "," 3,326 ", 477 ," 155,736,640 "," 3,184 ", 545 ," 172,497,450 "," 3,938 ", 563 
서울,강북구,여,30~39세," 110,583,520 "," 2,743 ", 414 ," 109,583,720 "," 2,583 ", 376 ," 136,777,450 "," 3,081 ", 399 ," 169,272,450 "," 3,794 ", 494 ," 193,349,750 "," 4,435 ", 536 
서울,강북구,여,40~49세," 113,413,310 "," 3,252 ", 463 ," 136,553,460 "," 3,786 ", 454 ," 145,472,500 "," 3,708 ", 499 ," 174,869,690 "," 4,291 ", 560 ," 205,989,590 "," 5,215 ", 586 
서울,강북구,여,50~59세," 127,081,180 "," 3,817 ", 624 ," 129,779,390 "," 3,665 ", 577 ," 147,388,620 "," 4,042 ", 629 ," 160,188,470 "," 4,367 ", 626 ," 176,840,820 "," 4,767 ", 664 
서울,강북구,여,60~69세," 99,758,060 "," 3,294 ", 635 ," 105,584,680 "," 3,360 ", 651 ," 128,360,320 "," 3,881 ", 692 ," 151,295,900 "," 4,547 ", 799 ," 170,628,510 "," 4,971 ", 773 
서울,강북구,여,70~79세," 78,299,130 "," 2,739 ", 540 ," 81,540,650 "," 2,820 ", 572 ," 87,153,850 "," 2,892 ", 591 ," 81,314,030 "," 2,639 ", 626 ," 82,724,490 "," 2,575 ", 577 
서울,강북구,여,80~89세," 23,566,240 ", 916 , 195 ," 23,909,660 ", 903 , 223 ," 32,631,200 "," 1,126 ", 243 ," 37,835,450 "," 1,276 ", 286 ," 38,264,170 "," 1,322 ", 282 
서울,강북구,여,90~99세," 1,302,740 ", 71 , 19 ," 1,221,700 ", 56 , 18 ," 1,267,260 ", 60 , 13 ," 1,550,170 ", 64 , 18 ," 2,474,560 ", 99 , 19 
서울,강북구,여,100세 이상, - , - , - , - , - , - , - , - , - , - , - , - , - , - , - 
서울,금천구,남,0~9세, - , - , - , - , - , - , - , - , - , - , - , - , - , - , - 
서울,금천구,남,10~19세," 3,084,720 ", 40 , 15 ," 8,278,370 ", 113 , 19 ," 4,355,900 ", 57 , 17 ," 12,014,610 ", 150 , 20 ," 27,944,500 ", 253 , 34 
서울,금천구,남,20~29세," 36,611,650 ", 533 , 117 ," 53,384,550 ", 669 , 140 ," 69,453,700 ", 850 , 161 ," 62,466,710 ", 725 , 153 ," 90,307,940 ", 973 , 174 
서울,금천구,남,30~39세," 47,282,200 ", 748 , 166 ," 69,041,420 "," 1,011 ", 182 ," 97,126,920 "," 1,234 ", 245 ," 118,757,990 "," 1,367 ", 250 ," 144,912,320 "," 1,518 ", 285 
서울,금천구,남,40~49세," 46,352,470 ", 818 , 166 ," 70,104,790 "," 1,037 ", 184 ," 90,277,700 "," 1,223 ", 221 ," 111,496,500 "," 1,428 ", 239 ," 112,444,400 "," 1,390 ", 269 
서울,금천구,남,50~59세," 27,773,310 ", 599 , 147 ," 35,981,730 ", 606 , 145 ," 46,562,650 ", 733 , 156 ," 39,898,740 ", 647 , 157 ," 60,627,320 ", 854 , 177 
서울,금천구,남,60~69세," 14,029,890 ", 366 , 108 ," 23,295,790 ", 620 , 139 ," 20,431,210 ", 569 , 141 ," 24,291,530 ", 624 , 148 ," 31,693,970 ", 750 , 171 
서울,금천구,남,70~79세," 4,588,090 ", 283 , 93 ," 10,305,660 ", 395 , 104 ," 11,022,080 ", 371 , 103 ," 14,259,070 ", 489 , 107 ," 14,651,790 ", 463 , 113 
서울,금천구,남,80~89세," 3,262,310 ", 213 , 45 ," 2,791,330 ", 172 , 42 ," 3,492,190 ", 195 , 48 ," 2,809,990 ", 140 , 46 ," 4,490,080 ", 181 , 48 
서울,금천구,남,90~99세, - , - , - , - , - , - , - , - , - , - , - , - , - , - , - 
서울,금천구,남,100세 이상, - , - , - , - , - , - , - , - , - , - , - , - , - , - , - 
서울,금천구,여,0~9세, - , - , - , - , - , - , - , - , - , - , - , - , - , - , - 
서울,금천구,여,10~19세," 6,050,070 ", 87 , 21 ," 5,657,490 ", 69 , 14 ," 12,546,470 ", 178 , 26 ," 12,971,070 ", 162 , 35 ," 8,287,200 ", 83 , 26 
서울,금천구,여,20~29세," 72,004,440 ", 966 , 171 ," 123,946,330 "," 1,497 ", 235 ," 160,489,800 "," 1,839 ", 288 ," 153,434,000 "," 1,751 ", 289 ," 141,713,850 "," 1,502 ", 288 
서울,금천구,여,30~39세," 64,787,870 ", 960 , 167 ," 85,999,710 "," 1,097 ", 209 ," 118,879,050 "," 1,501 ", 239 ," 123,676,000 "," 1,490 ", 281 ," 152,653,300 "," 1,547 ", 279 
서울,금천구,여,40~49세," 30,135,340 ", 583 , 130 ," 39,921,120 ", 668 , 137 ," 55,698,220 ", 887 , 169 ," 72,855,210 ", 997 , 199 ," 99,363,650 "," 1,259 ", 215 
서울,금천구,여,50~59세," 27,283,600 ", 708 , 210 ," 34,096,850 ", 723 , 212 ," 44,433,740 ", 849 , 217 ," 42,948,090 ", 787 , 218 ," 53,662,430 ", 849 , 210 
서울,금천구,여,60~69세," 16,374,660 ", 550 , 206 ," 24,696,790 ", 745 , 251 ," 28,749,400 ", 865 , 266 ," 33,971,480 ", 944 , 264 ," 39,856,030 ", 977 , 277 
서울,금천구,여,70~79세," 14,652,200 ", 582 , 181 ," 12,724,640 ", 624 , 173 ," 16,549,850 ", 618 , 184 ," 14,014,790 ", 562 , 158 ," 18,584,470 ", 604 , 168 
서울,금천구,여,80~89세," 3,998,730 ", 199 , 67 ," 5,880,040 ", 291 , 85 ," 5,594,190 ", 228 , 70 ," 5,433,310 ", 194 , 70 ," 5,203,910 ", 227 , 77 
서울,금천구,여,90~99세," 507,160 ", 34 , 10 , - , - , - ," 470,610 ", 41 , 12 ," 455,130 ", 42 , 11 ," 563,900 ", 49 , 13 
서울,금천구,여,100세 이상, - , - , - , - , - , - , - , - , - , - , - , - , - , - , - 