[시군구별 및 성별 및 연령별 불면증 진료현황],,,,,,,,,,,,,,,,,,
,,,,,,,,,,,,,,,,,,
,,,,,,,,,,,,,,,,,"(단위: 원, 일, 명)",
시도,시군구,성별,연령구분, 2019년 ,,, 2020년 ,,, 2021년 ,,, 2022년 ,,, 2023년 ,,
,,,,요양급여비용,입내원일수,환자수,요양급여비용,입내원일수,환자수,요양급여비용,입내원일수,환자수,요양급여비용,입내원일수,환자수,요양급여비용,입내원일수,환자수
서울,강남구,남,0~9세, - , - , - , - , - , - , - , - , - , - , - , - ," 3,678,630 ", 19 , 13 
서울,강남구,남,10~19세," 12,652,450 ", 238 , 70 ," 5,532,920 ", 115 , 52 ," 14,559,300 ", 191 , 73 ," 12,533,700 ", 187 , 88 ," 25,547,320 ", 295 , 106 
서울,강남구,남,20~29세," 126,630,250 "," 3,363 ", 945 ," 153,627,750 "," 4,026 "," 1,242 "," 217,875,030 "," 4,815 "," 1,352 "," 218,597,100 "," 4,699 "," 1,417 "," 188,603,580 "," 4,088 "," 1,263 "
서울,강남구,남,30~39세," 167,725,020 "," 4,964 "," 1,353 "," 183,561,680 "," 5,570 "," 1,482 "," 236,706,100 "," 6,341 "," 1,593 "," 283,543,280 "," 6,803 "," 1,723 "," 294,241,590 "," 7,072 "," 1,805 "
서울,강남구,남,40~49세," 122,076,230 "," 3,683 "," 1,116 "," 138,861,990 "," 4,108 "," 1,119 "," 181,072,180 "," 4,803 "," 1,241 "," 230,432,210 "," 5,572 "," 1,412 "," 273,292,850 "," 6,170 "," 1,544 "
서울,강남구,남,50~59세," 121,743,040 "," 3,047 ", 954 ," 119,272,510 "," 3,051 ", 932 ," 148,301,980 "," 3,419 ", 996 ," 167,888,120 "," 3,803 "," 1,092 "," 181,497,090 "," 3,978 "," 1,114 "
서울,강남구,남,60~69세," 106,272,520 "," 2,904 ", 954 ," 122,003,580 "," 3,105 ", 983 ," 176,806,790 "," 3,695 "," 1,085 "," 162,395,960 "," 3,665 "," 1,076 "," 150,921,880 "," 3,400 "," 1,098 "
서울,강남구,남,70~79세," 89,740,040 "," 2,583 ", 812 ," 95,457,880 "," 2,550 ", 825 ," 112,725,210 "," 2,723 ", 835 ," 115,647,280 "," 2,703 ", 820 ," 128,835,060 "," 2,962 ", 919 
서울,강남구,남,80~89세," 31,592,020 "," 1,205 ", 326 ," 37,798,610 "," 1,242 ", 359 ," 48,491,950 "," 1,453 ", 398 ," 54,451,860 "," 1,388 ", 387 ," 64,750,610 "," 1,661 ", 470 
서울,강남구,남,90~99세," 2,292,150 ", 115 , 32 ," 4,726,330 ", 132 , 33 ," 3,949,890 ", 121 , 39 ," 5,644,630 ", 175 , 44 ," 6,675,620 ", 194 , 51 
서울,강남구,남,100세 이상, - , - , - , - , - , - , - , - , - , - , - , - , - , - , - 
서울,강남구,여,0~9세, - , - , - , - , - , - , - , - , - , - , - , - , - , - , - 
서울,강남구,여,10~19세," 12,553,920 ", 224 , 79 ," 14,265,360 ", 236 , 72 ," 17,377,550 ", 225 , 80 ," 36,197,150 ", 371 , 107 ," 30,300,400 ", 301 , 114 
서울,강남구,여,20~29세," 244,620,420 "," 7,097 "," 1,800 "," 295,164,040 "," 7,430 "," 1,774 "," 370,790,990 "," 7,817 "," 1,949 "," 365,733,580 "," 7,268 "," 1,860 "," 362,927,700 "," 7,159 "," 1,948 "
서울,강남구,여,30~39세," 400,722,160 "," 12,740 "," 2,615 "," 427,042,860 "," 12,656 "," 2,656 "," 519,705,680 "," 13,174 "," 2,760 "," 614,334,040 "," 13,399 "," 2,758 "," 646,202,160 "," 13,538 "," 2,847 "
서울,강남구,여,40~49세," 245,021,060 "," 7,330 "," 1,847 "," 308,210,970 "," 8,623 "," 1,976 "," 368,292,370 "," 9,901 "," 2,137 "," 451,687,780 "," 10,962 "," 2,301 "," 572,880,620 "," 12,440 "," 2,582 "
서울,강남구,여,50~59세," 191,014,920 "," 5,251 "," 1,839 "," 211,283,760 "," 5,524 "," 1,704 "," 261,069,700 "," 6,000 "," 1,753 "," 296,050,190 "," 6,465 "," 1,937 "," 302,293,650 "," 6,637 "," 1,978 "
서울,강남구,여,60~69세," 195,134,780 "," 5,125 "," 1,790 "," 209,914,370 "," 5,173 "," 1,699 "," 263,226,790 "," 6,025 "," 1,934 "," 311,956,130 "," 6,678 "," 2,102 "," 323,312,740 "," 6,866 "," 2,178 "
서울,강남구,여,70~79세," 125,510,090 "," 3,659 "," 1,183 "," 119,931,260 "," 3,556 "," 1,167 "," 163,196,650 "," 4,087 "," 1,238 "," 154,830,550 "," 4,153 "," 1,303 "," 193,011,850 "," 4,482 "," 1,444 "
서울,강남구,여,80~89세," 48,295,320 "," 1,629 ", 456 ," 55,257,280 "," 1,667 ", 459 ," 72,684,300 "," 1,941 ", 519 ," 76,236,960 "," 2,062 ", 558 ," 68,345,970 "," 2,044 ", 586 
서울,강남구,여,90~99세," 6,745,400 ", 334 , 73 ," 7,154,150 ", 379 , 83 ," 8,002,870 ", 381 , 90 ," 10,196,060 ", 389 , 97 ," 12,293,410 ", 364 , 88 
서울,강남구,여,100세 이상, - , - , - , - , - , - , - , - , - , - , - , - , - , - , - 
서울,강동구,남,0~9세, - , - , - , - , - , - , - , - , - , - , - , - , - , - , - 
서울,강동구,남,10~19세," 2,235,370 ", 53 , 21 ," 4,279,730 ", 100 , 22 ," 3,972,990 ", 60 , 30 ," 2,787,830 ", 61 , 29 ," 4,705,890 ", 70 , 33 
서울,강동구,남,20~29세," 17,518,940 ", 540 , 155 ," 21,887,380 ", 594 , 165 ," 27,947,780 ", 744 , 197 ," 33,099,260 ", 774 , 182 ," 32,926,010 ", 659 , 178 
서울,강동구,남,30~39세," 32,648,190 ", 923 , 251 ," 29,347,230 "," 1,058 ", 243 ," 37,207,780 "," 1,395 ", 320 ," 32,851,080 "," 1,030 ", 263 ," 40,569,880 "," 1,054 ", 268 
서울,강동구,남,40~49세," 34,217,750 "," 1,166 ", 311 ," 39,563,250 "," 1,310 ", 309 ," 48,515,030 "," 1,540 ", 356 ," 46,044,610 "," 1,417 ", 345 ," 39,757,180 "," 1,184 ", 337 
서울,강동구,남,50~59세," 48,357,820 "," 1,680 ", 443 ," 51,923,560 "," 1,680 ", 443 ," 58,232,980 "," 1,751 ", 442 ," 56,823,460 "," 1,739 ", 447 ," 54,004,080 "," 1,628 ", 443 
서울,강동구,남,60~69세," 79,371,260 "," 2,443 ", 650 ," 89,483,190 "," 2,672 ", 667 ," 90,888,750 "," 2,903 ", 724 ," 104,051,170 "," 3,006 ", 752 ," 97,518,050 "," 3,032 ", 784 
서울,강동구,남,70~79세," 145,982,430 "," 3,935 ", 919 ," 151,033,730 "," 4,088 ", 929 ," 173,038,120 "," 4,280 "," 1,041 "," 177,503,270 "," 4,232 "," 1,052 "," 196,193,320 "," 4,479 "," 1,186 "
서울,강동구,남,80~89세," 54,211,960 "," 1,715 ", 326 ," 54,413,270 "," 1,677 ", 341 ," 55,061,710 "," 1,755 ", 360 ," 59,425,960 "," 1,721 ", 386 ," 81,689,670 "," 1,782 ", 420 
서울,강동구,남,90~99세," 6,442,330 ", 180 , 46 ," 7,307,550 ", 176 , 47 ," 9,197,520 ", 250 , 71 ," 9,534,100 ", 265 , 69 ," 10,737,450 ", 295 , 91 
서울,강동구,남,100세 이상, - , - , - , - , - , - , - , - , - , - , - , - , - , - , - 
서울,강동구,여,0~9세, - , - , - , - , - , - , - , - , - , - , - , - , - , - , - 
서울,강동구,여,10~19세," 4,809,110 ", 61 , 19 ," 2,665,070 ", 58 , 14 ," 4,613,870 ", 93 , 20 ," 1,363,480 ", 35 , 23 ," 5,066,760 ", 87 , 31 
서울,강동구,여,20~29세," 27,574,010 ", 895 , 238 ," 29,676,150 ", 835 , 223 ," 41,722,950 "," 1,029 ", 262 ," 45,318,580 "," 1,053 ", 254 ," 43,130,440 "," 1,009 ", 265 
서울,강동구,여,30~39세," 44,445,670 "," 1,619 ", 391 ," 51,427,820 "," 1,673 ", 395 ," 60,401,700 "," 1,818 ", 437 ," 73,576,580 "," 1,926 ", 390 ," 69,293,710 "," 1,832 ", 401 
서울,강동구,여,40~49세," 65,656,780 "," 2,227 ", 542 ," 71,854,560 "," 2,194 ", 524 ," 82,710,530 "," 2,568 ", 571 ," 91,892,060 "," 2,571 ", 588 ," 100,586,740 "," 2,625 ", 580 
서울,강동구,여,50~59세," 89,026,630 "," 3,217 ", 954 ," 93,555,260 "," 3,233 ", 923 ," 95,712,090 "," 3,279 ", 979 ," 101,642,210 "," 3,244 ", 932 ," 118,338,900 "," 3,312 ", 941 
서울,강동구,여,60~69세," 142,694,100 "," 4,454 "," 1,145 "," 133,068,140 "," 4,305 "," 1,153 "," 156,262,190 "," 4,971 "," 1,346 "," 166,714,300 "," 5,100 "," 1,378 "," 180,206,460 "," 4,971 "," 1,363 "
서울,강동구,여,70~79세," 88,053,310 "," 2,862 ", 695 ," 93,322,130 "," 3,037 ", 776 ," 111,895,870 "," 3,370 ", 909 ," 124,328,370 "," 3,711 ", 962 ," 136,888,060 "," 3,810 ", 998 
서울,강동구,여,80~89세," 69,221,870 "," 1,628 ", 333 ," 59,342,820 "," 1,583 ", 293 ," 46,289,360 "," 1,473 ", 355 ," 46,321,220 "," 1,558 ", 387 ," 59,779,530 "," 1,646 ", 433 
서울,강동구,여,90~99세," 6,785,690 ", 262 , 46 ," 9,790,300 ", 338 , 58 ," 6,556,210 ", 281 , 58 ," 5,843,580 ", 234 , 53 ," 14,679,650 ", 358 , 70 
서울,강동구,여,100세 이상, - , - , - , - , - , - , - , - , - , - , - , - , - , - , - 
서울,강서구,남,0~9세, - , - , - , - , - , - , - , - , - , - , - , - , - , - , - 
서울,강서구,남,10~19세," 2,692,310 ", 47 , 20 ," 8,394,530 ", 114 , 32 ," 4,668,280 ", 80 , 29 ," 4,164,390 ", 69 , 29 ," 11,594,990 ", 110 , 29 
서울,강서구,남,20~29세," 28,045,610 ", 614 , 178 ," 32,568,560 ", 681 , 197 ," 52,227,640 ", 965 , 228 ," 45,257,240 ", 899 , 247 ," 73,258,140 "," 1,042 ", 273 
서울,강서구,남,30~39세," 51,547,910 "," 1,142 ", 295 ," 60,276,410 "," 1,308 ", 316 ," 61,463,870 "," 1,413 ", 332 ," 89,501,560 "," 1,696 ", 407 ," 133,724,300 "," 2,110 ", 476 
서울,강서구,남,40~49세," 52,291,840 "," 1,382 ", 360 ," 64,017,340 "," 1,504 ", 373 ," 90,038,710 "," 1,910 ", 410 ," 98,615,690 "," 1,995 ", 459 ," 119,263,360 "," 2,181 ", 534 
서울,강서구,남,50~59세," 35,863,320 "," 1,245 ", 400 ," 52,592,410 "," 1,596 ", 437 ," 62,434,600 "," 1,790 ", 451 ," 70,717,960 "," 1,918 ", 495 ," 98,667,570 "," 2,055 ", 516 
서울,강서구,남,60~69세," 61,223,000 "," 2,123 ", 529 ," 73,427,510 "," 2,378 ", 592 ," 86,935,450 "," 2,636 ", 631 ," 96,565,520 "," 2,709 ", 632 ," 106,196,740 "," 2,821 ", 715 
서울,강서구,남,70~79세," 41,471,380 "," 1,891 ", 466 ," 49,524,880 "," 2,013 ", 475 ," 59,268,460 "," 2,135 ", 513 ," 72,765,250 "," 2,320 ", 544 ," 77,563,490 "," 2,374 ", 584 
서울,강서구,남,80~89세," 16,584,600 ", 754 , 185 ," 24,985,030 ", 950 , 207 ," 24,376,470 "," 1,063 ", 221 ," 37,457,030 "," 1,266 ", 266 ," 39,138,220 "," 1,260 ", 285 
서울,강서구,남,90~99세," 2,674,760 ", 194 , 27 ," 3,644,980 ", 178 , 35 ," 4,177,610 ", 184 , 26 ," 4,499,710 ", 184 , 33 ," 8,170,000 ", 162 , 33 
서울,강서구,남,100세 이상, - , - , - , - , - , - , - , - , - , - , - , - , - , - , - 
서울,강서구,여,0~9세, - , - , - , - , - , - , - , - , - , - , - , - , - , - , - 
서울,강서구,여,10~19세," 4,171,480 ", 76 , 26 ," 2,790,280 ", 47 , 20 ," 4,752,150 ", 84 , 26 ," 9,921,020 ", 137 , 35 ," 18,317,230 ", 165 , 45 
서울,강서구,여,20~29세," 71,205,140 "," 1,481 ", 327 ," 73,836,130 "," 1,647 ", 395 ," 89,789,420 "," 1,879 ", 435 ," 99,917,210 "," 1,807 ", 446 ," 126,822,770 "," 1,920 ", 473 
서울,강서구,여,30~39세," 83,874,100 "," 2,138 ", 505 ," 85,509,820 "," 2,250 ", 510 ," 127,251,650 "," 2,815 ", 566 ," 162,535,900 "," 3,045 ", 605 ," 219,499,010 "," 3,530 ", 706 
서울,강서구,여,40~49세," 83,438,790 "," 2,422 ", 603 ," 93,306,500 "," 2,700 ", 633 ," 100,916,400 "," 2,740 ", 630 ," 133,305,080 "," 3,026 ", 683 ," 167,406,600 "," 3,361 ", 755 
서울,강서구,여,50~59세," 88,535,910 "," 3,122 ", 897 ," 96,209,870 "," 3,154 ", 888 ," 110,522,460 "," 3,307 ", 917 ," 117,673,740 "," 3,220 ", 931 ," 142,183,560 "," 3,501 ", 969 
서울,강서구,여,60~69세," 94,020,120 "," 3,290 ", 927 ," 125,726,410 "," 4,048 "," 1,115 "," 162,498,840 "," 4,710 "," 1,272 "," 186,353,670 "," 4,977 "," 1,346 "," 211,024,260 "," 5,072 "," 1,400 "
서울,강서구,여,70~79세," 62,103,180 "," 2,220 ", 604 ," 73,417,930 "," 2,458 ", 666 ," 92,544,810 "," 2,634 ", 727 ," 105,029,260 "," 2,972 ", 828 ," 137,349,520 "," 3,385 ", 861 
서울,강서구,여,80~89세," 33,136,680 "," 1,525 ", 386 ," 35,338,750 "," 1,499 ", 386 ," 37,025,710 "," 1,440 ", 376 ," 39,057,510 "," 1,444 ", 385 ," 47,600,760 "," 1,582 ", 398 
서울,강서구,여,90~99세," 5,596,550 ", 362 , 85 ," 4,868,470 ", 342 , 91 ," 3,961,390 ", 310 , 67 ," 5,100,460 ", 283 , 67 ," 5,477,790 ", 301 , 85 
서울,강서구,여,100세 이상, - , - , - , - , - , - , - , - , - , - , - , - , - , - , - 
서울,관악구,남,0~9세, - , - , - , - , - , - , - , - , - , - , - , - , - , - , - 
서울,관악구,남,10~19세," 1,061,180 ", 39 , 24 ," 1,380,350 ", 50 , 29 ," 991,420 ", 27 , 17 ," 1,368,410 ", 40 , 20 ," 2,990,040 ", 69 , 29 
서울,관악구,남,20~29세," 25,172,130 ", 900 , 337 ," 35,519,980 "," 1,083 ", 349 ," 52,326,440 "," 1,553 ", 396 ," 59,600,800 "," 1,527 ", 467 ," 62,764,650 "," 1,476 ", 408 
서울,관악구,남,30~39세," 46,758,230 "," 1,670 ", 424 ," 45,263,920 "," 1,570 ", 410 ," 55,348,170 "," 1,772 ", 422 ," 78,072,160 "," 2,079 ", 491 ," 76,768,430 "," 2,112 ", 494 
서울,관악구,남,40~49세," 32,411,010 "," 1,327 ", 280 ," 35,289,660 "," 1,237 ", 291 ," 36,002,280 "," 1,304 ", 299 ," 42,521,440 "," 1,339 ", 329 ," 50,524,070 "," 1,581 ", 343 
서울,관악구,남,50~59세," 28,495,500 "," 1,186 ", 316 ," 37,665,950 "," 1,419 ", 333 ," 43,374,770 "," 1,524 ", 346 ," 51,826,890 "," 1,766 ", 379 ," 60,891,080 "," 1,831 ", 385 
서울,관악구,남,60~69세," 45,172,480 "," 1,686 ", 436 ," 48,172,950 "," 1,583 ", 426 ," 49,931,040 "," 1,687 ", 447 ," 56,262,250 "," 1,728 ", 484 ," 66,686,340 "," 1,897 ", 481 
서울,관악구,남,70~79세," 47,324,130 "," 2,039 ", 486 ," 48,501,960 "," 2,088 ", 517 ," 47,785,000 "," 1,960 ", 467 ," 51,691,580 "," 2,016 ", 482 ," 56,274,670 "," 2,048 ", 475 
서울,관악구,남,80~89세," 16,168,100 ", 847 , 199 ," 17,984,290 ", 977 , 212 ," 20,417,320 ", 982 , 221 ," 25,566,070 "," 1,150 ", 261 ," 33,415,280 "," 1,309 ", 291 
서울,관악구,남,90~99세," 1,772,560 ", 118 , 14 ," 1,148,690 ", 90 , 21 ," 1,346,430 ", 75 , 20 ," 1,988,470 ", 64 , 20 ," 2,197,480 ", 79 , 18 
서울,관악구,남,100세 이상, - , - , - , - , - , - , - , - , - , - , - , - , - , - , - 
서울,관악구,여,0~9세, - , - , - , - , - , - , - , - , - , - , - , - , - , - , - 
서울,관악구,여,10~19세," 1,589,890 ", 53 , 22 ," 2,115,470 ", 55 , 19 ," 4,222,900 ", 58 , 18 ," 4,375,350 ", 56 , 19 ," 3,184,230 ", 61 , 26 
서울,관악구,여,20~29세," 53,870,910 "," 1,685 ", 445 ," 67,694,580 "," 1,787 ", 449 ," 95,276,850 "," 2,092 ", 487 ," 87,769,960 "," 1,869 ", 493 ," 112,222,240 "," 2,054 ", 524 
서울,관악구,여,30~39세," 50,304,750 "," 1,750 ", 369 ," 64,424,840 "," 1,779 ", 386 ," 84,828,290 "," 1,911 ", 400 ," 84,112,610 "," 1,807 ", 415 ," 97,704,670 "," 2,029 ", 426 
서울,관악구,여,40~49세," 39,824,960 "," 1,549 ", 389 ," 48,543,510 "," 1,603 ", 386 ," 54,629,610 "," 1,660 ", 408 ," 63,440,200 "," 1,722 ", 401 ," 66,858,730 "," 1,685 ", 396 
서울,관악구,여,50~59세," 58,563,830 "," 2,254 ", 618 ," 56,094,830 "," 1,958 ", 610 ," 59,500,450 "," 1,968 ", 606 ," 72,288,080 "," 2,249 ", 641 ," 81,410,700 "," 2,432 ", 617 
서울,관악구,여,60~69세," 72,960,590 "," 2,710 ", 720 ," 82,145,960 "," 2,994 ", 777 ," 92,082,550 "," 3,020 ", 818 ," 95,018,330 "," 3,099 ", 834 ," 99,459,120 "," 3,160 ", 886 
서울,관악구,여,70~79세," 48,767,270 "," 2,099 ", 535 ," 55,926,950 "," 2,339 ", 583 ," 63,336,150 "," 2,455 ", 620 ," 71,501,080 "," 2,485 ", 642 ," 73,978,830 "," 2,428 ", 623 
서울,관악구,여,80~89세," 19,287,700 "," 1,021 ", 247 ," 23,742,730 "," 1,224 ", 277 ," 26,309,860 "," 1,317 ", 303 ," 31,681,410 "," 1,310 ", 287 ," 30,796,160 "," 1,188 ", 302 
서울,관악구,여,90~99세," 1,728,040 ", 113 , 29 ," 2,420,920 ", 119 , 29 ," 2,406,140 ", 97 , 26 ," 2,511,430 ", 121 , 38 ," 3,629,960 ", 153 , 44 
서울,관악구,여,100세 이상, - , - , - , - , - , - , - , - , - , - , - , - , - , - , - 
서울,구로구,남,0~9세, - , - , - , - , - , - , - , - , - , - , - , - , - , - , - 
서울,구로구,남,10~19세, - , - , - , - , - , - , - , - , - ," 1,233,720 ", 34 , 17 , - , - , - 
서울,구로구,남,20~29세," 10,199,650 ", 316 , 99 ," 17,284,920 ", 441 , 134 ," 15,839,890 ", 425 , 116 ," 18,370,060 ", 411 , 97 ," 21,525,160 ", 426 , 107 
서울,구로구,남,30~39세," 14,326,170 ", 565 , 163 ," 20,021,210 ", 653 , 160 ," 27,923,880 ", 743 , 181 ," 31,907,430 ", 757 , 210 ," 31,760,450 ", 709 , 210 
서울,구로구,남,40~49세," 18,238,850 ", 721 , 229 ," 18,671,570 ", 783 , 246 ," 17,420,740 ", 624 , 193 ," 20,244,340 ", 737 , 243 ," 28,924,310 ", 874 , 245 
서울,구로구,남,50~59세," 25,664,600 "," 1,132 ", 343 ," 26,845,220 "," 1,201 ", 371 ," 26,107,770 "," 1,138 ", 334 ," 31,679,420 "," 1,162 ", 362 ," 40,952,800 "," 1,363 ", 390 
서울,구로구,남,60~69세," 31,835,240 "," 1,386 ", 447 ," 28,195,790 "," 1,322 ", 456 ," 36,059,320 "," 1,493 ", 464 ," 44,339,300 "," 1,742 ", 505 ," 48,388,650 "," 1,884 ", 562 
서울,구로구,남,70~79세," 30,579,930 "," 1,456 ", 426 ," 30,907,930 "," 1,577 ", 438 ," 38,079,670 "," 1,651 ", 430 ," 37,940,790 "," 1,669 ", 442 ," 44,333,520 "," 1,859 ", 471 
서울,구로구,남,80~89세," 8,471,560 ", 483 , 158 ," 9,416,110 ", 570 , 164 ," 12,038,070 ", 673 , 191 ," 17,638,580 ", 796 , 221 ," 19,282,110 ", 872 , 239 
서울,구로구,남,90~99세," 1,281,000 ", 67 , 19 ," 1,226,160 ", 105 , 27 ," 1,017,620 ", 74 , 24 ," 1,127,580 ", 71 , 17 ," 1,705,270 ", 68 , 20 
서울,구로구,남,100세 이상, - , - , - , - , - , - , - , - , - , - , - , - , - , - , - 
서울,구로구,여,0~9세, - , - , - , - , - , - , - , - , - , - , - , - , - , - , - 
서울,구로구,여,10~19세," 516,600 ", 26 , 11 , - , - , - ," 2,365,290 ", 43 , 13 ," 3,066,130 ", 44 , 20 ," 1,187,260 ", 20 , 15 
서울,구로구,여,20~29세," 29,781,110 ", 709 , 157 ," 31,141,390 ", 707 , 185 ," 27,137,310 ", 609 , 171 ," 34,199,420 ", 700 , 186 ," 22,056,490 ", 466 , 159 
서울,구로구,여,30~39세," 22,320,320 ", 794 , 250 ," 31,311,350 "," 1,015 ", 272 ," 37,423,790 "," 1,088 ", 265 ," 36,919,410 "," 1,016 ", 265 ," 38,459,110 ", 951 , 232 
서울,구로구,여,40~49세," 27,458,650 "," 1,305 ", 350 ," 31,987,850 "," 1,266 ", 337 ," 33,696,320 "," 1,306 ", 350 ," 38,422,090 "," 1,301 ", 353 ," 42,748,160 "," 1,357 ", 336 
서울,구로구,여,50~59세," 44,416,420 "," 1,864 ", 623 ," 48,705,050 "," 1,886 ", 636 ," 61,592,320 "," 2,176 ", 685 ," 65,114,450 "," 2,163 ", 658 ," 61,408,060 "," 2,036 ", 691 
서울,구로구,여,60~69세," 61,127,950 "," 2,515 ", 779 ," 62,476,330 "," 2,733 ", 798 ," 73,098,720 "," 2,928 ", 889 ," 86,564,900 "," 3,123 ", 990 ," 91,483,860 "," 3,194 "," 1,020 "
서울,구로구,여,70~79세," 35,521,050 "," 1,603 ", 503 ," 41,597,510 "," 1,848 ", 542 ," 47,979,410 "," 2,033 ", 574 ," 55,957,200 "," 2,117 ", 621 ," 67,205,810 "," 2,457 ", 673 
서울,구로구,여,80~89세," 19,231,240 ", 966 , 245 ," 19,750,380 "," 1,074 ", 270 ," 18,632,000 "," 1,005 ", 282 ," 23,699,970 "," 1,139 ", 315 ," 28,843,570 "," 1,255 ", 355 
서울,구로구,여,90~99세," 10,364,650 ", 223 , 33 ," 1,288,840 ", 117 , 32 ," 1,725,760 ", 135 , 32 ," 2,043,760 ", 150 , 43 ," 2,818,720 ", 160 , 42 
서울,구로구,여,100세 이상, - , - , - , - , - , - , - , - , - , - , - , - , - , - , - 
서울,도봉구,남,0~9세, - , - , - , - , - , - , - , - , - , - , - , - , - , - , - 
서울,도봉구,남,10~19세," 795,550 ", 25 , 12 , - , - , - , - , - , - , - , - , - , - , - , - 
서울,도봉구,남,20~29세," 6,678,160 ", 300 , 71 ," 8,846,540 ", 351 , 78 ," 10,215,030 ", 430 , 104 ," 9,818,590 ", 376 , 106 ," 9,200,630 ", 373 , 89 
서울,도봉구,남,30~39세," 9,390,690 ", 384 , 107 ," 9,725,010 ", 375 , 105 ," 11,543,460 ", 438 , 111 ," 8,648,820 ", 309 , 124 ," 15,356,680 ", 451 , 107 
서울,도봉구,남,40~49세," 9,402,690 ", 461 , 130 ," 13,045,720 ", 548 , 114 ," 13,306,780 ", 648 , 169 ," 17,587,670 ", 737 , 161 ," 15,268,700 ", 653 , 153 
서울,도봉구,남,50~59세," 16,647,800 ", 761 , 238 ," 19,051,610 ", 828 , 239 ," 19,608,680 ", 823 , 258 ," 20,331,460 ", 827 , 263 ," 20,043,570 ", 849 , 203 
서울,도봉구,남,60~69세," 20,562,860 ", 980 , 318 ," 29,759,520 "," 1,265 ", 358 ," 32,661,370 "," 1,460 ", 456 ," 36,025,240 "," 1,450 ", 469 ," 37,620,740 "," 1,405 ", 393 
서울,도봉구,남,70~79세," 30,001,640 "," 1,424 ", 372 ," 32,550,990 "," 1,419 ", 363 ," 32,946,730 "," 1,382 ", 371 ," 37,528,440 "," 1,682 ", 419 ," 37,943,520 "," 1,652 ", 410 
서울,도봉구,남,80~89세," 15,820,670 ", 771 , 186 ," 19,372,560 ", 949 , 198 ," 19,689,040 "," 1,008 ", 211 ," 28,079,480 "," 1,286 ", 232 ," 35,685,320 "," 1,571 ", 257 
서울,도봉구,남,90~99세," 727,150 ", 51 , 18 ," 2,282,460 ", 86 , 17 ," 1,358,510 ", 86 , 22 ," 1,580,490 ", 105 , 28 ," 1,472,740 ", 102 , 27 
서울,도봉구,남,100세 이상, - , - , - , - , - , - , - , - , - , - , - , - , - , - , - 
서울,도봉구,여,0~9세, - , - , - , - , - , - , - , - , - , - , - , - , - , - , - 
서울,도봉구,여,10~19세," 438,650 ", 17 , 11 , - , - , - ," 2,236,810 ", 51 , 10 , - , - , - , - , - , - 
서울,도봉구,여,20~29세," 9,101,030 ", 347 , 100 ," 12,673,680 ", 421 , 104 ," 12,060,370 ", 445 , 118 ," 8,322,460 ", 357 , 103 ," 8,082,040 ", 345 , 88 
서울,도봉구,여,30~39세," 14,855,980 ", 687 , 143 ," 15,490,970 ", 747 , 157 ," 19,411,740 ", 832 , 186 ," 17,265,090 ", 672 , 161 ," 14,118,940 ", 576 , 136 
서울,도봉구,여,40~49세," 17,358,910 ", 873 , 223 ," 24,301,260 "," 1,152 ", 258 ," 25,028,440 "," 1,235 ", 274 ," 30,756,680 "," 1,260 ", 307 ," 31,756,600 "," 1,368 ", 285 
서울,도봉구,여,50~59세," 29,109,380 "," 1,280 ", 445 ," 35,084,740 "," 1,447 ", 481 ," 33,508,840 "," 1,471 ", 461 ," 31,516,710 "," 1,340 ", 439 ," 43,365,610 "," 1,646 ", 506 
서울,도봉구,여,60~69세," 37,397,170 "," 1,620 ", 498 ," 42,088,400 "," 1,822 ", 528 ," 48,672,080 "," 2,019 ", 613 ," 47,928,660 "," 2,053 ", 647 ," 53,178,460 "," 2,133 ", 695 
서울,도봉구,여,70~79세," 35,735,720 "," 1,568 ", 438 ," 41,719,440 "," 1,798 ", 469 ," 46,847,170 "," 2,040 ", 514 ," 52,196,090 "," 2,182 ", 579 ," 60,689,780 "," 2,491 ", 542 
서울,도봉구,여,80~89세," 19,222,100 "," 1,021 ", 253 ," 23,229,460 "," 1,167 ", 283 ," 27,859,690 "," 1,282 ", 304 ," 34,556,960 "," 1,452 ", 306 ," 40,089,250 "," 1,579 ", 354 
서울,도봉구,여,90~99세," 2,703,280 ", 197 , 47 ," 3,143,640 ", 216 , 45 ," 3,557,940 ", 257 , 45 ," 3,465,440 ", 200 , 42 ," 3,451,140 ", 192 , 48 
서울,도봉구,여,100세 이상, - , - , - , - , - , - , - , - , - , - , - , - , - , - , - 
서울,동대문구,남,0~9세, - , - , - , - , - , - , - , - , - , - , - , - , - , - , - 
서울,동대문구,남,10~19세," 698,050 ", 21 , 14 ," 509,370 ", 15 , 11 , - , - , - ," 2,097,380 ", 24 , 12 , - , - , - 
서울,동대문구,남,20~29세," 14,502,020 ", 415 , 156 ," 16,859,020 ", 415 , 139 ," 18,714,040 ", 428 , 130 ," 16,149,130 ", 348 , 108 ," 18,012,730 ", 537 , 183 
서울,동대문구,남,30~39세," 18,759,530 ", 652 , 182 ," 18,721,760 ", 681 , 174 ," 16,947,100 ", 548 , 174 ," 18,221,440 ", 586 , 171 ," 27,199,110 ", 680 , 204 
서울,동대문구,남,40~49세," 27,288,270 ", 920 , 254 ," 24,332,400 ", 983 , 258 ," 23,147,790 ", 995 , 249 ," 22,729,550 ", 966 , 256 ," 23,829,260 ", 887 , 262 
서울,동대문구,남,50~59세," 29,917,290 "," 1,204 ", 378 ," 33,811,980 "," 1,303 ", 348 ," 32,444,490 "," 1,199 ", 333 ," 42,073,190 "," 1,301 ", 341 ," 41,984,550 "," 1,304 ", 325 
서울,동대문구,남,60~69세," 53,821,230 "," 1,805 ", 491 ," 54,354,940 "," 1,757 ", 489 ," 63,149,240 "," 1,946 ", 504 ," 65,689,410 "," 1,882 ", 485 ," 61,677,920 "," 1,839 ", 461 
서울,동대문구,남,70~79세," 49,088,660 "," 1,852 ", 534 ," 53,498,820 "," 1,904 ", 494 ," 51,391,140 "," 1,688 ", 447 ," 55,229,440 "," 1,656 ", 470 ," 54,615,770 "," 1,565 ", 425 
서울,동대문구,남,80~89세," 20,657,850 ", 876 , 237 ," 24,105,940 "," 1,038 ", 261 ," 28,097,490 "," 1,085 ", 241 ," 30,729,240 "," 1,123 ", 267 ," 31,653,410 "," 1,126 ", 291 
서울,동대문구,남,90~99세," 1,910,370 ", 100 , 21 ," 2,674,890 ", 98 , 26 ," 1,092,820 ", 48 , 17 ," 786,530 ", 49 , 15 ," 3,028,620 ", 82 , 22 
서울,동대문구,남,100세 이상, - , - , - , - , - , - , - , - , - , - , - , - , - , - , - 
서울,동대문구,여,0~9세, - , - , - , - , - , - , - , - , - , - , - , - , - , - , - 
서울,동대문구,여,10~19세, - , - , - , - , - , - , - , - , - , - , - , - ," 1,747,680 ", 43 , 17 
서울,동대문구,여,20~29세," 12,938,690 ", 457 , 168 ," 20,085,720 ", 546 , 166 ," 19,070,910 ", 581 , 170 ," 21,781,300 ", 567 , 156 ," 33,609,950 ", 769 , 199 
서울,동대문구,여,30~39세," 32,413,500 "," 1,143 ", 282 ," 31,808,610 "," 1,110 ", 281 ," 41,037,280 "," 1,286 ", 269 ," 33,989,310 "," 1,142 ", 283 ," 32,685,360 "," 1,122 ", 278 
서울,동대문구,여,40~49세," 51,086,730 "," 1,976 ", 454 ," 60,385,950 "," 1,908 ", 409 ," 47,120,260 "," 1,631 ", 364 ," 53,413,970 "," 1,710 ", 386 ," 50,522,140 "," 1,552 ", 427 
서울,동대문구,여,50~59세," 59,541,390 "," 2,037 ", 685 ," 55,354,050 "," 1,952 ", 595 ," 65,794,270 "," 2,196 ", 615 ," 61,291,050 "," 1,946 ", 582 ," 62,647,570 "," 1,903 ", 568 
서울,동대문구,여,60~69세," 65,562,920 "," 2,271 ", 729 ," 77,840,190 "," 2,344 ", 758 ," 96,738,510 "," 2,633 ", 777 ," 90,336,710 "," 2,598 ", 796 ," 87,123,440 "," 2,569 ", 810 
서울,동대문구,여,70~79세," 55,802,780 "," 2,136 ", 639 ," 62,142,510 "," 2,163 ", 638 ," 78,032,580 "," 2,390 ", 649 ," 73,938,900 "," 2,283 ", 651 ," 76,712,260 "," 2,342 ", 678 
서울,동대문구,여,80~89세," 23,502,710 "," 1,221 ", 307 ," 29,768,480 "," 1,377 ", 324 ," 33,530,880 "," 1,400 ", 368 ," 38,557,390 "," 1,378 ", 343 ," 40,439,750 "," 1,348 ", 368 
서울,동대문구,여,90~99세," 2,365,950 ", 158 , 41 ," 2,415,690 ", 146 , 37 ," 3,066,560 ", 195 , 26 ," 2,715,780 ", 182 , 35 ," 2,884,920 ", 185 , 40 
서울,동대문구,여,100세 이상, - , - , - , - , - , - , - , - , - , - , - , - , - , - , - 
서울,동작구,남,0~9세, - , - , - , - , - , - , - , - , - , - , - , - , - , - , - 
서울,동작구,남,10~19세," 690,610 ", 24 , 17 ," 1,937,710 ", 37 , 17 ," 2,277,980 ", 49 , 16 ," 8,119,460 ", 117 , 25 ," 6,839,330 ", 127 , 23 
서울,동작구,남,20~29세," 12,496,860 ", 482 , 198 ," 22,266,730 ", 632 , 200 ," 31,232,050 ", 822 , 205 ," 48,276,990 ", 958 , 267 ," 67,034,320 "," 1,031 ", 245 
서울,동작구,남,30~39세," 23,831,830 ", 688 , 198 ," 25,931,420 ", 708 , 195 ," 22,559,480 ", 668 , 182 ," 43,273,870 "," 1,129 ", 233 ," 58,954,000 "," 1,170 ", 236 
서울,동작구,남,40~49세," 13,879,430 ", 638 , 182 ," 20,647,360 ", 891 , 208 ," 23,987,100 ", 912 , 212 ," 29,115,030 ", 975 , 217 ," 50,283,400 "," 1,199 ", 229 
서울,동작구,남,50~59세," 22,760,290 ", 972 , 313 ," 29,926,990 "," 1,120 ", 313 ," 36,678,290 "," 1,196 ", 320 ," 43,371,870 "," 1,301 ", 366 ," 38,961,530 "," 1,124 ", 320 
서울,동작구,남,60~69세," 30,680,790 "," 1,233 ", 381 ," 33,604,390 "," 1,354 ", 387 ," 36,915,280 "," 1,529 ", 433 ," 42,307,180 "," 1,622 ", 453 ," 59,344,630 "," 1,865 ", 483 
서울,동작구,남,70~79세," 35,470,890 "," 1,797 ", 460 ," 41,531,800 "," 1,970 ", 449 ," 35,320,940 "," 1,685 ", 438 ," 41,588,410 "," 1,746 ", 453 ," 54,561,700 "," 1,847 ", 478 
서울,동작구,남,80~89세," 16,416,870 ", 896 , 217 ," 19,094,800 "," 1,099 ", 253 ," 20,858,080 "," 1,089 ", 254 ," 24,577,710 "," 1,222 ", 307 ," 33,324,220 "," 1,429 ", 327 
서울,동작구,남,90~99세," 1,265,150 ", 73 , 22 ," 1,291,050 ", 93 , 28 ," 732,080 ", 56 , 16 ," 2,222,000 ", 78 , 23 ," 3,442,010 ", 140 , 35 
서울,동작구,남,100세 이상, - , - , - , - , - , - , - , - , - , - , - , - , - , - , - 
서울,동작구,여,0~9세, - , - , - , - , - , - , - , - , - , - , - , - , - , - , - 
서울,동작구,여,10~19세," 664,600 ", 19 , 13 ," 4,289,930 ", 54 , 18 ," 5,939,150 ", 97 , 21 ," 7,638,770 ", 113 , 36 ," 8,066,670 ", 98 , 26 
서울,동작구,여,20~29세," 20,396,000 ", 727 , 226 ," 50,459,890 "," 1,075 ", 310 ," 46,948,750 ", 966 , 270 ," 82,128,800 "," 1,396 ", 325 ," 87,233,700 "," 1,370 ", 312 
서울,동작구,여,30~39세," 22,583,190 ", 835 , 242 ," 37,440,490 "," 1,163 ", 254 ," 37,984,140 "," 1,075 ", 275 ," 62,140,010 "," 1,325 ", 300 ," 77,960,930 "," 1,464 ", 312 
서울,동작구,여,40~49세," 26,764,510 "," 1,285 ", 343 ," 40,350,970 "," 1,401 ", 366 ," 33,764,880 "," 1,290 ", 356 ," 43,164,680 "," 1,424 ", 387 ," 56,074,650 "," 1,513 ", 378 
서울,동작구,여,50~59세," 37,956,980 "," 1,786 ", 646 ," 46,143,900 "," 1,924 ", 642 ," 49,421,460 "," 1,901 ", 575 ," 73,974,410 "," 2,321 ", 681 ," 92,510,220 "," 2,246 ", 674 
서울,동작구,여,60~69세," 48,619,220 "," 2,106 ", 702 ," 55,016,330 "," 2,307 ", 716 ," 65,144,510 "," 2,486 ", 837 ," 83,566,420 "," 2,721 ", 882 ," 104,023,780 "," 2,957 ", 929 
서울,동작구,여,70~79세," 45,041,710 "," 2,228 ", 675 ," 50,253,170 "," 2,442 ", 683 ," 56,827,940 "," 2,495 ", 738 ," 67,416,650 "," 2,638 ", 756 ," 85,927,110 "," 2,743 ", 798 
서울,동작구,여,80~89세," 23,598,570 "," 1,256 ", 330 ," 26,607,130 "," 1,317 ", 343 ," 29,249,670 "," 1,334 ", 348 ," 35,894,680 "," 1,503 ", 417 ," 50,108,240 "," 1,854 ", 446 
서울,동작구,여,90~99세," 1,868,570 ", 139 , 43 ," 2,260,720 ", 129 , 41 ," 2,137,760 ", 167 , 42 ," 3,693,020 ", 247 , 53 ," 5,880,570 ", 297 , 62 
서울,동작구,여,100세 이상, - , - , - , - , - , - , - , - , - , - , - , - , - , - , - 
서울,마포구,남,0~9세, - , - , - , - , - , - , - , - , - , - , - , - , - , - , - 
서울,마포구,남,10~19세," 413,710 ", 20 , 16 ," 1,344,800 ", 29 , 16 ," 1,021,370 ", 31 , 16 ," 735,020 ", 41 , 18 ," 1,719,440 ", 24 , 10 
서울,마포구,남,20~29세," 24,643,140 ", 696 , 246 ," 30,421,040 ", 828 , 257 ," 32,018,770 ", 751 , 203 ," 38,952,130 ", 872 , 250 ," 43,293,340 ", 776 , 247 
서울,마포구,남,30~39세," 32,305,600 "," 1,146 ", 311 ," 31,899,150 "," 1,031 ", 286 ," 34,698,170 "," 1,037 ", 283 ," 48,261,230 "," 1,237 ", 319 ," 65,495,770 "," 1,369 ", 372 
서울,마포구,남,40~49세," 26,086,130 ", 970 , 326 ," 27,238,740 ", 944 , 285 ," 33,981,870 "," 1,049 ", 281 ," 48,367,790 "," 1,222 ", 342 ," 65,038,770 "," 1,349 ", 352 
서울,마포구,남,50~59세," 32,602,390 "," 1,304 ", 375 ," 27,385,580 "," 1,051 ", 331 ," 33,277,680 "," 1,094 ", 338 ," 36,216,820 "," 1,102 ", 344 ," 55,402,410 "," 1,448 ", 378 
서울,마포구,남,60~69세," 35,140,010 "," 1,491 ", 362 ," 35,415,940 "," 1,491 ", 371 ," 36,157,230 "," 1,380 ", 317 ," 38,808,370 "," 1,433 ", 370 ," 50,077,810 "," 1,592 ", 412 
서울,마포구,남,70~79세," 29,825,720 "," 1,451 ", 359 ," 30,255,440 "," 1,396 ", 349 ," 31,557,920 "," 1,336 ", 342 ," 33,073,900 "," 1,326 ", 323 ," 37,447,930 "," 1,344 ", 357 
서울,마포구,남,80~89세," 14,770,710 ", 778 , 187 ," 16,215,740 ", 811 , 189 ," 16,476,400 ", 798 , 182 ," 16,823,240 ", 881 , 216 ," 21,824,250 "," 1,017 ", 231 
서울,마포구,남,90~99세," 697,710 ", 55 , 16 ," 739,840 ", 55 , 18 ," 864,360 ", 52 , 19 ," 466,070 ", 33 , 15 ," 1,337,080 ", 76 , 29 
서울,마포구,남,100세 이상, - , - , - , - , - , - , - , - , - , - , - , - , - , - , - 
서울,마포구,여,0~9세, - , - , - , - , - , - , - , - , - , - , - , - , - , - , - 
서울,마포구,여,10~19세," 3,455,400 ", 56 , 25 ," 5,866,090 ", 81 , 22 ," 2,354,310 ", 39 , 17 ," 2,417,150 ", 34 , 16 ," 3,158,510 ", 44 , 19 
서울,마포구,여,20~29세," 29,555,110 ", 883 , 321 ," 44,687,570 "," 1,054 ", 309 ," 39,967,730 ", 898 , 307 ," 42,638,710 ", 855 , 308 ," 77,794,710 "," 1,250 ", 374 
서울,마포구,여,30~39세," 53,641,930 "," 1,606 ", 423 ," 58,712,320 "," 1,606 ", 405 ," 59,794,230 "," 1,485 ", 377 ," 74,755,710 "," 1,725 ", 423 ," 92,218,900 "," 1,685 ", 465 
서울,마포구,여,40~49세," 39,929,090 "," 1,640 ", 475 ," 43,180,120 "," 1,618 ", 431 ," 45,680,710 "," 1,451 ", 405 ," 70,930,720 "," 1,863 ", 492 ," 91,203,570 "," 2,102 ", 509 
서울,마포구,여,50~59세," 45,521,780 "," 1,990 ", 648 ," 48,038,720 "," 1,846 ", 586 ," 53,889,600 "," 1,944 ", 586 ," 64,309,960 "," 2,098 ", 631 ," 84,524,320 "," 2,313 ", 669 
서울,마포구,여,60~69세," 45,712,260 "," 2,124 ", 612 ," 54,883,020 "," 2,292 ", 650 ," 66,478,210 "," 2,484 ", 648 ," 73,585,750 "," 2,555 ", 686 ," 91,798,050 "," 2,732 ", 732 
서울,마포구,여,70~79세," 47,765,500 "," 2,195 ", 503 ," 50,808,510 "," 2,245 ", 532 ," 64,951,420 "," 2,512 ", 544 ," 68,403,400 "," 2,532 ", 538 ," 76,503,660 "," 2,632 ", 562 
서울,마포구,여,80~89세," 20,540,340 "," 1,096 ", 251 ," 21,380,440 "," 1,157 ", 274 ," 27,513,780 "," 1,334 ", 309 ," 27,253,770 "," 1,259 ", 297 ," 32,263,680 "," 1,409 ", 323 
서울,마포구,여,90~99세," 607,930 ", 46 , 17 ," 1,537,530 ", 90 , 26 ," 1,822,290 ", 107 , 31 ," 1,992,890 ", 130 , 28 ," 3,769,550 ", 205 , 45 
서울,마포구,여,100세 이상, - , - , - , - , - , - , - , - , - , - , - , - , - , - , - 
서울,서대문구,남,0~9세, - , - , - , - , - , - , - , - , - , - , - , - , - , - , - 
서울,서대문구,남,10~19세," 5,976,210 ", 78 , 14 ," 3,956,530 ", 35 , 12 ," 2,210,790 ", 31 , 14 ," 3,148,310 ", 66 , 20 ," 2,556,000 ", 39 , 12 
서울,서대문구,남,20~29세," 21,675,500 ", 586 , 159 ," 33,283,780 ", 732 , 178 ," 34,886,200 ", 758 , 192 ," 32,429,440 ", 745 , 182 ," 27,365,150 ", 604 , 149 
서울,서대문구,남,30~39세," 19,643,450 ", 581 , 175 ," 27,371,750 ", 718 , 192 ," 25,988,210 ", 743 , 196 ," 30,441,270 ", 782 , 180 ," 46,826,570 "," 1,013 ", 216 
서울,서대문구,남,40~49세," 21,101,010 ", 665 , 223 ," 30,930,050 ", 863 , 239 ," 34,308,160 ", 916 , 234 ," 36,144,650 ", 952 , 238 ," 33,138,350 ", 937 , 249 
서울,서대문구,남,50~59세," 36,465,880 "," 1,155 ", 327 ," 49,859,600 "," 1,341 ", 355 ," 48,744,220 "," 1,318 ", 291 ," 41,252,500 "," 1,163 ", 296 ," 44,150,840 "," 1,159 ", 304 
서울,서대문구,남,60~69세," 49,301,940 "," 1,472 ", 432 ," 61,022,340 "," 1,708 ", 426 ," 76,121,110 "," 2,007 ", 430 ," 75,066,740 "," 1,987 ", 484 ," 64,443,810 "," 1,900 ", 453 
서울,서대문구,남,70~79세," 54,070,140 "," 1,683 ", 429 ," 55,929,260 "," 1,725 ", 474 ," 64,317,680 "," 1,901 ", 441 ," 59,136,730 "," 1,812 ", 417 ," 63,779,340 "," 1,975 ", 451 
서울,서대문구,남,80~89세," 35,650,930 "," 1,014 ", 250 ," 36,331,530 "," 1,184 ", 276 ," 41,815,240 "," 1,239 ", 268 ," 41,534,350 "," 1,355 ", 296 ," 51,822,920 "," 1,432 ", 307 
서울,서대문구,남,90~99세," 3,208,760 ", 104 , 21 ," 3,773,710 ", 161 , 27 ," 4,373,640 ", 144 , 31 ," 3,360,810 ", 154 , 24 ," 4,152,110 ", 150 , 31 
서울,서대문구,남,100세 이상, - , - , - , - , - , - , - , - , - , - , - , - , - , - , - 
서울,서대문구,여,0~9세, - , - , - , - , - , - , - , - , - , - , - , - , - , - , - 
서울,서대문구,여,10~19세," 513,300 ", 14 , 12 ," 1,817,650 ", 29 , 11 ," 2,762,780 ", 30 , 13 ," 6,734,950 ", 58 , 19 ," 2,406,950 ", 44 , 22 
서울,서대문구,여,20~29세," 32,124,240 ", 722 , 215 ," 30,799,180 ", 717 , 231 ," 35,045,350 ", 711 , 214 ," 49,616,280 ", 983 , 248 ," 43,045,630 ", 886 , 218 
서울,서대문구,여,30~39세," 39,110,950 "," 1,136 ", 281 ," 49,751,920 "," 1,439 ", 283 ," 58,932,240 "," 1,601 ", 306 ," 58,332,620 "," 1,512 ", 280 ," 52,762,810 "," 1,347 ", 260 
서울,서대문구,여,40~49세," 49,917,230 "," 1,487 ", 411 ," 56,424,630 "," 1,756 ", 403 ," 62,043,130 "," 1,876 ", 412 ," 62,426,640 "," 1,851 ", 409 ," 56,343,310 "," 1,604 ", 369 
서울,서대문구,여,50~59세," 83,451,020 "," 2,406 ", 728 ," 96,532,860 "," 2,655 ", 703 ," 87,280,770 "," 2,426 ", 660 ," 81,637,160 "," 2,391 ", 637 ," 79,629,630 "," 2,404 ", 635 
서울,서대문구,여,60~69세," 104,781,630 "," 2,854 ", 870 ," 118,026,580 "," 2,996 ", 907 ," 139,671,390 "," 3,674 ", 924 ," 134,647,840 "," 3,606 ", 908 ," 127,384,190 "," 3,271 ", 880 
서울,서대문구,여,70~79세," 85,068,100 "," 2,278 ", 670 ," 92,411,050 "," 2,546 ", 753 ," 99,673,950 "," 2,685 ", 708 ," 91,760,010 "," 2,616 ", 679 ," 91,813,440 "," 2,525 ", 651 
서울,서대문구,여,80~89세," 38,058,080 "," 1,238 ", 367 ," 47,242,370 "," 1,547 ", 424 ," 61,590,660 "," 1,758 ", 412 ," 64,772,210 "," 1,824 ", 435 ," 57,803,730 "," 1,806 ", 451 
서울,서대문구,여,90~99세," 3,287,850 ", 150 , 39 ," 4,195,190 ", 149 , 42 ," 5,610,260 ", 181 , 47 ," 4,652,260 ", 193 , 55 ," 5,365,400 ", 213 , 66 
서울,서대문구,여,100세 이상, - , - , - , - , - , - , - , - , - , - , - , - , - , - , - 
서울,성동구,남,0~9세, - , - , - , - , - , - , - , - , - , - , - , - , - , - , - 
서울,성동구,남,10~19세, - , - , - , - , - , - ," 617,450 ", 19 , 10 ," 4,574,010 ", 49 , 19 ," 3,807,880 ", 50 , 10 
서울,성동구,남,20~29세," 13,476,360 ", 385 , 113 ," 12,219,280 ", 315 , 116 ," 19,037,220 ", 488 , 177 ," 18,276,970 ", 408 , 150 ," 19,589,270 ", 428 , 156 
서울,성동구,남,30~39세," 22,781,110 ", 660 , 199 ," 27,460,500 ", 696 , 189 ," 37,115,180 ", 972 , 261 ," 39,696,610 ", 897 , 257 ," 46,920,440 ", 988 , 253 
서울,성동구,남,40~49세," 19,900,490 ", 606 , 192 ," 26,334,150 ", 776 , 198 ," 30,830,930 ", 883 , 226 ," 34,622,440 ", 843 , 224 ," 41,093,960 ", 908 , 246 
서울,성동구,남,50~59세," 24,085,080 ", 899 , 251 ," 27,859,800 ", 994 , 279 ," 30,507,620 "," 1,000 ", 245 ," 35,435,070 "," 1,066 ", 274 ," 43,318,910 "," 1,117 ", 276 
서울,성동구,남,60~69세," 17,740,100 ", 744 , 222 ," 23,394,180 ", 827 , 235 ," 25,800,470 ", 845 , 259 ," 34,884,430 "," 1,010 ", 304 ," 42,868,470 "," 1,063 ", 298 
서울,성동구,남,70~79세," 25,108,960 "," 1,025 ", 256 ," 26,124,550 ", 947 , 246 ," 29,561,030 ", 990 , 220 ," 28,235,520 ", 856 , 231 ," 31,623,010 ", 867 , 227 
서울,성동구,남,80~89세," 8,735,820 ", 389 , 94 ," 8,857,390 ", 419 , 104 ," 8,976,460 ", 448 , 111 ," 11,923,450 ", 466 , 120 ," 13,546,000 ", 601 , 132 
서울,성동구,남,90~99세," 705,520 ", 49 , 12 ," 885,930 ", 54 , 12 , - , - , - ," 1,467,130 ", 46 , 12 ," 3,900,780 ", 65 , 15 
서울,성동구,남,100세 이상, - , - , - , - , - , - , - , - , - , - , - , - , - , - , - 
서울,성동구,여,0~9세, - , - , - , - , - , - , - , - , - , - , - , - , - , - , - 
서울,성동구,여,10~19세," 813,440 ", 24 , 12 , - , - , - , - , - , - ," 4,000,090 ", 47 , 17 ," 2,557,580 ", 30 , 14 
서울,성동구,여,20~29세," 26,163,010 ", 762 , 188 ," 39,865,080 ", 920 , 209 ," 43,060,800 ", 993 , 266 ," 47,267,550 ", 995 , 262 ," 46,640,850 ", 910 , 224 
서울,성동구,여,30~39세," 51,748,410 "," 1,590 ", 369 ," 56,889,430 "," 1,672 ", 362 ," 65,453,280 "," 1,808 ", 444 ," 79,899,260 "," 1,776 ", 428 ," 104,621,680 "," 1,841 ", 407 
서울,성동구,여,40~49세," 38,328,270 "," 1,440 ", 392 ," 39,725,810 "," 1,421 ", 342 ," 60,611,330 "," 1,734 ", 416 ," 59,340,400 "," 1,769 ", 415 ," 82,674,700 "," 1,959 ", 442 
서울,성동구,여,50~59세," 41,643,290 "," 1,677 ", 484 ," 37,382,180 "," 1,443 ", 452 ," 38,428,910 "," 1,394 ", 454 ," 52,560,810 "," 1,554 ", 482 ," 64,846,500 "," 1,651 ", 484 
서울,성동구,여,60~69세," 33,208,980 "," 1,363 ", 436 ," 33,843,820 "," 1,356 ", 458 ," 41,436,710 "," 1,500 ", 480 ," 47,707,340 "," 1,574 ", 498 ," 52,558,220 "," 1,571 ", 539 
서울,성동구,여,70~79세," 29,182,710 "," 1,169 ", 327 ," 30,676,710 "," 1,193 ", 320 ," 26,162,630 "," 1,083 ", 350 ," 37,168,000 "," 1,240 ", 346 ," 40,549,260 "," 1,358 ", 385 
서울,성동구,여,80~89세," 9,713,480 ", 487 , 128 ," 12,599,960 ", 565 , 154 ," 14,629,800 ", 621 , 179 ," 19,410,980 ", 729 , 172 ," 21,270,450 ", 805 , 208 
서울,성동구,여,90~99세," 1,447,330 ", 111 , 18 ," 1,047,950 ", 60 , 12 ," 737,460 ", 53 , 14 ," 1,555,060 ", 96 , 23 ," 1,377,030 ", 69 , 24 
서울,성동구,여,100세 이상, - , - , - , - , - , - , - , - , - , - , - , - , - , - , - 
서울,성북구,남,0~9세, - , - , - , - , - , - , - , - , - , - , - , - , - , - , - 
서울,성북구,남,10~19세," 1,388,510 ", 29 , 10 , - , - , - ," 1,090,630 ", 46 , 10 ," 701,690 ", 44 , 14 , - , - , - 
서울,성북구,남,20~29세," 9,468,500 ", 397 , 151 ," 10,815,780 ", 344 , 147 ," 16,778,080 ", 418 , 123 ," 16,799,180 ", 460 , 133 ," 19,884,230 ", 468 , 141 
서울,성북구,남,30~39세," 9,878,490 ", 368 , 128 ," 7,706,680 ", 344 , 122 ," 14,805,210 ", 473 , 140 ," 18,055,340 ", 495 , 148 ," 19,040,200 ", 476 , 128 
서울,성북구,남,40~49세," 12,943,510 ", 517 , 161 ," 17,524,980 ", 594 , 167 ," 19,695,220 ", 645 , 175 ," 22,259,030 ", 686 , 173 ," 21,495,180 ", 599 , 161 
서울,성북구,남,50~59세," 17,933,940 ", 746 , 247 ," 20,141,910 ", 788 , 237 ," 22,285,120 ", 841 , 258 ," 18,435,700 ", 751 , 234 ," 26,004,100 ", 876 , 233 
서울,성북구,남,60~69세," 21,197,040 ", 876 , 291 ," 22,895,000 "," 1,026 ", 306 ," 27,200,350 "," 1,044 ", 323 ," 32,449,550 "," 1,068 ", 335 ," 28,974,910 "," 1,070 ", 300 
서울,성북구,남,70~79세," 24,523,320 "," 1,141 ", 339 ," 23,087,630 "," 1,196 ", 370 ," 23,180,410 "," 1,083 ", 343 ," 22,362,540 "," 1,074 ", 306 ," 25,794,150 "," 1,164 ", 342 
서울,성북구,남,80~89세," 15,508,820 ", 787 , 180 ," 17,464,220 ", 943 , 226 ," 16,909,670 ", 918 , 204 ," 20,924,810 ", 981 , 218 ," 22,655,090 "," 1,003 ", 247 
서울,성북구,남,90~99세," 1,187,110 ", 51 , 18 ," 1,636,440 ", 103 , 21 ," 2,117,000 ", 141 , 22 ," 2,146,280 ", 130 , 25 ," 1,249,510 ", 90 , 17 
서울,성북구,남,100세 이상, - , - , - , - , - , - , - , - , - , - , - , - , - , - , - 
서울,성북구,여,0~9세, - , - , - , - , - , - , - , - , - , - , - , - , - , - , - 
서울,성북구,여,10~19세," 2,495,880 ", 50 , 16 ," 1,414,650 ", 42 , 19 ," 1,692,590 ", 31 , 17 ," 2,319,500 ", 34 , 14 ," 3,396,560 ", 42 , 19 
서울,성북구,여,20~29세," 16,900,740 ", 591 , 174 ," 18,338,690 ", 521 , 197 ," 28,142,690 ", 614 , 203 ," 29,782,170 ", 631 , 166 ," 24,748,730 ", 515 , 172 
서울,성북구,여,30~39세," 19,373,240 ", 923 , 250 ," 24,869,340 ", 812 , 215 ," 24,990,750 ", 873 , 215 ," 24,702,280 ", 801 , 205 ," 19,243,170 ", 544 , 161 
서울,성북구,여,40~49세," 28,032,850 "," 1,241 ", 360 ," 29,704,620 "," 1,250 ", 318 ," 38,117,460 "," 1,352 ", 352 ," 35,323,970 "," 1,263 ", 326 ," 42,239,770 "," 1,342 ", 323 
서울,성북구,여,50~59세," 40,765,510 "," 1,693 ", 566 ," 39,188,210 "," 1,627 ", 555 ," 42,009,910 "," 1,611 ", 518 ," 55,395,830 "," 1,591 ", 492 ," 47,068,400 "," 1,550 ", 484 
서울,성북구,여,60~69세," 37,702,800 "," 1,803 ", 559 ," 45,007,010 "," 1,885 ", 612 ," 51,042,760 "," 1,874 ", 630 ," 54,153,090 "," 1,979 ", 626 ," 66,847,240 "," 2,166 ", 651 
서울,성북구,여,70~79세," 38,613,020 "," 1,658 ", 559 ," 38,157,530 "," 1,715 ", 571 ," 39,796,380 "," 1,637 ", 536 ," 35,471,080 "," 1,590 ", 541 ," 42,893,760 "," 1,819 ", 544 
서울,성북구,여,80~89세," 17,523,530 ", 912 , 290 ," 15,333,000 ", 932 , 278 ," 17,559,030 "," 1,017 ", 317 ," 22,541,120 "," 1,128 ", 322 ," 28,228,920 "," 1,277 ", 345 
서울,성북구,여,90~99세," 1,246,890 ", 114 , 29 ," 2,406,090 ", 155 , 33 ," 2,756,380 ", 200 , 46 ," 2,678,830 ", 212 , 55 ," 2,485,780 ", 184 , 39 
서울,성북구,여,100세 이상, - , - , - , - , - , - , - , - , - , - , - , - , - , - , - 
서울,영등포구,남,0~9세, - , - , - , - , - , - , - , - , - , - , - , - , - , - , - 
서울,영등포구,남,10~19세," 630,970 ", 26 , 11 ," 2,303,830 ", 40 , 13 ," 4,142,710 ", 48 , 21 ," 3,847,370 ", 44 , 15 ," 3,242,960 ", 46 , 18 
서울,영등포구,남,20~29세," 13,805,700 ", 352 , 148 ," 23,387,460 ", 523 , 165 ," 30,818,930 ", 600 , 187 ," 32,830,880 ", 541 , 178 ," 35,789,150 ", 540 , 160 
서울,영등포구,남,30~39세," 26,677,580 ", 847 , 303 ," 37,352,030 "," 1,124 ", 323 ," 42,952,030 "," 1,207 ", 338 ," 43,758,060 "," 1,092 ", 345 ," 53,838,550 "," 1,199 ", 364 
서울,영등포구,남,40~49세," 27,911,840 "," 1,043 ", 371 ," 34,206,690 "," 1,077 ", 362 ," 44,719,040 "," 1,297 ", 404 ," 53,706,160 "," 1,482 ", 415 ," 62,141,320 "," 1,323 ", 441 
서울,영등포구,남,50~59세," 34,662,550 "," 1,516 ", 531 ," 48,192,200 "," 1,715 ", 514 ," 46,305,950 "," 1,600 ", 526 ," 51,534,420 "," 1,684 ", 547 ," 54,251,080 "," 1,699 ", 559 
서울,영등포구,남,60~69세," 42,856,090 "," 1,688 ", 534 ," 53,273,130 "," 1,863 ", 540 ," 64,185,290 "," 1,986 ", 573 ," 60,401,640 "," 1,969 ", 629 ," 75,839,440 "," 2,211 ", 677 
서울,영등포구,남,70~79세," 34,050,040 "," 1,511 ", 409 ," 44,929,030 "," 1,776 ", 434 ," 46,167,150 "," 1,626 ", 443 ," 43,675,440 "," 1,608 ", 452 ," 52,308,490 "," 1,756 ", 475 
서울,영등포구,남,80~89세," 20,212,920 ", 865 , 220 ," 18,019,530 ", 830 , 222 ," 20,675,720 ", 816 , 203 ," 32,223,700 ", 942 , 216 ," 28,744,170 ", 987 , 244 
서울,영등포구,남,90~99세," 1,395,860 ", 82 , 21 ," 1,594,280 ", 109 , 22 ," 2,365,800 ", 121 , 28 ," 2,102,950 ", 77 , 22 ," 4,780,580 ", 103 , 23 
서울,영등포구,남,100세 이상, - , - , - , - , - , - , - , - , - , - , - , - , - , - , - 
서울,영등포구,여,0~9세, - , - , - , - , - , - , - , - , - , - , - , - , - , - , - 
서울,영등포구,여,10~19세," 1,371,350 ", 32 , 13 ," 3,073,230 ", 46 , 15 ," 1,748,800 ", 34 , 14 ," 4,116,370 ", 49 , 14 ," 3,906,350 ", 59 , 16 
서울,영등포구,여,20~29세," 28,849,720 ", 652 , 223 ," 33,158,810 ", 795 , 252 ," 38,531,420 ", 818 , 240 ," 53,222,800 ", 991 , 254 ," 80,233,740 "," 1,063 ", 273 
서울,영등포구,여,30~39세," 33,068,420 "," 1,193 ", 398 ," 43,035,580 "," 1,335 ", 400 ," 50,018,140 "," 1,320 ", 427 ," 67,094,880 "," 1,441 ", 426 ," 81,937,930 "," 1,518 ", 439 
서울,영등포구,여,40~49세," 30,846,770 "," 1,245 ", 438 ," 35,647,190 "," 1,293 ", 423 ," 42,369,430 "," 1,514 ", 463 ," 50,822,100 "," 1,535 ", 480 ," 64,562,400 "," 1,685 ", 513 
서울,영등포구,여,50~59세," 53,043,280 "," 2,104 ", 812 ," 54,777,110 "," 2,102 ", 738 ," 66,338,780 "," 2,218 ", 774 ," 70,214,210 "," 2,292 ", 799 ," 81,914,490 "," 2,245 ", 797 
서울,영등포구,여,60~69세," 55,576,880 "," 2,277 ", 791 ," 61,811,100 "," 2,247 ", 834 ," 80,295,040 "," 2,736 ", 973 ," 94,370,140 "," 2,973 "," 1,032 "," 117,704,730 "," 3,350 "," 1,056 "
서울,영등포구,여,70~79세," 56,358,160 "," 1,897 ", 564 ," 37,893,200 "," 1,691 ", 559 ," 53,710,320 "," 1,929 ", 619 ," 63,949,850 "," 2,023 ", 676 ," 73,175,870 "," 2,233 ", 683 
서울,영등포구,여,80~89세," 18,409,570 "," 1,137 ", 298 ," 16,767,160 "," 1,032 ", 283 ," 26,307,710 "," 1,054 ", 316 ," 29,481,860 "," 1,219 ", 371 ," 32,946,350 "," 1,409 ", 373 
서울,영등포구,여,90~99세," 1,325,650 ", 115 , 37 ," 1,261,070 ", 115 , 33 ," 4,396,630 ", 150 , 35 ," 1,911,820 ", 145 , 38 ," 2,537,450 ", 169 , 40 
서울,영등포구,여,100세 이상, - , - , - , - , - , - , - , - , - , - , - , - , - , - , - 
서울,용산구,남,0~9세, - , - , - , - , - , - , - , - , - , - , - , - , - , - , - 
서울,용산구,남,10~19세, - , - , - , - , - , - , - , - , - , - , - , - , - , - , - 
서울,용산구,남,20~29세," 19,277,000 ", 374 , 107 ," 51,132,580 ", 619 , 153 ," 29,742,520 ", 529 , 146 ," 23,093,230 ", 458 , 129 ," 20,390,040 ", 417 , 114 
서울,용산구,남,30~39세," 27,216,190 ", 889 , 199 ," 41,938,640 ", 851 , 196 ," 34,247,530 ", 783 , 227 ," 26,903,500 ", 705 , 192 ," 28,572,610 ", 702 , 212 
서울,용산구,남,40~49세," 21,201,370 ", 724 , 206 ," 30,146,980 ", 835 , 238 ," 30,184,760 ", 855 , 214 ," 33,310,510 ", 923 , 250 ," 34,712,600 ", 933 , 241 
서울,용산구,남,50~59세," 24,128,530 ", 821 , 246 ," 51,304,740 "," 1,106 ", 273 ," 34,049,280 ", 870 , 251 ," 36,367,220 ", 970 , 267 ," 40,063,750 ", 946 , 277 
서울,용산구,남,60~69세," 16,508,420 ", 711 , 237 ," 38,783,630 ", 860 , 233 ," 34,685,750 ", 890 , 253 ," 33,614,930 ", 911 , 291 ," 33,405,210 ", 959 , 291 
서울,용산구,남,70~79세," 17,025,450 ", 785 , 224 ," 29,787,640 ", 818 , 242 ," 25,511,230 ", 794 , 221 ," 22,760,920 ", 774 , 226 ," 18,632,860 ", 668 , 216 
서울,용산구,남,80~89세," 9,128,880 ", 419 , 125 ," 15,620,220 ", 480 , 130 ," 12,557,620 ", 493 , 138 ," 14,330,940 ", 504 , 147 ," 15,137,690 ", 521 , 155 
서울,용산구,남,90~99세," 722,570 ", 53 , 13 ," 1,434,070 ", 60 , 18 ," 1,873,990 ", 54 , 15 ," 1,284,970 ", 44 , 10 ," 1,095,200 ", 54 , 16 
서울,용산구,남,100세 이상, - , - , - , - , - , - , - , - , - , - , - , - , - , - , - 
서울,용산구,여,0~9세, - , - , - , - , - , - , - , - , - , - , - , - , - , - , - 
서울,용산구,여,10~19세," 1,776,550 ", 22 , 10 ," 4,458,470 ", 40 , 13 , - , - , - , - , - , - , - , - , - 
서울,용산구,여,20~29세," 47,078,980 ", 952 , 155 ," 49,173,190 ", 776 , 171 ," 35,072,800 ", 723 , 166 ," 37,309,200 ", 589 , 160 ," 28,329,470 ", 463 , 150 
서울,용산구,여,30~39세," 37,044,450 "," 1,009 ", 262 ," 50,931,940 "," 1,037 ", 259 ," 54,034,700 "," 1,032 ", 260 ," 41,678,080 ", 925 , 248 ," 41,726,200 ", 907 , 234 
서울,용산구,여,40~49세," 36,778,350 "," 1,221 ", 329 ," 60,347,690 "," 1,209 ", 323 ," 46,037,840 "," 1,136 ", 312 ," 43,989,850 "," 1,146 ", 320 ," 39,258,100 "," 1,024 ", 300 
서울,용산구,여,50~59세," 43,487,400 "," 1,420 ", 408 ," 82,081,950 "," 1,589 ", 434 ," 66,603,110 "," 1,538 ", 427 ," 56,706,490 "," 1,402 ", 431 ," 56,057,480 "," 1,445 ", 433 
서울,용산구,여,60~69세," 40,492,140 "," 1,151 ", 422 ," 74,631,920 "," 1,367 ", 436 ," 66,356,590 "," 1,513 ", 493 ," 63,130,520 "," 1,544 ", 483 ," 60,934,430 "," 1,564 ", 509 
서울,용산구,여,70~79세," 36,067,390 "," 1,060 ", 360 ," 63,698,030 "," 1,105 ", 359 ," 60,549,390 "," 1,161 ", 341 ," 51,033,300 "," 1,145 ", 365 ," 47,766,920 "," 1,176 ", 344 
서울,용산구,여,80~89세," 16,856,110 ", 854 , 219 ," 32,465,880 ", 920 , 219 ," 28,384,610 ", 734 , 216 ," 30,595,690 ", 669 , 206 ," 25,988,590 ", 789 , 221 
서울,용산구,여,90~99세," 1,514,230 ", 108 , 28 ," 3,072,310 ", 112 , 33 ," 4,967,860 ", 131 , 35 ," 4,242,170 ", 174 , 49 ," 3,180,410 ", 128 , 43 
서울,용산구,여,100세 이상, - , - , - , - , - , - , - , - , - , - , - , - , - , - , - 
서울,은평구,남,0~9세, - , - , - , - , - , - , - , - , - , - , - , - , - , - , - 
서울,은평구,남,10~19세," 5,283,790 ", 96 , 22 ," 6,087,930 ", 101 , 24 ," 10,504,080 ", 137 , 26 ," 11,294,610 ", 138 , 29 ," 12,085,640 ", 137 , 27 
서울,은평구,남,20~29세," 11,708,480 ", 377 , 108 ," 21,861,930 ", 533 , 144 ," 35,008,660 ", 806 , 172 ," 29,223,700 ", 684 , 160 ," 26,128,470 ", 613 , 132 
서울,은평구,남,30~39세," 17,546,960 ", 517 , 150 ," 21,695,180 ", 638 , 179 ," 25,557,700 ", 649 , 169 ," 32,085,800 ", 791 , 198 ," 32,085,420 ", 860 , 198 
서울,은평구,남,40~49세," 26,533,800 ", 945 , 220 ," 30,834,970 "," 1,063 ", 248 ," 32,822,310 "," 1,041 ", 259 ," 36,467,330 "," 1,045 ", 268 ," 49,350,930 "," 1,225 ", 295 
서울,은평구,남,50~59세," 27,030,140 "," 1,099 ", 330 ," 35,904,560 "," 1,404 ", 368 ," 47,058,590 "," 1,803 ", 408 ," 45,050,260 "," 1,662 ", 391 ," 49,477,020 "," 1,584 ", 401 
서울,은평구,남,60~69세," 41,809,530 "," 1,622 ", 468 ," 49,852,400 "," 1,875 ", 492 ," 61,520,370 "," 2,220 ", 568 ," 59,988,370 "," 2,039 ", 546 ," 84,475,930 "," 2,342 ", 587 
서울,은평구,남,70~79세," 55,157,770 "," 2,298 ", 595 ," 57,587,410 "," 2,261 ", 575 ," 72,289,440 "," 2,431 ", 565 ," 67,167,530 "," 2,315 ", 544 ," 78,734,940 "," 2,333 ", 578 
서울,은평구,남,80~89세," 23,774,220 "," 1,011 ", 263 ," 26,038,080 "," 1,209 ", 304 ," 40,635,320 "," 1,474 ", 342 ," 54,117,710 "," 1,737 ", 391 ," 59,773,520 "," 1,784 ", 448 
서울,은평구,남,90~99세," 811,800 ", 66 , 23 ," 1,819,400 ", 124 , 29 ," 1,776,000 ", 121 , 34 ," 2,642,320 ", 150 , 40 ," 2,522,170 ", 141 , 32 
서울,은평구,남,100세 이상, - , - , - , - , - , - , - , - , - , - , - , - , - , - , - 
서울,은평구,여,0~9세, - , - , - , - , - , - , - , - , - , - , - , - , - , - , - 
서울,은평구,여,10~19세," 3,773,570 ", 57 , 18 ," 4,506,710 ", 104 , 30 ," 7,935,710 ", 120 , 30 ," 20,527,790 ", 252 , 41 ," 13,651,800 ", 214 , 35 
서울,은평구,여,20~29세," 25,002,210 ", 764 , 205 ," 34,036,030 ", 884 , 243 ," 47,248,520 "," 1,190 ", 269 ," 44,728,730 "," 1,044 ", 237 ," 50,239,880 "," 1,000 ", 214 
서울,은평구,여,30~39세," 37,672,810 "," 1,432 ", 336 ," 43,452,600 "," 1,520 ", 342 ," 63,027,170 "," 1,848 ", 347 ," 63,268,540 "," 1,683 ", 333 ," 64,226,000 "," 1,530 ", 358 
서울,은평구,여,40~49세," 39,108,500 "," 1,600 ", 407 ," 55,268,080 "," 1,983 ", 503 ," 81,857,400 "," 2,605 ", 542 ," 88,762,770 "," 2,655 ", 569 ," 92,304,700 "," 2,581 ", 550 
서울,은평구,여,50~59세," 66,151,930 "," 2,619 ", 789 ," 77,278,670 "," 2,863 ", 808 ," 88,996,730 "," 3,124 ", 840 ," 92,515,790 "," 3,117 ", 840 ," 112,416,280 "," 3,286 ", 860 
서울,은평구,여,60~69세," 69,370,080 "," 2,620 ", 853 ," 83,437,320 "," 3,055 ", 903 ," 125,587,120 "," 3,953 "," 1,117 "," 143,661,170 "," 4,372 "," 1,148 "," 171,093,790 "," 4,495 "," 1,180 "
서울,은평구,여,70~79세," 60,754,720 "," 2,366 ", 694 ," 77,573,550 "," 2,880 ", 825 ," 107,457,210 "," 3,500 ", 933 ," 108,685,010 "," 3,574 ", 912 ," 169,262,010 "," 4,083 "," 1,045 "
서울,은평구,여,80~89세," 22,605,620 "," 1,077 ", 335 ," 26,467,810 "," 1,314 ", 381 ," 40,992,680 "," 1,548 ", 429 ," 50,090,870 "," 1,904 ", 484 ," 92,252,110 "," 2,327 ", 595 
서울,은평구,여,90~99세," 3,506,490 ", 159 , 41 ," 4,637,240 ", 244 , 55 ," 6,173,740 ", 242 , 63 ," 5,894,150 ", 209 , 56 ," 7,491,200 ", 260 , 63 
서울,은평구,여,100세 이상, - , - , - , - , - , - , - , - , - , - , - , - , - , - , - 
서울,종로구,남,0~9세, - , - , - , - , - , - , - , - , - , - , - , - , - , - , - 
서울,종로구,남,10~19세," 3,689,680 ", 42 , 22 ," 4,358,590 ", 53 , 17 ," 6,555,360 ", 63 , 15 ," 3,858,550 ", 39 , 12 ," 6,007,000 ", 51 , 11 
서울,종로구,남,20~29세," 23,296,990 ", 371 , 169 ," 34,734,400 ", 470 , 118 ," 34,832,160 ", 545 , 132 ," 28,635,370 ", 504 , 137 ," 49,580,730 ", 616 , 177 
서울,종로구,남,30~39세," 50,277,620 ", 834 , 234 ," 40,640,180 ", 629 , 185 ," 37,095,530 ", 702 , 188 ," 39,322,540 ", 706 , 207 ," 50,681,600 ", 837 , 245 
서울,종로구,남,40~49세," 45,008,110 ", 853 , 282 ," 40,240,100 ", 818 , 256 ," 48,101,190 "," 1,073 ", 264 ," 44,379,710 ", 976 , 272 ," 64,551,200 "," 1,088 ", 316 
서울,종로구,남,50~59세," 75,767,830 "," 1,215 ", 366 ," 68,417,620 "," 1,155 ", 343 ," 61,021,070 "," 1,152 ", 354 ," 79,831,300 "," 1,362 ", 396 ," 77,512,040 "," 1,365 ", 382 
서울,종로구,남,60~69세," 79,013,370 "," 1,529 ", 471 ," 81,005,950 "," 1,502 ", 427 ," 97,013,480 "," 1,587 ", 453 ," 104,101,240 "," 1,886 ", 534 ," 116,349,170 "," 2,167 ", 555 
서울,종로구,남,70~79세," 101,106,640 "," 2,089 ", 541 ," 99,501,330 "," 1,897 ", 498 ," 107,659,660 "," 1,939 ", 508 ," 94,480,850 "," 1,823 ", 501 ," 109,452,640 "," 2,072 ", 550 
서울,종로구,남,80~89세," 34,323,490 ", 910 , 250 ," 40,038,810 ", 970 , 226 ," 45,294,190 "," 1,050 ", 253 ," 50,758,650 "," 1,097 ", 286 ," 59,876,210 "," 1,223 ", 289 
서울,종로구,남,90~99세," 4,098,190 ", 115 , 27 ," 3,982,230 ", 128 , 28 ," 4,493,350 ", 121 , 35 ," 5,768,660 ", 144 , 40 ," 8,010,340 ", 165 , 38 
서울,종로구,남,100세 이상, - , - , - , - , - , - , - , - , - , - , - , - , - , - , - 
서울,종로구,여,0~9세, - , - , - , - , - , - , - , - , - , - , - , - , - , - , - 
서울,종로구,여,10~19세," 11,796,750 ", 78 , 45 , - , - , - ," 7,546,680 ", 71 , 24 ," 2,487,770 ", 35 , 19 ," 7,971,560 ", 95 , 22 
서울,종로구,여,20~29세," 49,077,940 ", 620 , 229 ," 40,336,800 ", 566 , 190 ," 55,758,300 ", 723 , 212 ," 47,890,950 ", 637 , 222 ," 49,516,220 ", 671 , 236 
서울,종로구,여,30~39세," 44,086,640 ", 895 , 290 ," 51,922,440 ", 904 , 269 ," 70,125,950 "," 1,176 ", 307 ," 77,773,920 "," 1,317 ", 304 ," 92,233,390 "," 1,323 ", 320 
서울,종로구,여,40~49세," 60,523,330 "," 1,220 ", 368 ," 58,426,850 "," 1,212 ", 325 ," 69,469,070 "," 1,375 ", 394 ," 65,601,430 "," 1,275 ", 386 ," 77,186,600 "," 1,431 ", 408 
서울,종로구,여,50~59세," 119,216,900 "," 2,151 ", 656 ," 114,433,130 "," 2,015 ", 568 ," 121,107,260 "," 2,158 ", 623 ," 111,351,100 "," 2,217 ", 662 ," 127,503,940 "," 2,354 ", 669 
서울,종로구,여,60~69세," 177,184,170 "," 2,743 ", 781 ," 179,538,240 "," 2,929 ", 797 ," 197,615,070 "," 3,147 ", 828 ," 208,474,430 "," 3,112 ", 919 ," 242,316,630 "," 3,456 ", 965 
서울,종로구,여,70~79세," 122,109,540 "," 2,294 ", 621 ," 126,403,950 "," 2,365 ", 629 ," 169,085,610 "," 2,755 ", 711 ," 209,792,770 "," 2,973 ", 753 ," 208,275,660 "," 3,139 ", 786 
서울,종로구,여,80~89세," 34,055,830 ", 864 , 235 ," 38,823,560 ", 956 , 252 ," 63,691,860 "," 1,259 ", 323 ," 59,861,920 "," 1,330 ", 366 ," 88,784,700 "," 1,595 ", 411 
서울,종로구,여,90~99세," 3,672,520 ", 135 , 32 ," 3,188,710 ", 119 , 28 ," 4,335,360 ", 137 , 36 ," 5,538,260 ", 142 , 39 ," 5,955,410 ", 145 , 40 
서울,종로구,여,100세 이상, - , - , - , - , - , - , - , - , - , - , - , - , - , - , - 
서울,중구,남,0~9세, - , - , - , - , - , - , - , - , - , - , - , - , - , - , - 
서울,중구,남,10~19세, - , - , - , - , - , - , - , - , - , - , - , - , - , - , - 
서울,중구,남,20~29세," 8,058,050 ", 235 , 101 ," 16,363,050 ", 316 , 107 ," 18,371,860 ", 320 , 108 ," 17,019,250 ", 308 , 114 ," 19,377,550 ", 324 , 114 
서울,중구,남,30~39세," 18,394,350 ", 749 , 216 ," 26,645,970 ", 786 , 200 ," 42,219,950 ", 903 , 212 ," 36,351,470 ", 891 , 257 ," 48,133,970 ", 987 , 267 
서울,중구,남,40~49세," 30,679,320 "," 1,001 ", 340 ," 39,470,110 ", 959 , 280 ," 40,425,690 "," 1,042 ", 279 ," 46,669,700 "," 1,130 ", 307 ," 45,953,240 "," 1,043 ", 331 
서울,중구,남,50~59세," 31,110,410 "," 1,165 ", 359 ," 38,080,730 "," 1,252 ", 352 ," 46,191,890 "," 1,244 ", 360 ," 50,501,680 "," 1,385 ", 365 ," 49,402,350 "," 1,267 ", 389 
서울,중구,남,60~69세," 34,729,600 "," 1,093 ", 297 ," 43,349,340 "," 1,173 ", 303 ," 43,313,500 "," 1,169 ", 340 ," 41,816,530 "," 1,124 ", 309 ," 47,090,360 "," 1,179 ", 331 
서울,중구,남,70~79세," 18,342,400 ", 707 , 211 ," 25,149,220 ", 772 , 237 ," 29,367,520 ", 919 , 248 ," 30,133,960 ", 921 , 243 ," 30,039,640 ", 900 , 252 
서울,중구,남,80~89세," 8,402,050 ", 377 , 93 ," 9,873,020 ", 412 , 110 ," 13,948,120 ", 465 , 120 ," 15,539,640 ", 513 , 128 ," 15,866,310 ", 495 , 119 
서울,중구,남,90~99세," 708,780 ", 54 , 15 ," 574,780 ", 29 , 14 ," 1,065,410 ", 56 , 17 ," 745,820 ", 34 , 16 ," 983,640 ", 49 , 18 
서울,중구,남,100세 이상, - , - , - , - , - , - , - , - , - , - , - , - , - , - , - 
서울,중구,여,0~9세, - , - , - , - , - , - , - , - , - , - , - , - , - , - , - 
서울,중구,여,10~19세, - , - , - , - , - , - ," 1,242,140 ", 38 , 11 ," 767,500 ", 17 , 14 ," 808,150 ", 16 , 10 
서울,중구,여,20~29세," 24,292,730 ", 590 , 166 ," 44,561,860 ", 860 , 188 ," 43,071,710 ", 893 , 199 ," 32,169,120 ", 647 , 194 ," 33,096,930 ", 579 , 191 
서울,중구,여,30~39세," 27,411,700 ", 957 , 313 ," 43,375,450 ", 980 , 287 ," 58,361,470 "," 1,217 ", 296 ," 46,574,020 "," 1,102 ", 293 ," 61,096,950 "," 1,185 ", 303 
서울,중구,여,40~49세," 34,779,860 "," 1,099 ", 334 ," 36,289,210 ", 996 , 292 ," 34,707,190 ", 936 , 277 ," 34,132,800 ", 961 , 301 ," 42,491,280 "," 1,013 ", 318 
서울,중구,여,50~59세," 31,288,000 "," 1,191 ", 436 ," 43,449,970 "," 1,341 ", 413 ," 54,096,770 "," 1,416 ", 427 ," 52,737,570 "," 1,461 ", 418 ," 57,478,170 "," 1,410 ", 430 
서울,중구,여,60~69세," 26,382,880 "," 1,030 ", 366 ," 31,607,540 "," 1,155 ", 386 ," 46,258,330 "," 1,284 ", 405 ," 58,699,850 "," 1,583 ", 453 ," 51,988,760 "," 1,545 ", 462 
서울,중구,여,70~79세," 24,718,810 ", 788 , 273 ," 25,068,410 ", 761 , 237 ," 29,977,860 ", 909 , 265 ," 32,536,600 ", 930 , 262 ," 31,000,750 ", 898 , 264 
서울,중구,여,80~89세," 13,125,210 ", 484 , 144 ," 13,797,420 ", 500 , 141 ," 16,156,440 ", 581 , 149 ," 14,172,090 ", 454 , 129 ," 16,962,670 ", 545 , 155 
서울,중구,여,90~99세," 710,580 ", 58 , 17 ," 852,600 ", 68 , 16 ," 1,180,320 ", 82 , 24 ," 1,916,600 ", 108 , 27 ," 1,918,160 ", 94 , 24 
서울,중구,여,100세 이상, - , - , - , - , - , - , - , - , - , - , - , - , - , - , - 
서울,송파구,남,0~9세, - , - , - , - , - , - , - , - , - , - , - , - , - , - , - 
서울,송파구,남,10~19세," 1,765,830 ", 47 , 19 ," 2,519,720 ", 69 , 28 ," 2,798,980 ", 44 , 24 ," 6,589,410 ", 76 , 36 ," 4,910,410 ", 70 , 26 
서울,송파구,남,20~29세," 24,700,640 ", 650 , 226 ," 32,141,800 ", 840 , 269 ," 51,176,160 "," 1,125 ", 269 ," 48,853,300 ", 996 , 298 ," 41,738,350 ", 852 , 248 
서울,송파구,남,30~39세," 42,198,810 "," 1,228 ", 398 ," 56,117,100 "," 1,469 ", 390 ," 61,473,150 "," 1,524 ", 419 ," 71,146,640 "," 1,734 ", 479 ," 71,926,670 "," 1,677 ", 457 
서울,송파구,남,40~49세," 48,118,330 "," 1,482 ", 500 ," 61,582,030 "," 1,621 ", 496 ," 68,651,350 "," 1,880 ", 534 ," 74,686,560 "," 1,965 ", 601 ," 65,952,630 "," 1,846 ", 575 
서울,송파구,남,50~59세," 54,648,700 "," 1,847 ", 638 ," 73,637,910 "," 2,292 ", 693 ," 90,663,120 "," 2,468 ", 700 ," 84,282,760 "," 2,290 ", 738 ," 87,540,600 "," 2,305 ", 768 
서울,송파구,남,60~69세," 65,334,800 "," 2,488 ", 764 ," 79,571,770 "," 2,570 ", 818 ," 94,506,140 "," 2,870 ", 879 ," 103,048,210 "," 2,927 ", 952 ," 105,998,640 "," 2,945 ", 964 
서울,송파구,남,70~79세," 48,238,550 "," 2,146 ", 669 ," 58,800,600 "," 2,404 ", 706 ," 73,113,530 "," 2,708 ", 757 ," 93,881,050 "," 2,969 ", 845 ," 95,263,890 "," 2,889 ", 862 
서울,송파구,남,80~89세," 24,026,650 "," 1,176 ", 297 ," 29,341,720 "," 1,200 ", 347 ," 38,574,610 "," 1,423 ", 377 ," 43,852,210 "," 1,587 ", 437 ," 46,405,470 "," 1,535 ", 434 
서울,송파구,남,90~99세," 4,899,780 ", 106 , 31 ," 3,431,770 ", 161 , 43 ," 3,660,070 ", 169 , 34 ," 5,530,970 ", 197 , 42 ," 4,602,660 ", 186 , 42 
서울,송파구,남,100세 이상, - , - , - , - , - , - , - , - , - , - , - , - , - , - , - 
서울,송파구,여,0~9세, - , - , - , - , - , - , - , - , - , - , - , - , - , - , - 
서울,송파구,여,10~19세," 3,108,500 ", 69 , 24 ," 4,189,520 ", 111 , 43 ," 4,311,040 ", 93 , 40 ," 5,050,040 ", 84 , 38 ," 1,618,990 ", 53 , 31 
서울,송파구,여,20~29세," 46,268,940 "," 1,340 ", 424 ," 71,185,310 "," 1,643 ", 489 ," 81,703,190 "," 1,937 ", 528 ," 72,202,750 "," 1,713 ", 498 ," 74,370,160 "," 1,567 ", 446 
서울,송파구,여,30~39세," 97,915,970 "," 3,453 ", 916 ," 115,485,750 "," 3,382 ", 837 ," 119,290,270 "," 3,213 ", 840 ," 134,782,080 "," 3,250 ", 842 ," 134,542,770 "," 3,131 ", 824 
서울,송파구,여,40~49세," 89,076,030 "," 3,338 ", 997 ," 107,565,060 "," 3,619 "," 1,031 "," 127,682,670 "," 4,037 "," 1,104 "," 150,258,520 "," 4,288 "," 1,147 "," 160,153,150 "," 4,146 "," 1,107 "
서울,송파구,여,50~59세," 98,295,490 "," 3,920 "," 1,484 "," 108,978,650 "," 3,929 "," 1,395 "," 121,586,770 "," 4,176 "," 1,477 "," 147,711,310 "," 4,689 "," 1,520 "," 153,785,170 "," 4,651 "," 1,533 "
서울,송파구,여,60~69세," 95,182,390 "," 3,698 "," 1,468 "," 142,529,300 "," 4,493 "," 1,607 "," 173,371,360 "," 5,214 "," 1,803 "," 197,215,160 "," 5,348 "," 1,879 "," 190,691,970 "," 5,479 "," 1,938 "
서울,송파구,여,70~79세," 76,828,070 "," 2,621 ", 880 ," 79,918,510 "," 2,798 ", 944 ," 98,687,300 "," 3,189 ", 999 ," 111,339,010 "," 3,396 "," 1,101 "," 120,898,680 "," 3,667 "," 1,159 "
서울,송파구,여,80~89세," 29,425,770 "," 1,639 ", 462 ," 39,716,010 "," 1,681 ", 489 ," 46,389,440 "," 1,764 ", 481 ," 56,928,580 "," 2,040 ", 577 ," 65,070,490 "," 2,029 ", 563 
서울,송파구,여,90~99세," 5,014,850 ", 340 , 85 ," 3,822,120 ", 280 , 74 ," 6,546,310 ", 318 , 81 ," 6,924,100 ", 327 , 105 ," 6,348,140 ", 292 , 96 
서울,송파구,여,100세 이상, - , - , - , - , - , - , - , - , - , - , - , - , - , - , - 
서울,중랑구,남,0~9세, - , - , - , - , - , - , - , - , - , - , - , - , - , - , - 
서울,중랑구,남,10~19세," 11,557,470 ", 214 , 59 ," 3,002,260 ", 63 , 29 ," 1,108,620 ", 26 , 13 ," 1,066,610 ", 17 , 10 , - , - , - 
서울,중랑구,남,20~29세," 21,105,740 ", 532 , 219 ," 15,693,480 ", 414 , 148 ," 18,167,740 ", 490 , 122 ," 14,483,900 ", 411 , 118 ," 18,468,460 ", 442 , 134 
서울,중랑구,남,30~39세," 26,969,550 ", 786 , 241 ," 26,971,060 ", 812 , 210 ," 23,367,280 ", 657 , 175 ," 22,189,550 ", 655 , 174 ," 21,440,200 ", 609 , 174 
서울,중랑구,남,40~49세," 27,734,290 "," 1,015 ", 289 ," 30,544,750 "," 1,168 ", 278 ," 30,477,260 "," 1,123 ", 262 ," 32,022,210 "," 1,100 ", 266 ," 42,972,960 "," 1,158 ", 275 
서울,중랑구,남,50~59세," 45,584,940 "," 1,705 ", 429 ," 46,069,990 "," 1,600 ", 385 ," 48,968,090 "," 1,585 ", 385 ," 49,017,880 "," 1,612 ", 418 ," 52,244,160 "," 1,571 ", 407 
서울,중랑구,남,60~69세," 44,756,740 "," 1,827 ", 481 ," 44,527,340 "," 1,904 ", 505 ," 67,052,290 "," 2,111 ", 529 ," 65,746,750 "," 2,042 ", 520 ," 71,232,850 "," 2,161 ", 560 
서울,중랑구,남,70~79세," 37,108,750 "," 1,778 ", 458 ," 42,194,550 "," 1,907 ", 506 ," 43,364,610 "," 1,889 ", 482 ," 50,108,840 "," 1,946 ", 522 ," 66,562,800 "," 2,205 ", 556 
서울,중랑구,남,80~89세," 18,888,810 ", 878 , 212 ," 23,128,070 "," 1,062 ", 252 ," 25,027,240 ", 999 , 236 ," 29,719,910 "," 1,183 ", 279 ," 38,989,530 "," 1,425 ", 315 
서울,중랑구,남,90~99세," 2,094,940 ", 76 , 15 ," 2,011,490 ", 120 , 18 ," 1,693,330 ", 84 , 21 ," 946,900 ", 46 , 19 ," 2,002,050 ", 61 , 23 
서울,중랑구,남,100세 이상, - , - , - , - , - , - , - , - , - , - , - , - , - , - , - 
서울,중랑구,여,0~9세, - , - , - , - , - , - , - , - , - , - , - , - , - , - , - 
서울,중랑구,여,10~19세," 3,715,310 ", 80 , 29 ," 1,416,230 ", 41 , 16 ," 2,353,750 ", 44 , 20 ," 1,659,830 ", 28 , 18 ," 1,729,850 ", 31 , 15 
서울,중랑구,여,20~29세," 31,991,250 ", 987 , 255 ," 27,352,880 ", 824 , 218 ," 23,275,440 ", 712 , 190 ," 22,347,720 ", 607 , 162 ," 32,069,190 ", 737 , 200 
서울,중랑구,여,30~39세," 46,489,980 "," 1,530 ", 393 ," 40,421,660 "," 1,329 ", 329 ," 34,106,020 "," 1,133 ", 283 ," 48,456,740 "," 1,251 ", 293 ," 48,177,920 "," 1,173 ", 288 
서울,중랑구,여,40~49세," 55,377,090 "," 2,013 ", 495 ," 51,011,750 "," 1,896 ", 440 ," 49,297,490 "," 1,796 ", 417 ," 50,695,820 "," 1,802 ", 412 ," 55,261,710 "," 1,697 ", 430 
서울,중랑구,여,50~59세," 68,421,390 "," 2,834 ", 850 ," 73,513,540 "," 2,840 ", 819 ," 81,435,590 "," 2,958 ", 820 ," 89,467,940 "," 3,084 ", 793 ," 106,297,080 "," 3,166 ", 817 
서울,중랑구,여,60~69세," 71,936,580 "," 2,739 ", 839 ," 79,285,250 "," 3,051 ", 907 ," 97,240,850 "," 3,338 ", 933 ," 111,327,700 "," 3,525 ", 991 ," 123,515,020 "," 3,636 "," 1,027 "
서울,중랑구,여,70~79세," 65,136,410 "," 2,339 ", 633 ," 63,529,510 "," 2,502 ", 688 ," 66,317,080 "," 2,494 ", 667 ," 72,646,130 "," 2,478 ", 676 ," 93,034,900 "," 2,688 ", 711 
서울,중랑구,여,80~89세," 20,973,570 "," 1,068 ", 254 ," 25,454,110 "," 1,261 ", 300 ," 26,657,090 "," 1,211 ", 297 ," 26,872,220 "," 1,085 ", 306 ," 29,158,410 "," 1,181 ", 335 
서울,중랑구,여,90~99세," 3,127,760 ", 128 , 35 ," 1,856,220 ", 154 , 38 ," 2,782,170 ", 205 , 38 ," 4,768,720 ", 201 , 48 ," 3,815,040 ", 214 , 46 
서울,중랑구,여,100세 이상, - , - , - , - , - , - , - , - , - , - , - , - , - , - , - 
서울,양천구,남,0~9세, - , - , - , - , - , - , - , - , - , - , - , - , - , - , - 
서울,양천구,남,10~19세," 643,260 ", 30 , 19 ," 3,683,280 ", 61 , 28 ," 1,586,670 ", 36 , 23 ," 4,512,590 ", 67 , 22 ," 4,574,480 ", 75 , 17 
서울,양천구,남,20~29세," 15,110,190 ", 369 , 123 ," 15,485,020 ", 389 , 136 ," 13,904,900 ", 430 , 171 ," 16,804,610 ", 470 , 151 ," 14,032,970 ", 371 , 118 
서울,양천구,남,30~39세," 20,776,870 ", 631 , 184 ," 21,969,200 ", 602 , 179 ," 28,032,040 ", 789 , 209 ," 25,345,830 ", 674 , 176 ," 28,722,250 ", 726 , 203 
서울,양천구,남,40~49세," 24,753,980 ", 964 , 275 ," 28,010,670 "," 1,010 ", 249 ," 27,055,730 "," 1,054 ", 258 ," 29,479,930 "," 1,016 ", 266 ," 34,537,580 "," 1,055 ", 259 
서울,양천구,남,50~59세," 37,925,340 "," 1,349 ", 409 ," 42,450,550 "," 1,538 ", 416 ," 39,411,250 "," 1,478 ", 426 ," 44,398,840 "," 1,469 ", 395 ," 54,459,230 "," 1,692 ", 445 
서울,양천구,남,60~69세," 47,972,710 "," 1,775 ", 486 ," 55,382,270 "," 1,978 ", 533 ," 71,613,260 "," 2,213 ", 548 ," 74,659,710 "," 2,194 ", 593 ," 82,393,700 "," 2,392 ", 580 
서울,양천구,남,70~79세," 44,000,940 "," 1,971 ", 443 ," 53,705,910 "," 2,316 ", 475 ," 60,702,900 "," 2,369 ", 510 ," 69,220,820 "," 2,168 ", 518 ," 65,611,280 "," 2,066 ", 504 
서울,양천구,남,80~89세," 17,152,730 ", 847 , 188 ," 20,169,030 ", 893 , 187 ," 24,896,740 "," 1,194 ", 224 ," 25,456,580 "," 1,093 ", 247 ," 35,260,120 "," 1,246 ", 256 
서울,양천구,남,90~99세," 1,632,170 ", 97 , 25 ," 3,052,040 ", 156 , 28 ," 2,528,280 ", 126 , 30 ," 1,720,490 ", 92 , 25 ," 2,004,880 ", 123 , 30 
서울,양천구,남,100세 이상, - , - , - , - , - , - , - , - , - , - , - , - , - , - , - 
서울,양천구,여,0~9세, - , - , - , - , - , - , - , - , - , - , - , - , - , - , - 
서울,양천구,여,10~19세," 3,913,290 ", 62 , 23 ," 4,023,330 ", 62 , 22 ," 2,363,690 ", 41 , 21 ," 3,926,330 ", 66 , 21 ," 3,635,140 ", 59 , 16 
서울,양천구,여,20~29세," 16,517,660 ", 467 , 160 ," 24,845,680 ", 637 , 182 ," 30,156,510 ", 735 , 198 ," 27,141,590 ", 586 , 158 ," 28,872,640 ", 642 , 182 
서울,양천구,여,30~39세," 35,881,050 "," 1,285 ", 305 ," 45,991,390 "," 1,264 ", 272 ," 49,642,450 "," 1,347 ", 328 ," 46,103,960 "," 1,208 ", 319 ," 60,388,620 "," 1,317 ", 313 
서울,양천구,여,40~49세," 60,803,400 "," 2,072 ", 540 ," 69,505,740 "," 2,244 ", 572 ," 87,956,340 "," 2,464 ", 554 ," 83,900,030 "," 2,393 ", 540 ," 86,756,750 "," 2,286 ", 536 
서울,양천구,여,50~59세," 75,787,950 "," 2,903 ", 931 ," 74,524,070 "," 2,898 ", 882 ," 84,190,810 "," 3,038 ", 877 ," 86,095,060 "," 2,924 ", 912 ," 105,267,000 "," 2,889 ", 872 
서울,양천구,여,60~69세," 83,797,290 "," 3,118 ", 943 ," 88,208,600 "," 3,371 ", 925 ," 120,313,780 "," 3,935 "," 1,097 "," 141,213,380 "," 4,236 "," 1,143 "," 149,113,830 "," 4,417 "," 1,173 "
서울,양천구,여,70~79세," 55,717,660 "," 2,288 ", 582 ," 61,296,500 "," 2,398 ", 613 ," 75,147,590 "," 2,687 ", 702 ," 92,441,430 "," 3,051 ", 774 ," 118,662,640 "," 3,443 ", 788 
서울,양천구,여,80~89세," 30,223,690 "," 1,497 ", 379 ," 34,922,310 "," 1,708 ", 367 ," 42,368,320 "," 1,852 ", 384 ," 43,308,330 "," 1,888 ", 380 ," 46,040,110 "," 1,784 ", 390 
서울,양천구,여,90~99세," 2,798,430 ", 167 , 54 ," 4,032,120 ", 260 , 67 ," 5,038,940 ", 281 , 71 ," 5,009,030 ", 276 , 65 ," 8,238,350 ", 330 , 73 
서울,양천구,여,100세 이상, - , - , - , - , - , - , - , - , - , - , - , - , - , - , - 
서울,서초구,남,0~9세, - , - , - , - , - , - , - , - , - , - , - , - , - , - , - 
서울,서초구,남,10~19세," 4,015,010 ", 63 , 17 ," 6,503,720 ", 86 , 29 ," 6,147,400 ", 90 , 32 ," 6,690,690 ", 98 , 32 ," 4,686,290 ", 56 , 27 
서울,서초구,남,20~29세," 34,390,280 ", 745 , 266 ," 38,188,480 ", 744 , 245 ," 39,052,010 ", 673 , 207 ," 58,351,610 ", 847 , 255 ," 55,644,120 ", 824 , 241 
서울,서초구,남,30~39세," 46,134,350 "," 1,243 ", 406 ," 47,074,620 "," 1,229 ", 387 ," 56,900,450 "," 1,285 ", 358 ," 88,790,380 "," 1,701 ", 455 ," 96,335,120 "," 1,771 ", 430 
서울,서초구,남,40~49세," 52,262,210 "," 1,439 ", 414 ," 71,093,480 "," 1,518 ", 427 ," 73,945,150 "," 1,547 ", 434 ," 83,667,020 "," 1,770 ", 508 ," 86,369,510 "," 1,899 ", 550 
서울,서초구,남,50~59세," 53,611,170 "," 1,547 ", 493 ," 56,844,240 "," 1,521 ", 464 ," 72,597,460 "," 1,690 ", 521 ," 103,424,290 "," 2,259 ", 592 ," 84,424,310 "," 2,054 ", 619 
서울,서초구,남,60~69세," 64,835,400 "," 1,870 ", 561 ," 64,546,330 "," 1,953 ", 516 ," 80,320,160 "," 2,159 ", 564 ," 86,521,520 "," 2,307 ", 652 ," 88,975,590 "," 2,401 ", 685 
서울,서초구,남,70~79세," 54,289,210 "," 1,781 ", 516 ," 59,157,870 "," 1,818 ", 499 ," 65,746,410 "," 1,926 ", 498 ," 62,860,400 "," 1,758 ", 543 ," 72,154,820 "," 1,916 ", 586 
서울,서초구,남,80~89세," 21,895,250 ", 808 , 216 ," 27,410,760 ", 861 , 228 ," 35,731,040 "," 1,043 ", 261 ," 41,835,160 "," 1,201 ", 313 ," 42,727,210 "," 1,388 ", 358 
서울,서초구,남,90~99세," 5,194,040 ", 136 , 24 ," 4,066,150 ", 107 , 28 ," 4,019,560 ", 108 , 35 ," 5,882,870 ", 144 , 30 ," 4,344,130 ", 146 , 41 
서울,서초구,남,100세 이상, - , - , - , - , - , - , - , - , - , - , - , - , - , - , - 
서울,서초구,여,0~9세, - , - , - , - , - , - , - , - , - , - , - , - , - , - , - 
서울,서초구,여,10~19세," 3,316,060 ", 71 , 41 ," 3,520,400 ", 64 , 32 ," 6,237,320 ", 82 , 31 ," 7,789,500 ", 125 , 35 ," 7,361,880 ", 118 , 35 
서울,서초구,여,20~29세," 97,238,320 "," 1,764 ", 514 ," 73,831,460 "," 1,426 ", 420 ," 86,977,400 "," 1,516 ", 410 ," 115,743,880 "," 1,787 ", 457 ," 113,934,300 "," 1,608 ", 437 
서울,서초구,여,30~39세," 130,133,640 "," 3,087 ", 782 ," 136,397,920 "," 2,960 ", 716 ," 159,807,410 "," 2,991 ", 757 ," 180,214,650 "," 3,272 ", 760 ," 176,213,840 "," 3,024 ", 718 
서울,서초구,여,40~49세," 70,818,750 "," 2,513 ", 745 ," 89,982,940 "," 2,651 ", 699 ," 116,091,760 "," 3,095 ", 741 ," 153,797,610 "," 3,708 ", 934 ," 138,339,440 "," 3,471 ", 944 
서울,서초구,여,50~59세," 96,647,750 "," 2,948 ", 990 ," 104,835,660 "," 3,081 ", 954 ," 115,848,490 "," 3,307 "," 1,008 "," 153,607,180 "," 3,913 "," 1,146 "," 156,979,040 "," 3,980 "," 1,132 "
서울,서초구,여,60~69세," 117,405,860 "," 3,596 "," 1,159 "," 134,011,770 "," 3,761 "," 1,147 "," 163,524,450 "," 4,124 "," 1,275 "," 189,078,820 "," 4,588 "," 1,390 "," 166,968,940 "," 4,433 "," 1,368 "
서울,서초구,여,70~79세," 86,496,260 "," 2,670 ", 805 ," 93,268,520 "," 2,653 ", 753 ," 104,827,990 "," 2,999 ", 870 ," 122,115,360 "," 3,226 ", 949 ," 128,663,800 "," 3,284 "," 1,001 "
서울,서초구,여,80~89세," 39,303,310 "," 1,287 ", 325 ," 41,469,680 "," 1,357 ", 349 ," 48,850,730 "," 1,360 ", 374 ," 56,400,380 "," 1,565 ", 413 ," 62,802,180 "," 1,729 ", 472 
서울,서초구,여,90~99세," 6,802,770 ", 274 , 45 ," 5,416,060 ", 238 , 51 ," 4,838,400 ", 197 , 53 ," 5,546,980 ", 240 , 64 ," 7,708,770 ", 264 , 73 
서울,서초구,여,100세 이상, - , - , - , - , - , - , - , - , - , - , - , - , - , - , - 
서울,노원구,남,0~9세, - , - , - , - , - , - , - , - , - , - , - , - , - , - , - 
서울,노원구,남,10~19세," 713,320 ", 29 , 17 ," 1,598,110 ", 39 , 23 ," 1,012,990 ", 22 , 15 ," 2,524,920 ", 54 , 28 ," 3,228,160 ", 62 , 20 
서울,노원구,남,20~29세," 10,518,510 ", 365 , 128 ," 12,219,570 ", 412 , 140 ," 12,616,570 ", 459 , 140 ," 15,355,030 ", 563 , 217 ," 14,411,690 ", 460 , 156 
서울,노원구,남,30~39세," 17,810,920 ", 704 , 182 ," 17,948,440 ", 681 , 164 ," 15,656,530 ", 613 , 155 ," 19,870,340 ", 735 , 202 ," 18,165,970 ", 683 , 195 
서울,노원구,남,40~49세," 16,322,810 ", 657 , 220 ," 19,193,370 ", 807 , 224 ," 21,520,160 ", 925 , 261 ," 25,458,960 ", 958 , 268 ," 22,532,940 ", 911 , 257 
서울,노원구,남,50~59세," 32,479,270 "," 1,240 ", 353 ," 35,373,910 "," 1,248 ", 346 ," 37,364,170 "," 1,315 ", 379 ," 36,112,260 "," 1,462 ", 423 ," 35,654,700 "," 1,481 ", 404 
서울,노원구,남,60~69세," 46,798,660 "," 1,848 ", 515 ," 51,332,020 "," 1,998 ", 510 ," 60,286,970 "," 2,170 ", 560 ," 61,706,350 "," 2,312 ", 581 ," 69,632,670 "," 2,428 ", 652 
서울,노원구,남,70~79세," 45,390,100 "," 2,064 ", 506 ," 54,643,370 "," 2,221 ", 473 ," 59,329,100 "," 2,372 ", 559 ," 58,038,350 "," 2,305 ", 549 ," 63,442,520 "," 2,313 ", 563 
서울,노원구,남,80~89세," 23,340,420 "," 1,025 ", 235 ," 25,884,660 "," 1,094 ", 275 ," 31,700,150 "," 1,200 ", 285 ," 33,024,500 "," 1,284 ", 299 ," 34,236,100 "," 1,388 ", 339 
서울,노원구,남,90~99세," 2,800,830 ", 131 , 23 ," 2,945,940 ", 141 , 32 ," 3,868,070 ", 145 , 37 ," 3,995,520 ", 182 , 42 ," 2,519,660 ", 139 , 44 
서울,노원구,남,100세 이상, - , - , - , - , - , - , - , - , - , - , - , - , - , - , - 
서울,노원구,여,0~9세, - , - , - , - , - , - , - , - , - , - , - , - , - , - , - 
서울,노원구,여,10~19세," 1,750,300 ", 48 , 28 ," 1,038,650 ", 29 , 19 ," 1,540,610 ", 35 , 18 ," 3,720,600 ", 94 , 44 ," 2,675,960 ", 43 , 20 
서울,노원구,여,20~29세," 13,603,000 ", 465 , 162 ," 18,477,950 ", 627 , 181 ," 25,570,860 ", 845 , 229 ," 23,411,920 ", 858 , 340 ," 19,681,550 ", 658 , 211 
서울,노원구,여,30~39세," 22,502,100 ", 925 , 264 ," 27,241,420 "," 1,014 ", 243 ," 24,540,530 ", 959 , 262 ," 25,596,010 ", 999 , 323 ," 20,022,370 ", 821 , 247 
서울,노원구,여,40~49세," 45,351,470 "," 2,023 ", 509 ," 46,832,530 "," 1,987 ", 531 ," 56,689,330 "," 2,139 ", 526 ," 57,387,810 "," 2,247 ", 554 ," 62,325,250 "," 2,205 ", 516 
서울,노원구,여,50~59세," 78,313,420 "," 3,000 ", 868 ," 84,628,300 "," 3,090 ", 841 ," 84,596,320 "," 3,126 ", 889 ," 94,058,310 "," 3,465 ", 911 ," 95,061,340 "," 3,497 ", 924 
서울,노원구,여,60~69세," 73,976,590 "," 2,654 ", 821 ," 91,648,140 "," 3,242 ", 920 ," 103,322,400 "," 3,703 "," 1,045 "," 111,810,170 "," 3,942 "," 1,125 "," 114,112,900 "," 4,102 "," 1,190 "
서울,노원구,여,70~79세," 65,113,760 "," 2,627 ", 657 ," 78,818,630 "," 2,835 ", 775 ," 86,461,640 "," 3,120 ", 786 ," 86,959,990 "," 3,246 ", 814 ," 97,497,600 "," 3,466 ", 855 
서울,노원구,여,80~89세," 39,187,780 "," 1,646 ", 410 ," 38,825,920 "," 1,587 ", 424 ," 45,158,040 "," 1,819 ", 448 ," 45,383,270 "," 2,044 ", 511 ," 55,467,450 "," 2,181 ", 535 
서울,노원구,여,90~99세," 3,911,580 ", 164 , 49 ," 5,234,670 ", 240 , 68 ," 5,093,570 ", 227 , 66 ," 5,557,980 ", 227 , 61 ," 5,669,540 ", 254 , 62 
서울,노원구,여,100세 이상, - , - , - , - , - , - , - , - , - , - , - , - , - , - , - 
서울,광진구,남,0~9세, - , - , - , - , - , - , - , - , - , - , - , - , - , - , - 
서울,광진구,남,10~19세," 2,141,540 ", 32 , 17 ," 2,555,770 ", 27 , 12 ," 3,478,380 ", 48 , 25 ," 6,200,950 ", 60 , 19 ," 2,731,280 ", 32 , 11 
서울,광진구,남,20~29세," 10,792,320 ", 425 , 159 ," 40,463,060 ", 642 , 175 ," 47,496,150 ", 729 , 191 ," 61,887,290 ", 846 , 212 ," 67,029,230 ", 815 , 203 
서울,광진구,남,30~39세," 21,964,960 ", 714 , 215 ," 49,599,270 ", 836 , 218 ," 45,531,350 ", 898 , 249 ," 55,069,050 ", 995 , 249 ," 70,675,890 "," 1,149 ", 287 
서울,광진구,남,40~49세," 23,367,100 ", 854 , 248 ," 35,445,320 ", 992 , 236 ," 37,281,550 "," 1,005 ", 249 ," 41,355,520 "," 1,059 ", 247 ," 46,987,160 "," 1,017 ", 252 
서울,광진구,남,50~59세," 29,963,340 ", 943 , 322 ," 44,175,990 ", 986 , 342 ," 47,644,240 ", 998 , 301 ," 54,315,190 "," 1,074 ", 326 ," 61,436,960 "," 1,102 ", 354 
서울,광진구,남,60~69세," 35,822,150 "," 1,070 ", 355 ," 60,428,820 "," 1,430 ", 395 ," 72,435,770 "," 1,596 ", 448 ," 76,889,890 "," 1,600 ", 425 ," 79,610,420 "," 1,627 ", 445 
서울,광진구,남,70~79세," 26,197,910 "," 1,021 ", 328 ," 42,102,210 "," 1,281 ", 379 ," 44,567,640 "," 1,166 ", 331 ," 53,473,410 "," 1,286 ", 383 ," 58,100,620 "," 1,341 ", 402 
서울,광진구,남,80~89세," 14,970,410 ", 635 , 171 ," 23,013,830 ", 741 , 204 ," 20,644,290 ", 711 , 184 ," 23,632,890 ", 799 , 203 ," 27,483,150 ", 870 , 239 
서울,광진구,남,90~99세," 1,005,480 ", 64 , 17 ," 1,449,290 ", 77 , 26 ," 3,612,260 ", 108 , 19 ," 3,723,790 ", 125 , 25 ," 3,070,200 ", 110 , 22 
서울,광진구,남,100세 이상, - , - , - , - , - , - , - , - , - , - , - , - , - , - , - 
서울,광진구,여,0~9세, - , - , - , - , - , - , - , - , - , - , - , - , - , - , - 
서울,광진구,여,10~19세," 2,731,080 ", 48 , 17 ," 3,521,340 ", 62 , 18 ," 4,217,020 ", 59 , 15 ," 8,745,300 ", 118 , 25 ," 2,972,280 ", 55 , 20 
서울,광진구,여,20~29세," 16,266,620 ", 596 , 216 ," 45,380,060 ", 889 , 241 ," 53,938,950 "," 1,019 ", 269 ," 95,640,710 "," 1,421 ", 308 ," 95,930,670 "," 1,403 ", 329 
서울,광진구,여,30~39세," 31,422,010 "," 1,252 ", 377 ," 48,904,100 "," 1,340 ", 357 ," 65,387,340 "," 1,431 ", 333 ," 80,505,380 "," 1,572 ", 356 ," 86,987,830 "," 1,558 ", 350 
서울,광진구,여,40~49세," 35,198,580 "," 1,444 ", 429 ," 75,445,440 "," 1,714 ", 440 ," 83,698,380 "," 1,983 ", 447 ," 107,559,110 "," 2,109 ", 474 ," 113,206,350 "," 2,124 ", 467 
서울,광진구,여,50~59세," 50,647,690 "," 2,012 ", 667 ," 97,788,070 "," 2,410 ", 723 ," 123,447,770 "," 2,534 ", 734 ," 131,598,120 "," 2,574 ", 730 ," 121,488,330 "," 2,395 ", 697 
서울,광진구,여,60~69세," 52,600,240 "," 1,825 ", 649 ," 117,427,210 "," 2,392 ", 778 ," 137,914,780 "," 2,968 ", 849 ," 161,080,890 "," 3,246 ", 912 ," 147,098,700 "," 3,110 ", 860 
서울,광진구,여,70~79세," 38,060,280 "," 1,404 ", 461 ," 89,298,160 "," 1,967 ", 581 ," 123,349,750 "," 2,387 ", 607 ," 137,741,300 "," 2,573 ", 633 ," 148,840,910 "," 2,428 ", 627 
서울,광진구,여,80~89세," 17,159,130 ", 835 , 248 ," 34,303,140 "," 1,022 ", 311 ," 50,545,010 "," 1,246 ", 315 ," 64,325,860 "," 1,393 ", 353 ," 68,370,160 "," 1,465 ", 352 
서울,광진구,여,90~99세," 988,380 ", 70 , 26 ," 3,720,120 ", 155 , 40 ," 6,929,240 ", 165 , 45 ," 8,188,500 ", 214 , 44 ," 7,088,530 ", 267 , 59 
서울,광진구,여,100세 이상, - , - , - , - , - , - , - , - , - , - , - , - , - , - , - 
서울,강북구,남,0~9세, - , - , - , - , - , - , - , - , - , - , - , - , - , - , - 
서울,강북구,남,10~19세, - , - , - ," 1,693,950 ", 43 , 10 , - , - , - ," 839,390 ", 25 , 11 ," 1,060,440 ", 19 , 12 
서울,강북구,남,20~29세," 12,568,670 ", 349 , 116 ," 10,226,370 ", 388 , 116 ," 12,767,210 ", 407 , 109 ," 11,208,050 ", 351 , 97 ," 8,266,730 ", 271 , 84 
서울,강북구,남,30~39세," 13,744,740 ", 609 , 137 ," 14,733,410 ", 557 , 133 ," 16,053,800 ", 563 , 142 ," 11,969,610 ", 414 , 113 ," 13,675,410 ", 405 , 125 
서울,강북구,남,40~49세," 18,578,770 ", 786 , 190 ," 21,365,010 ", 836 , 191 ," 25,237,040 ", 801 , 196 ," 24,367,960 ", 736 , 179 ," 24,949,930 ", 750 , 179 
서울,강북구,남,50~59세," 21,431,550 ", 903 , 243 ," 21,006,900 ", 848 , 244 ," 23,383,600 ", 916 , 238 ," 22,912,310 ", 829 , 240 ," 28,328,650 ", 950 , 255 
서울,강북구,남,60~69세," 31,881,150 "," 1,413 ", 351 ," 30,366,960 "," 1,359 ", 343 ," 43,649,880 "," 1,692 ", 376 ," 49,939,670 "," 1,797 ", 380 ," 45,448,470 "," 1,582 ", 368 
서울,강북구,남,70~79세," 35,289,940 "," 1,654 ", 382 ," 41,354,320 "," 1,798 ", 408 ," 52,750,810 "," 2,082 ", 406 ," 52,862,250 "," 2,041 ", 431 ," 51,533,280 "," 1,915 ", 404 
서울,강북구,남,80~89세," 13,834,810 ", 755 , 172 ," 17,845,610 ", 842 , 200 ," 24,635,260 "," 1,101 ", 226 ," 33,551,250 "," 1,278 ", 250 ," 41,275,580 "," 1,471 ", 293 
서울,강북구,남,90~99세," 425,170 ", 55 , 13 ," 995,720 ", 75 , 18 ," 1,289,930 ", 87 , 14 ," 2,415,610 ", 128 , 19 ," 3,639,390 ", 174 , 23 
서울,강북구,남,100세 이상, - , - , - , - , - , - , - , - , - , - , - , - , - , - , - 
서울,강북구,여,0~9세, - , - , - , - , - , - , - , - , - , - , - , - , - , - , - 
서울,강북구,여,10~19세," 2,343,650 ", 63 , 14 ," 1,970,130 ", 42 , 15 ," 672,150 ", 19 , 11 ," 1,488,380 ", 26 , 10 ," 1,956,890 ", 41 , 14 
서울,강북구,여,20~29세," 19,938,070 ", 627 , 178 ," 21,898,890 ", 646 , 179 ," 28,473,290 ", 719 , 178 ," 28,024,940 ", 650 , 156 ," 21,850,900 ", 544 , 145 
서울,강북구,여,30~39세," 29,906,190 "," 1,261 ", 288 ," 30,769,680 "," 1,259 ", 275 ," 32,291,050 "," 1,263 ", 271 ," 30,670,340 "," 1,013 ", 248 ," 36,424,440 "," 1,026 ", 222 
서울,강북구,여,40~49세," 52,024,870 "," 2,002 ", 393 ," 50,051,190 "," 1,886 ", 417 ," 59,207,860 "," 1,950 ", 386 ," 67,281,660 "," 2,101 ", 392 ," 73,262,260 "," 2,173 ", 412 
서울,강북구,여,50~59세," 65,375,020 "," 2,655 ", 588 ," 74,155,500 "," 2,789 ", 636 ," 82,282,680 "," 2,881 ", 604 ," 77,799,330 "," 2,699 ", 589 ," 84,043,800 "," 2,751 ", 596 
서울,강북구,여,60~69세," 68,634,120 "," 2,936 ", 673 ," 80,576,950 "," 3,101 ", 724 ," 117,562,580 "," 4,001 ", 772 ," 108,523,790 "," 3,641 ", 795 ," 112,771,350 "," 3,745 ", 794 
서울,강북구,여,70~79세," 52,915,250 "," 2,371 ", 559 ," 58,527,170 "," 2,504 ", 618 ," 82,087,980 "," 3,162 ", 642 ," 93,414,480 "," 3,420 ", 715 ," 98,226,950 "," 3,527 ", 721 
서울,강북구,여,80~89세," 21,244,590 "," 1,115 ", 255 ," 22,176,680 "," 1,109 ", 270 ," 33,984,520 "," 1,475 ", 320 ," 43,199,060 "," 1,756 ", 345 ," 51,406,080 "," 1,934 ", 375 
서울,강북구,여,90~99세," 1,069,600 ", 80 , 27 ," 2,169,390 ", 128 , 38 ," 2,166,130 ", 119 , 27 ," 5,386,710 ", 180 , 34 ," 3,431,880 ", 175 , 43 
서울,강북구,여,100세 이상, - , - , - , - , - , - , - , - , - , - , - , - , - , - , - 
서울,금천구,남,0~9세, - , - , - , - , - , - , - , - , - , - , - , - , - , - , - 
서울,금천구,남,10~19세, - , - , - , - , - , - , - , - , - , - , - , - , - , - , - 
서울,금천구,남,20~29세," 10,342,970 ", 251 , 74 ," 13,343,760 ", 240 , 70 ," 10,688,990 ", 202 , 70 ," 8,790,060 ", 168 , 66 ," 15,318,040 ", 299 , 77 
서울,금천구,남,30~39세," 17,211,050 ", 473 , 118 ," 25,104,480 ", 585 , 153 ," 27,515,610 ", 595 , 137 ," 26,522,400 ", 520 , 147 ," 25,227,150 ", 477 , 142 
서울,금천구,남,40~49세," 13,954,820 ", 481 , 156 ," 19,411,610 ", 589 , 159 ," 20,121,460 ", 642 , 169 ," 25,499,020 ", 624 , 174 ," 24,868,880 ", 601 , 174 
서울,금천구,남,50~59세," 18,964,610 ", 725 , 231 ," 24,210,840 ", 794 , 250 ," 17,096,060 ", 620 , 209 ," 19,767,300 ", 623 , 217 ," 28,603,490 ", 710 , 231 
서울,금천구,남,60~69세," 19,752,470 ", 808 , 266 ," 20,555,840 ", 784 , 284 ," 25,433,760 ", 884 , 281 ," 27,124,300 ", 910 , 297 ," 26,995,990 ", 810 , 298 
서울,금천구,남,70~79세," 14,718,240 ", 782 , 221 ," 19,905,540 ", 827 , 262 ," 19,125,490 ", 787 , 223 ," 18,405,420 ", 752 , 221 ," 19,542,020 ", 703 , 215 
서울,금천구,남,80~89세," 4,685,340 ", 284 , 80 ," 6,434,590 ", 336 , 102 ," 4,370,600 ", 237 , 90 ," 5,969,780 ", 316 , 92 ," 9,516,070 ", 359 , 114 
서울,금천구,남,90~99세, - , - , - ," 400,520 ", 34 , 10 ," 648,230 ", 36 , 11 , - , - , - , - , - , - 
서울,금천구,남,100세 이상, - , - , - , - , - , - , - , - , - , - , - , - , - , - , - 
서울,금천구,여,0~9세, - , - , - , - , - , - , - , - , - , - , - , - , - , - , - 
서울,금천구,여,10~19세, - , - , - , - , - , - , - , - , - , - , - , - , - , - , - 
서울,금천구,여,20~29세," 13,425,360 ", 433 , 110 ," 23,953,620 ", 541 , 128 ," 23,187,280 ", 491 , 122 ," 23,460,150 ", 437 , 114 ," 22,344,350 ", 353 , 107 
서울,금천구,여,30~39세," 15,272,100 ", 589 , 172 ," 29,842,890 ", 871 , 210 ," 29,861,510 ", 701 , 158 ," 26,108,350 ", 709 , 166 ," 28,077,670 ", 617 , 169 
서울,금천구,여,40~49세," 18,497,700 ", 723 , 213 ," 18,840,910 ", 727 , 226 ," 23,204,050 ", 714 , 204 ," 17,712,690 ", 589 , 177 ," 22,779,390 ", 599 , 165 
서울,금천구,여,50~59세," 22,295,090 ", 973 , 374 ," 24,051,860 "," 1,001 ", 384 ," 24,600,850 ", 945 , 349 ," 27,248,050 "," 1,050 ", 374 ," 30,896,750 "," 1,021 ", 381 
서울,금천구,여,60~69세," 28,150,290 "," 1,195 ", 421 ," 33,640,080 "," 1,207 ", 416 ," 32,638,320 "," 1,211 ", 421 ," 35,000,610 "," 1,218 ", 445 ," 35,811,060 "," 1,230 ", 483 
서울,금천구,여,70~79세," 11,999,660 ", 611 , 239 ," 17,308,140 ", 823 , 287 ," 19,199,330 ", 830 , 276 ," 23,393,780 ", 948 , 299 ," 22,985,830 ", 831 , 301 
서울,금천구,여,80~89세," 7,878,050 ", 410 , 103 ," 6,540,070 ", 362 , 117 ," 5,873,590 ", 322 , 114 ," 7,391,670 ", 356 , 125 ," 8,260,390 ", 399 , 140 
서울,금천구,여,90~99세," 759,090 ", 64 , 18 ," 20,094,210 ", 365 , 23 ," 690,460 ", 63 , 19 ," 899,350 ", 79 , 27 ," 410,580 ", 39 , 15 
서울,금천구,여,100세 이상, - , - , - , - , - , - , - , - , - , - , - , - , - , - , - 